Country Name,Country Code,BBsubs_1960,BBsubs_1961,BBsubs_1962,BBsubs_1963,BBsubs_1964,BBsubs_1965,BBsubs_1966,BBsubs_1967,BBsubs_1968,BBsubs_1969,BBsubs_1970,BBsubs_1971,BBsubs_1972,BBsubs_1973,BBsubs_1974,BBsubs_1975,BBsubs_1976,BBsubs_1977,BBsubs_1978,BBsubs_1979,BBsubs_1980,BBsubs_1981,BBsubs_1982,BBsubs_1983,BBsubs_1984,BBsubs_1985,BBsubs_1986,BBsubs_1987,BBsubs_1988,BBsubs_1989,BBsubs_1990,BBsubs_1991,BBsubs_1992,BBsubs_1993,BBsubs_1994,BBsubs_1995,BBsubs_1996,BBsubs_1997,BBsubs_1998,BBsubs_1999,BBsubs_2000,BBsubs_2001,BBsubs_2002,BBsubs_2003,BBsubs_2004,BBsubs_2005,BBsubs_2006,BBsubs_2007,BBsubs_2008,BBsubs_2009,BBsubs_2010,BBsubs_2011,BBsubs_2012,BBsubs_2013,BBsubs_2014,BBsubs_2015
Aruba,ABW,,,,,,,,,,,,,,,,,,,,,,,,,,,,,,,,,,,,,,,,,,,,1.44204504458,7.05171051832,12.2701962392,13.8381434097,15.8033570772,18.1520366277,18.5371433079,18.9149285904,,,18.6568977077,18.5631000377,18.2887504933
Afghanistan,AFG,,,,,,,,,,,,,,,,,,,,,,,,,,,,,,,,,,,,,,,,,,,,,0.000832685157329,0.000884925317331,0.00195074128559,0.00189758772197,0.00184964618303,0.00360904161647,0.00528209708551,,0.00502941604858,0.00490971460353,0.0047953170085,0.32625579299
Angola,AGO,,,,,,,,,,,,,,,,,,,,,,,,,,,,,,,,,,,,,,,,,,,,,,,0.043556955099,0.0660538376038,0.0870460638138,0.0792533279793,0.0767297808331,0.0783776806212,0.0985181689703,0.103774200901,0.306045088415,0.672968878164
Albania,ALB,,,,,,,,,,,,,,,,,,,,,,,,,,,,,,,,,,,,,,,,,,,,,,0.00851029213455,,0.315833823402,2.0274928024,2.91953661876,3.35029235181,4.06514762913,5.06273870736,5.75292813,6.52759940391,7.59685465757
Andorra,AND,,,,,,,,,,,,,,,,,,,,,,,,,,,,,,,,,,,,,,,,,,,1.60247909658,4.76051981016,7.94586390083,12.7316154291,17.8511669944,22.7894503764,25.8500168815,29.1651305,31.4503189701,33.086752713,34.3351199592,35.0097200131,35.8938530061,37.9172328598
Arab World,ARB,,,,,,,,,,,,,,,,,,,,,,,,,,,,,,,,,,,,,,,,,,,,,0.148902797846,0.313039605562,0.49973446638,0.885851778082,1.29425752071,1.99805538663,2.07884222721,2.727606806,3.12304295275,3.50322000466,4.01525736908,4.71993211529
United Arab Emirates,ARE,,,,,,,,,,,,,,,,,,,,,,,,,,,,,,,,,,,,,,,,0.0126829524531,0.0651940025483,0.26736021537,0.515885853741,0.900110232117,1.53460640486,3.11698353509,4.93514798778,6.55127250447,8.20130805669,8.94526385862,9.32079075173,9.71382268605,10.3739322727,11.1482946576,11.5583999532,12.8895322272
Argentina,ARG,,,,,,,,,,,,,,,,,,,,,,,,,,,,,,,,,,,,,,,,,,0.252190834092,0.393328876492,0.681712399689,1.41711381613,2.39786146988,4.06195626383,6.61050164122,7.85042465003,8.77238030393,9.97725182285,11.2255454613,12.530951755,15.0822344682,15.5717018764,16.2634349106
Armenia,ARM,,,,,,,,,,,,,,,,,,,,,,,,,,,,,,,,,,,,,,,,,,0.000196080994523,0.00026255315881,0.000329377292466,0.0330507275787,0.0660051338063,,0.130439930405,0.463444353092,1.3438655811,3.15795938311,5.41722332429,7.14204159469,8.1657184823,9.14497032497,9.57759359779
American Samoa,ASM,,,,,,,,,,,,,,,,,,,,,,,,,,,,,,,,,,,,,,,,,,,,,,,,,,,,,,,,
Antigua and Barbuda,ATG,,,,,,,,,,,,,,,,,,,,,,,,,,,,,,,,,,,,,,,,,,,,,2.03382363739,7.02597953128,1.84623863323,2.68492955911,5.84189621437,18.5561993048,8.16090241078,6.80642526545,14.6740167735,17.3884536312,11.8301926229,13.0687634772
Australia,AUS,,,,,,,,,,,,,,,,,,,,,,,,,,,,,,,,,,,,,,,,,,0.630155388211,1.30918036737,2.59007099691,5.0053216164,9.82420903422,18.6910665281,,24.5552167824,23.6918188533,24.593286845,24.4145520581,24.8801857454,25.622732869,27.6595567302,28.5414503747
Austria,AUT,,,,,,,,,,,,,,,,,,,,,,,,,,,,,,,,,,,,,,,,0.63562684733,2.37523412577,3.98288576597,5.57354083218,7.38118684081,10.6186174633,14.2499870124,17.300133025,19.5152165148,20.7261239907,22.4389494573,24.4039341465,24.8752207132,25.1679239995,26.2797162379,27.6669165954,28.6932528263
Azerbaijan,AZE,,,,,,,,,,,,,,,,,,,,,,,,,,,,,,,,,,,,,,,,,,,0.0120776330931,,,0.0255038945988,0.0456433613549,0.166474309023,0.675853087111,1.11280925804,5.22605538731,10.5827350857,14.7126440239,18.1886816906,19.9484239802,19.7601060277
Burundi,BDI,,,,,,,,,,,,,,,,,,,,,,,,,,,,,,,,,,,,,,,,,,,,,,,,,0.00185522733492,0.00179237829219,0.00381251399231,0.00520944593088,0.0071272154142,0.0150946634166,0.0162171155055,0.0336551209286
Belgium,BEL,,,,,,,,,,,,,,,,,,,,,,,,,,,,,,,,,,,,,,,0.106858174044,0.224555670231,1.40445717825,4.4657901954,7.88684055441,11.9685471855,15.5152530266,19.1336952136,23.1549611527,25.5629253934,27.6860530614,29.0290368436,30.829487351,32.1965792987,33.3813497985,34.4808525859,35.992909456,36.8496606268
Benin,BEN,,,,,,,,,,,,,,,,,,,,,,,,,,,,,,,,,,,,,,,,,,,0.00028321948809,0.000273948263696,0.00102236634643,0.00239539634155,0.0177410986288,0.00815389968866,0.0938785794691,0.206270399381,0.284275228559,0.383801500952,0.415503315092,0.41146032818,0.428500940138,0.67338380717
Burkina Faso,BFA,,,,,,,,,,,,,,,,,,,,,,,,,,,,,,,,,,,,,,,,,,,0.000406623109741,0.00114542234724,0.00118150185457,0.00286098965357,0.0124075250518,0.0472916370304,0.0700289761431,0.0791455854127,0.0881901514799,0.08791950492,0.0870466419455,0.0765404383236,0.0308904645711,0.0402464466881
Bangladesh,BGD,,,,,,,,,,,,,,,,,,,,,,,,,,,,,,,,,,,,,,,,,,,,,,,,0.0298449237687,0.0337906407724,0.211834403434,0.274321056725,0.306484724164,0.388157064923,0.974057517891,1.95137268924,3.05024742997
Bulgaria,BGR,,,,,,,,,,,,,,,,,,,,,,,,,,,,,,,,,,,,,,,,,,,,,0.085879470468,2.15362897852,5.04630025612,8.31765532336,11.2410560158,13.4032849252,15.2212256443,17.1386211766,18.2986661823,19.6810635222,20.6597295368,22.6995992065
Bahrain,BHR,,,,,,,,,,,,,,,,,,,,,,,,,,,,,,,,,,,,,,,,,,0.168300777532,0.679825429566,1.26117467859,1.82277987337,2.43674491265,4.06203894838,6.61140133268,8.38842405008,11.7086389955,12.3779776958,22.5502102472,22.4147023851,22.5238351533,21.3949591961,18.6097051906
"Bahamas, The",BHS,,,,,,,,,,,,,,,,,,,,,,,,,,,,,,,,,,,,,,,,,,1.36598405967,2.4398215112,3.46646642841,3.97115384615,4.06638953715,4.94335889781,5.99329335855,7.32043405868,8.9110614626,6.85218780687,4.23005424056,,,20.1708963826,20.905227468
Bosnia and Herzegovina,BIH,,,,,,,,,,,,,,,,,,,,,,,,,,,,,,,,,,,,,,,,,0.000704158499297,0.00175286961511,0.0054649309225,0.0385032107827,0.170760818304,0.353159985443,1.03221624311,2.18915310579,4.88086478792,7.58056555094,10.1640461901,11.2063275755,12.2432781522,13.4777389225,14.1814645992,16.6240715201
Belarus,BLR,,,,,,,,,,,,,,,,,,,,,,,,,,,,,,,,,,,,,,,,,,,0.000202986623385,0.0012571402757,0.00771605652721,0.0161825792258,0.118696194186,1.77151258042,5.00198779778,11.4666665267,17.5599906017,22.2008592025,26.9198924796,29.7738363979,28.8403498686,31.3563901765
Belize,BLZ,,,,,,,,,,,,,,,,,,,,,,,,,,,,,,,,,,,,,,,,,,,,0.363853127202,1.06663145186,1.84686672551,2.59691381257,2.61359348139,2.74132668356,2.77061684429,2.88889969053,3.06627039332,3.07751650929,2.98282615246,2.91383867341,4.99974108021
Bermuda,BMU,,,,,,,,,,,,,,,,,,,,,,,,,,,,,,,,,,,,,,,,,,,,,,28.8242356206,36.7486827176,,52.5074613017,61.716965994,61.7388492864,,,61.3703493978,53.0560180871,45.7470493153
Bolivia,BOL,,,,,,,,,,,,,,,,,,,,,,,,,,,,,,,,,,,,,,,,,,,0.0376554133897,0.0636590395226,0.0949430809536,0.138678819405,0.184808973464,0.35113062055,0.806520333639,0.96197432587,0.944686120878,0.712309475231,1.11189816206,1.44405502661,1.59281297798,1.64135007395
Brazil,BRA,,,,,,,,,,,,,,,,,,,,,,,,,,,,,,,,,,,,,,,0.000590066767648,0.00406961691336,0.0573049817776,0.187039248095,0.40748349742,0.53162933239,1.71591823485,1.73727208196,2.53383174675,4.00503848019,5.22352065426,6.06229733093,7.22344084622,9.05529177947,9.62449871705,10.6610250426,11.6757365245,12.248155614
Barbados,BRB,,,,,,,,,,,,,,,,,,,,,,,,,,,,,,,,,,,,,,,,,,,,10.086618127,10.8851784501,11.6760732249,14.113042561,17.0600520492,17.7269354618,20.5389848247,20.0395155423,22.226086216,23.6154804905,23.8185241916,27.172051205,27.2257045659
Brunei Darussalam,BRN,,,,,,,,,,,,,,,,,,,,,,,,,,,,,,,,,,,,,,,,,,0.559104018118,0.795884609722,1.08525685072,1.73560201443,2.20926280875,2.39233300507,3.04556417785,4.35315978424,5.07834685598,5.41704425455,5.70339866966,4.81493700241,6.59599218735,7.14996278399,8.03310783849
Bhutan,BTN,,,,,,,,,,,,,,,,,,,,,,,,,,,,,,,,,,,,,,,,,,,,,,,,,0.297619477606,0.479460415419,1.21000531426,1.81415874609,2.2601109161,2.71650394524,3.26287437039,3.58987766288
Botswana,BWA,,,,,,,,,,,,,,,,,,,,,,,,,,,,,,,,,,,,,,,,,,,,,,0.0852967126114,0.0949395129814,0.184838347378,0.460253015045,0.512369890071,0.608223766224,0.962651148814,1.10963067204,1.06820691648,1.63299383347,1.79174953924
Central African Republic,CAF,,,,,,,,,,,,,,,,,,,,,,,,,,,,,,,,,,,,,,,,,,,,,,,,,,,,0.0182588002345,0.0133695482352,,,
Canada,CAN,,,,,,,,,,,,,,,,,,,,,,,,,,,,,,,,,,,,,,,0.464490343611,1.91348773448,4.59625522336,9.15228774276,11.2358667022,14.2854289479,16.9705659696,21.715747439,24.6665356679,27.5128096006,29.4945552426,30.4865240379,31.6973185443,32.7150623703,33.5550874968,34.3771325005,35.3781697776,36.3243210453
Central Europe and the Baltics,CEB,,,,,,,,,,,,,,,,,,,,,,,,,,,,,,,,,,,,,,,,,,0.0933644845381,0.421023318586,0.955213846418,2.02576381016,3.56888371595,7.73493276964,11.3918918959,13.3396646318,15.753668603,16.9818275555,19.0303197125,19.6855574262,20.7412164331,21.462508084,22.1022402703
Switzerland,CHE,,,,,,,,,,,,,,,,,,,,,,,,,,,,,,,,,,,,,,,,,0.787319269714,1.9442330091,6.2862571085,10.7540884109,16.7115636161,22.5307777115,27.4009387922,31.4696448457,33.4022774152,35.4033467101,37.207130446,38.8914746311,40.1676970225,42.5620831726,42.4729611655,45.1076091719
Channel Islands,CHI,,,,,,,,,,,,,,,,,,,,,,,,,,,,,,,,,,,,,,,,,,,,,,,,,,,,,,,,
Chile,CHL,,,,,,,,,,,,,,,,,,,,,,,,,,,,,,,,,,,,,,,,,0.0496945789297,0.426637042132,1.19127493233,2.20206008406,2.96187445499,4.33697445101,6.12950505104,7.8128168327,8.47936782106,9.73812612007,10.4330945101,11.6200128619,12.4039683446,13.0261466308,14.0085245653,15.1720017483
China,CHN,,,,,,,,,,,,,,,,,,,,,,,,,,,,,,,,,,,,,,,,,0.00176971994384,0.0261109165194,0.254646331111,0.861139212799,1.90318652378,2.83345898731,3.83464440537,4.97727905536,6.17241286561,7.69496304472,9.29070493824,11.4354276179,12.7214773327,13.6340619491,14.3840812916,19.766598669
Cote d'Ivoire,CIV,,,,,,,,,,,,,,,,,,,,,,,,,,,,,,,,,,,,,,,,,,,,0.00244237055185,0.00481792079886,0.00712314836949,0.0566173927385,0.0557132208755,0.0547643806335,0.0537595620789,,,0.232699504782,0.277026785573,0.609749473847,0.515170401109
Cameroon,CMR,,,,,,,,,,,,,,,,,,,,,,,,,,,,,,,,,,,,,,,,,,,,,,0.00111370031119,0.00226198917394,0.00335119309805,0.00438886888948,0.00447673329787,0.0288687983903,0.0506374658068,0.0638075366351,0.0759415437047,0.0712049696932,0.0683961517076
"Congo, Dem. Rep.",COD,,,,,,,,,,,,,,,,,,,,,,,,,,,,,,,,,,,,,,,,,,,,,,,,,,,0.0,,,0.00066653161255,0.000720875359526,0.00140358057616
"Congo, Rep.",COG,,,,,,,,,,,,,,,,,,,,,,,,,,,,,,,,,,,,,,,,,,,,,,,,,,0.00312879679491,0.00608018795077,0.0310269494261,0.0320955414174,0.00984793705954,0.0109682941714,
Colombia,COL,,,,,,,,,,,,,,,,,,,,,,,,,,,,,,,,,,,,,,,,,0.0222367125116,0.0340987697618,0.0846461147996,0.153887852305,0.298895143987,0.737965005857,1.43261262137,2.71265994118,3.92462637674,4.61716976918,5.690697589,7.11178400669,8.25637628977,9.39049888967,10.2771821274,11.1560657299
Comoros,COM,,,,,,,,,,,,,,,,,,,,,,,,,,,,,,,,,,,,,,,,,,,,,0.000170826578566,0.000665853215988,,0.012959591362,0.0169415562514,0.00990846678487,0.0481641269483,0.0571252299291,0.171845971376,0.176890723714,0.210382782369,0.259720696363
Cabo Verde,CPV,,,,,,,,,,,,,,,,,,,,,,,,,,,,,,,,,,,,,,,,,,,,,0.0597579696649,0.195758496274,0.376395401917,0.792412029447,1.52274523317,2.25894250526,3.295932535,4.34853513156,4.01556631156,4.24977500366,3.78764864377,3.25939624052
Costa Rica,CRI,,,,,,,,,,,,,,,,,,,,,,,,,,,,,,,,,,,,,,,,,,,0.219573798683,0.356688631059,0.657767072601,1.03964464032,1.89703204991,2.12850525606,2.42545796544,3.96951030811,8.48584005131,8.86049712095,9.33541020895,9.95210343818,10.4472376616,11.1694184547
Caribbean small states,CSS,,,,,,,,,,,,,,,,,,,,,,,,,,,,,,,,,,,,,,,,,,,0.422203393004,0.999854703664,1.56276792972,2.07408288324,3.13014209731,3.61720773605,4.87356095958,6.30527766853,6.82512592868,7.13974066615,8.25595456558,8.99180693001,10.5668982546,12.425037209
Cuba,CUB,,,,,,,,,,,,,,,,,,,,,,,,,,,,,,,,,,,,,,,,,,,,,,,,0.0172186881342,0.0198825196269,0.0255385280985,0.0328494611837,0.039206981379,0.0444771459957,0.0475783464909,0.0692182160886,0.0725145111253
Curacao,CUW,,,,,,,,,,,,,,,,,,,,,,,,,,,,,,,,,,,,,,,,,,,,,,,,,,,,20.9869128779,22.912816418,23.3056185437,23.8902345584,24.3215799298
Cayman Islands,CYM,,,,,,,,,,,,,,,,,,,,,,,,,,,,,,,,,,,,,,,,,,,,,,,,,33.1304807983,33.707968678,33.9620602065,33.2432289182,33.5678304673,34.7993497048,39.6261776922,45.6634482299
Cyprus,CYP,,,,,,,,,,,,,,,,,,,,,,,,,,,,,,,,,,,,,,,,,,0.260015538529,0.59997326195,1.0051676014,1.6804158217,3.08506991185,6.01766264688,9.18196398252,13.6735218724,16.1408019601,17.6187046123,19.0010326794,19.5377477648,20.0842822166,21.1273847456,22.3783909092
Czech Republic,CZE,,,,,,,,,,,,,,,,,,,,,,,,,,,,,,,,,,,,,,,,,0.0243892968839,0.0605975603618,0.149793373259,0.339969850584,2.31190429494,6.93074939376,10.8273496614,14.478154018,16.89986281,19.4166100697,21.4254601301,23.6461337379,24.9246462329,26.6876791747,27.8834963244,27.3416497635
Germany,DEU,,,,,,,,,,,,,,,,,,,,,,,,,,,,,,,,,,,,,,,,,0.317317922587,2.51245877459,3.82983076091,5.33486226269,8.34835600119,12.866552353,17.8852949444,23.632071073,27.2370614479,30.0117425755,31.5138136577,32.8823031704,33.7640810936,34.622421323,35.7798073896,37.1931730242
Djibouti,DJI,,,,,,,,,,,,,,,,,,,,,,,,,,,,,,,,,,,,,,,,,0.000553336828578,0.000681447722057,0.000805981457053,,,0.00540829400516,0.0193005089239,0.136723885362,0.302555240094,0.643049649273,0.966145346244,1.33491447429,1.734073788,2.02822212956,2.2680475182,2.68602068786
Dominica,DMA,,,,,,,,,,,,,,,,,,,,,,,,,,,,,,,,,,,,,,,,,0.114812210279,0.251220212461,3.20602813512,3.78400753661,4.62566654817,4.81982365116,6.0828971566,7.06264566707,9.87542852306,10.2822694236,11.6781654418,11.6342908363,11.8575972323,14.8146605003,14.9085580791,20.8571821684
Denmark,DNK,,,,,,,,,,,,,,,,,,,,,,,,,,,,,,,,,,,,,,,,,1.25508520249,4.44470672779,8.40561565165,13.3442061301,18.8493668124,24.8049353858,31.8937981662,34.8152399493,36.4927774292,36.6139148911,38.0547937753,38.4422581497,38.9360208369,40.4406865446,41.5247623127,42.5082965027
Dominican Republic,DOM,,,,,,,,,,,,,,,,,,,,,,,,,,,,,,,,,,,,,,,,,,,,0.165356346233,0.40464240188,0.649380811746,1.08531575589,1.80709026455,2.45244325883,3.19288282943,3.89850168672,4.17753048554,4.7060702151,5.06264032786,5.69853377648,6.44102801927
Algeria,DZA,,,,,,,,,,,,,,,,,,,,,,,,,,,,,,,,,,,,,,,,,,,,0.0545397658826,0.107586828922,0.397515931776,0.492650609232,0.81784382804,1.35757839588,2.24828411671,2.42830955659,2.59712678259,3.00077140553,3.26462371615,4.00634657358,5.58492379582
East Asia & Pacific (excluding high income),EAP,,,,,,,,,,,,,,,,,,,,,,,,,,,,,,,,,,,,,,,,,0.00179002186634,0.021991365524,0.197155856569,0.637577063197,1.41053846601,2.0664248776,2.82338638572,3.73577841152,4.68194018573,5.90960368532,7.37095063843,8.66383695664,9.92240266054,10.636574791,11.2133111282,14.7934745572
Early-demographic dividend,EAR,,,,,,,,,,,,,,,,,,,,,,,,,,,,,,,,,,,,,,,,,,0.0197334983887,0.0538935823217,0.106515364412,0.208685632044,0.367133534203,0.566094230054,0.819588466604,1.15307809416,1.49389116125,1.77221336718,2.05766877265,2.39428628444,2.61377484542,2.86200249049,3.18551561607
East Asia & Pacific,EAS,,,,,,,,,,,,,,,,,,,,,,,,,,,,,,,,,,,,,,,,,0.324029970466,0.746577542937,1.38408185926,2.1139405012,3.13360800483,3.94663572731,4.95656192084,5.78788571286,6.93734952718,8.19022418753,9.70759802104,10.8690660861,12.1149725163,12.8301217504,13.4359052342,16.5903148986
Europe & Central Asia (excluding high income),ECA,,,,,,,,,,,,,,,,,,,,,,,,,,,,,,,,,,,,,,,,,,,0.0186470285582,0.238313390686,0.44666486731,1.05193249976,2.16147928888,3.67907883379,5.64370901885,7.27474426334,8.93096656348,10.095510267,11.6192958329,13.0630554067,13.729775388,15.1021989051
Europe & Central Asia,ECS,,,,,,,,,,,,,,,,,,,,,,,,,,,,,,,,,,,,,,,,,,,1.88423140883,3.18259311582,5.48338426173,7.67126167935,10.6689544256,13.3438357592,15.5098474822,17.3284611912,18.9602534374,20.3031062309,21.5120194441,22.8018249339,23.6895612899,24.9384776533
Ecuador,ECU,,,,,,,,,,,,,,,,,,,,,,,,,,,,,,,,,,,,,,,,,,0.0205228611607,0.0498770495043,0.0520790740467,0.0858889928377,0.194423643065,0.328020752019,0.700849576866,1.07492887807,1.63476598395,1.47536122752,4.32180383132,5.4459696788,6.7255128042,8.25667316813,9.74047884925
"Egypt, Arab Rep.",EGY,,,,,,,,,,,,,,,,,,,,,,,,,,,,,,,,,,,,,,,,,,,0.0745751491657,0.0789976137536,0.112219230226,0.196438508362,0.35419006632,0.643182972739,1.01963757129,1.4034368964,1.85925698654,2.32421172054,2.8353813986,3.26149297011,3.67909578524,4.51730032133
Euro area,EMU,,,,,,,,,,,,,,,,,,,,,,,,,,,,,,,,,,,,,,,,,0.447929938407,1.68234095198,3.23003594511,5.40024330658,9.101894979,13.1198571307,17.3435147178,21.2915315695,23.9020374255,26.0400099043,27.7214371571,28.9569905897,29.9190738072,30.956652983,32.0962032631,33.3249984717
Eritrea,ERI,,,,,,,,,,,,,,,,,,,,,,,,,,,,,,,,,,,,,,,,,,,,,,,,,0.000817515188596,0.00125947099699,0.0020553341233,0.0023765972925,0.00301749068085,0.00230533535129,0.00305989312405,
Spain,ESP,,,,,,,,,,,,,,,,,,,,,,,,,,,,,,,,,,,,,,,,,0.189554715473,1.14484314533,3.01715700039,5.05030671272,7.9639124997,11.6051988918,15.3027844573,18.0363781023,20.1929183851,21.4200730795,23.0660500518,24.0095044694,24.6490346253,26.1087873937,27.6311093421,28.6931634181
Estonia,EST,,,,,,,,,,,,,,,,,,,,,,,,,,,,,,,,,,,,,,,,,,1.28812154961,3.45038933748,6.74155793447,10.4117489834,13.5233851931,18.7126628165,20.1767826382,22.5305028876,24.0701016528,26.7904627761,26.956086452,27.0772355897,28.0402190404,28.8999362036,30.0047569689
Ethiopia,ETH,,,,,,,,,,,,,,,,,,,,,,,,,,,,,,,,,,,,,,,,,,,,7.91780309135e-05,4.72550570236e-05,8.00869245098e-05,0.000333373146517,0.00128790512386,0.00181067350882,0.00412315080576,0.00471552528776,0.007106815436,0.00930459729196,0.252991591268,0.488347717875,0.483110819699
European Union,EUU,,,,,,,,,,,,,,,,,,,,,,,,,,,,,,,,,,,,,,,,,0.436367437371,1.37838556143,2.78460751387,4.78633037804,8.08992855492,12.0651982708,16.3593925992,20.2102389944,22.671450087,24.6489078595,26.2500145224,27.7420430022,28.6966034159,29.8490467756,30.8903293087,32.0236612943
Fragile and conflict affected situations,FCS,,,,,,,,,,,,,,,,,,,,,,,,,,,,,,,,,,,,,,,,,,,,,,,,0.0787011649836,0.0971700376477,0.16695803293,0.182583659434,,,0.483498527309,0.741672921888,0.806092314795
Finland,FIN,,,,,,,,,,,,,,,,,,,,,,,,,,,,,,,,,,,,,,,,,0.676134873066,2.58271929503,5.25935342836,9.42029416408,15.3012237154,22.3811978115,27.1269863778,30.5540486382,30.4232727131,29.2968073853,29.0515869667,29.8009828758,30.4633513458,31.7010248008,32.3046012517,31.6796603738
Fiji,FJI,,,,,,,,,,,,,,,,,,,,,,,,,,,,,,,,,,,,,,,,,,,,,,0.851080385758,1.02649566457,1.37659924921,1.54422996477,1.50502241111,2.70173224613,2.67881523779,1.54514131024,1.24020361721,1.400972011,1.42641591438
France,FRA,,,,,,,,,,,,,,,,,,,,,,,,,,,,,,,,,,,,,,,0.0229621736051,0.0933870570395,0.332022834949,1.00921609765,2.75614022662,5.89710915542,10.7553477653,15.4137917094,20.552915965,25.3171161693,28.5040046448,31.5670710099,33.7445955588,35.7789310302,37.5059189517,38.7921970133,40.1740194528,41.3447268138
Faroe Islands,FRO,,,,,,,,,,,,,,,,,,,,,,,,,,,,,,,,,,,,,,,,,,0.114564548637,0.238738455739,0.815599900638,6.42450084047,11.9372622414,26.5673695714,29.1863421722,29.9953629967,32.0201612903,32.6314515641,32.4049968719,32.9737809558,33.7585154339,34.9818034776,36.0978664943
"Micronesia, Fed. Sts.",FSM,,,,,,,,,,,,,,,,,,,,,,,,,,,,,,,,,,,,,,,,,,,,0.00561713600959,0.0243959652827,0.0433153166726,0.0898889162235,0.110374225715,,,0.963143824974,,,1.99229350356,2.97585247779,3.13708596592
Gabon,GAB,,,,,,,,,,,,,,,,,,,,,,,,,,,,,,,,,,,,,,,,,,,,0.012919700263,0.0482509047045,0.110912563929,0.124778205501,0.137005419418,0.148363650096,0.243358972587,0.262301908083,0.282302635954,0.306265206067,0.532388672444,0.631101377087,0.632823568309
United Kingdom,GBR,,,,,,,,,,,,,,,,,,,,,,,,,,,,,,,,,,,,,,,,,0.0897179041111,0.559207325981,2.28241088625,5.21576054349,10.2092140456,16.4180143461,21.4661915237,25.596043717,28.2228987122,28.9740552298,30.8565075923,32.9808038112,34.5406053841,36.4921855925,37.3761006472,38.6134509169
Georgia,GEO,,,,,,,,,,,,,,,,,,,,,,,,,,,,,,,,,,,,,,,,,,0.00918354053252,0.0199055051054,0.0308876046071,0.0420793394873,0.0534041694579,0.607283078484,1.05590119648,2.54121131277,3.40824427023,4.15688201037,5.6810964957,10.6247427288,11.9083967707,13.8988656074,14.7419236434
Ghana,GHA,,,,,,,,,,,,,,,,,,,,,,,,,,,,,,,,,,,,,,,,,,,,,0.00431954786429,0.00890383919143,0.0580878821497,0.0719046665849,0.0994368748712,0.119878270435,0.214669301086,0.262478432322,0.26859086616,0.265570614143,0.265371483393,0.271016569321
Gibraltar,GIB,,,,,,,,,,,,,,,,,,,,,,,,,,,,,,,,,,,,,,,,,,,,,,,,,,31.7661530051,35.6647181486,38.5619574875,40.9090909091,,44.3156638827,53.0660216666
Guinea,GIN,,,,,,,,,,,,,,,,,,,,,,,,,,,,,,,,,,,,,,,,,,,,,,,,,,,0.00459726446214,0.00537560710763,0.00611285749628,0.00681129950314,0.00747266375056,0.00809863095883
"Gambia, The",GMB,,,,,,,,,,,,,,,,,,,,,,,,,,,,,,,,,,,,,,,,,,,,,0.00258632952424,0.00494240015482,,0.0175885278337,0.0190115996106,0.0184237612477,0.0208253998477,0.0251878134788,0.0279138578347,0.0236848295422,0.143691257097,0.181363101314
Guinea-Bissau,GNB,,,,,,,,,,,,,,,,,,,,,,,,,,,,,,,,,,,,,,,,,,,,,,,,,,,0.0504215239401,0.0615677109371,0.0723148817174,0.0851985178274,0.0799061517999,0.0587875665695
Equatorial Guinea,GNQ,,,,,,,,,,,,,,,,,,,,,,,,,,,,,,,,,,,,,,,,,,,,,,0.0298187022901,0.028961396068,0.0281417971352,0.0273545837924,0.0265937407199,0.1703614219,0.187989877038,0.201006117105,0.464720599619,0.498804078343,0.475248069735
Greece,GRC,,,,,,,,,,,,,,,,,,,,,,,,,,,,,,,,,,,,,,,,,,,,0.0949624573775,0.466276319398,1.45008323943,4.41691365421,9.19387065049,13.5973241332,17.2698167956,20.2759064155,22.1636874429,24.1754181866,26.1789505562,28.3604998524,30.9103507126
Grenada,GRD,,,,,,,,,,,,,,,,,,,,,,,,,,,,,,,,,,,,,,,,,,,0.551425577136,,0.593249232867,3.12964419967,5.36897152818,7.33689880872,8.61524843167,11.861432845,13.7919504762,13.9653958163,15.1683209617,16.9976486586,17.6956435848,18.5174424054
Greenland,GRL,,,,,,,,,,,,,,,,,,,,,,,,,,,,,,,,,,,,,,,,,,,,0.209758161179,5.83674689264,12.5155830246,16.1897233202,18.5631061126,21.1962946625,22.1676183068,21.9113641991,20.9991876523,20.0397978411,18.9516907365,18.1932684907,17.4596246181
Guatemala,GTM,,,,,,,,,,,,,,,,,,,,,,,,,,,,,,,,,,,,,,,,,,,,,,0.213787942016,0.300106791848,0.427994408441,0.6923935694,1.11516286954,1.80593820372,,1.8584176936,2.28097601253,2.73481602506,2.82894088462
Guam,GUM,,,,,,,,,,,,,,,,,,,,,,,,,,,,,,,,,,,,,,,,,,1.11880422205,,,,,,1.70528828846,1.70551449687,1.89130064746,1.88158554942,,,1.81681645309,1.79055304215,
Guyana,GUY,,,,,,,,,,,,,,,,,,,,,,,,,,,,,,,,,,,,,,,,,,,,,,0.262869430125,,0.306591191409,0.655375068161,0.873562041085,1.42381755596,2.59710045241,3.76944537693,4.61473237679,5.62726070299,6.64763109963
High income,HIC,,,,,,,,,,,,,,,,,,,,,,,,,,,,,,,,,,,,,,,,,1.67295332225,3.44794012591,5.72396216458,8.19742696419,11.3720135503,15.1045594267,18.5552609172,21.6725052074,23.5760707232,25.0056400412,26.3165650853,27.5084212069,28.4536094162,29.4151206988,30.1719888373,30.9718740783
"Hong Kong SAR, China",HKG,,,,,,,,,,,,,,,,,,,,,,,,,,,,,,,,,,,,,,,0.166876096167,1.28429809048,6.50227400373,10.3940341971,15.0315845638,18.358675887,22.0073361606,24.0564526209,25.9922661634,27.3828839923,27.7772993912,29.3049024323,30.749836088,32.3968953656,31.5456558466,31.028232736,31.4243862136,32.1024776316
Honduras,HND,,,,,,,,,,,,,,,,,,,,,,,,,,,,,,,,,,,,,,,,,,,,,,,,,,,0.0131212863479,0.736690734812,0.772154600782,0.8519839243,1.91086788861,2.34307864144
Heavily indebted poor countries (HIPC),HPC,,,,,,,,,,,,,,,,,,,,,,,,,,,,,,,,,,,,,,,,,,,,,,,0.0270130850096,0.0474705156164,0.0678715802822,0.0828419377177,0.0832605578354,0.135616770273,0.158387834804,0.193387623614,0.251538926636,0.296204823511
Croatia,HRV,,,,,,,,,,,,,,,,,,,,,,,,,,,,,,,,,,,,,,,,,,,,0.0770735621814,0.595494335303,2.6476141738,5.75069525632,8.85832335661,12.1094894964,16.4911619267,19.3143565035,20.6492080386,21.3404212543,22.2560291898,23.0448235084,23.1757537645
Haiti,HTI,,,,,,,,,,,,,,,,,,,,,,,,,,,,,,,,,,,,,,,,,,,,,,,,,,,,,,,0.0,0.0127125065696
Hungary,HUN,,,,,,,,,,,,,,,,,,,,,,,,,,,,,,,,,,,,,,,,,0.0332547185267,0.307803058611,1.09610072821,2.60604089253,4.06321605966,6.45494575852,11.900247861,14.45723028,17.6245647795,19.7059523705,21.5626573635,23.1396505902,24.0175237152,26.0891450788,25.9789797278,27.4309895397
IBRD only,IBD,,,,,,,,,,,,,,,,,,,,,,,,,,,,,,,,,,,,,,,,,,0.03120283711,0.136890962475,0.379592517392,0.870930111634,1.32778303412,1.91708032337,2.68823428616,3.53144464653,4.45105677117,5.42802182635,6.47170679114,7.21630406233,7.77647998918,8.24669562778,10.2375995879
IDA & IBRD total,IBT,,,,,,,,,,,,,,,,,,,,,,,,,,,,,,,,,,,,,,,,,,,0.134211522579,0.359778345723,0.80112753636,1.10066075154,1.62008959159,2.13524344051,2.79132688122,3.53605040712,4.20171011393,5.2510727383,5.6804656291,6.06447699368,6.44712883069,7.93557241211
IDA total,IDA,,,,,,,,,,,,,,,,,,,,,,,,,,,,,,,,,,,,,,,,,,,,,,0.0145798109398,,0.0471557219019,0.0795449036236,0.147167847461,0.197866883006,0.318716388352,0.362912634672,0.479792737933,0.699363068338,0.890012600292
IDA blend,IDB,,,,,,,,,,,,,,,,,,,,,,,,,,,,,,,,,,,,,,,,,,,,,,0.0174626132302,,0.0594896043716,0.121282402303,0.207361922027,0.325305280932,,0.529269583933,0.587901884845,0.791208475646,0.948278265071
Indonesia,IDN,,,,,,,,,,,,,,,,,,,,,,,,,,,,,,,,,,,,,,,,,0.00191443712356,0.00707646070026,0.0178107819266,0.0282380186442,0.0383652868499,0.0482000916416,0.0853573197442,0.337169559804,0.419034912855,0.784810045139,0.947461069992,1.12237924701,1.2083567033,1.30141948174,1.19028451332,1.08912957371
IDA only,IDX,,,,,,,,,,,,,,,,,,,,,,,,,,,,,,,,,,,,,,,,,,,,,,,,0.0400028915218,0.0555694778506,0.110809760745,0.131265582288,0.193203585906,0.266130515535,0.421342340252,0.650296988821,0.860676198344
Isle of Man,IMN,,,,,,,,,,,,,,,,,,,,,,,,,,,,,,,,,,,,,,,,,,,,,,,,,,,,,,,,
India,IND,,,,,,,,,,,,,,,,,,,,,,,,,,,,,,,,,,,,,,,,,,0.00471920321788,0.00765380904361,0.0128326658245,0.0211592360658,0.119594350018,0.201173919796,0.270038204367,0.449490874711,0.650824488499,0.91156066013,1.09332333562,1.21147721669,1.19217298516,1.24269978085,1.32118513064
Not classified,INX,,,,,,,,,,,,,,,,,,,,,,,,,,,,,,,,,,,,,,,,,,,,,,,,,,,,,,,,
Ireland,IRL,,,,,,,,,,,,,,,,,,,,,,,,,,,,,,,,,,,,,,,,,,,0.26931749611,1.04222455601,3.7226582864,7.75612902543,13.2912015417,17.6836139625,20.4805433884,22.1380403054,22.8304437253,23.6748382213,24.3030754673,25.7006167697,26.9118345042,27.7027055616
"Iran, Islamic Rep.",IRN,,,,,,,,,,,,,,,,,,,,,,,,,,,,,,,,,,,,,,,,,0.000267026537522,0.000988668098645,0.0238766438466,0.0272820759927,,,0.140891536848,0.278515771074,0.41287687556,0.543899827576,1.32624000914,2.81037864661,4.97706211611,6.66409906686,9.46321650524,10.8634399575
Iraq,IRQ,,,,,,,,,,,,,,,,,,,,,,,,,,,,,,,,,,,,,,,,,,,,,,,9.26450683694e-05,0.000340980695274,0.000183487304666,0.000401151084804,0.0100670555687,,,,,
Iceland,ISL,,,,,,,,,,,,,,,,,,,,,,,,,,,,,,,,,,,,,,,,0.0290973359772,0.838507328938,3.6696989326,8.45853852347,14.3385358282,19.0210458096,26.2909231832,29.1785974399,32.8000341032,34.2660167941,34.1206613045,34.3388609052,34.6478208488,34.8056108781,35.6462894685,35.9154697045,36.9544558219
Israel,ISR,,,,,,,,,,,,,,,,,,,,,,,,,,,,,,,,,,,,,,,,,,0.715626983208,3.7131681284,9.97199147805,15.1506859396,18.6203231927,21.0245635258,22.0560606332,23.6955221092,23.6877430296,23.7454530557,24.9131203142,25.3404509868,25.901496209,27.2432990242,27.4385039108
Italy,ITA,,,,,,,,,,,,,,,,,,,,,,,,,,,,,,,,,,,,,,,,,0.201803650839,0.681815404493,1.47822359262,3.88815784801,8.10835376168,11.6277387173,14.3833288554,17.0161218267,18.833376591,20.0672102108,21.6464208006,22.2605998065,22.6056565739,22.9757539878,23.5365830654,24.3696920987
Jamaica,JAM,,,,,,,,,,,,,,,,,,,,,,,,,,,,,,,,,,,,,,,,,,0.124186835351,0.342633158667,0.339992656159,1.01287476366,1.67775914015,2.53105543413,3.42550935103,3.57954909076,4.11043866269,4.25626986834,4.29340149397,4.44379277132,5.05824946981,5.4148919712,8.13606628002
Jordan,JOR,,,,,,,,,,,,,,,,,,,,,,,,,,,,,,,,,,,,,,,,,,0.00845896306763,0.0647974066352,0.100250666799,0.204705838456,0.449496575669,0.895614872711,1.57037237157,2.46714627583,3.85025367612,4.54370666044,4.40655691723,4.28413437642,4.51458721914,4.68743254328,4.16404413142
Japan,JPN,,,,,,,,,,,,,,,,,,,,,,,,,,,,,,,,,,,,,,,0.0255454645205,0.172137016347,0.679837104776,3.04428066982,7.44355939516,11.7900260139,15.4269139179,18.3503966341,20.7957327908,22.2422457161,23.6552096202,25.8048385434,26.7774003897,28.0367865316,28.394883339,29.036976048,29.7551071888,30.6567767787
Kazakhstan,KAZ,,,,,,,,,,,,,,,,,,,,,,,,,,,,,,,,,,,,,,,,,,,,0.00676713213415,0.0134004793305,0.0198883596538,0.200299319422,1.75610034915,2.1665829281,3.66717752131,5.46192490017,7.41334419348,10.0625639128,11.9145570602,12.9343998312,13.7205645145
Kenya,KEN,,,,,,,,,,,,,,,,,,,,,,,,,,,,,,,,,,,,,,,,,,,,,,0.0150870243822,0.0482160129615,0.0469825629715,0.00846459276579,0.0457002424674,0.0167835132611,0.128828734233,0.125869244811,0.167165343691,0.223538938014,0.289007480157
Kyrgyz Republic,KGZ,,,,,,,,,,,,,,,,,,,,,,,,,,,,,,,,,,,,,,,,,,,0.000719511595529,0.00277475404999,0.0379932699913,0.0454547167301,0.0543527457779,0.0606704286877,0.366191969098,0.329615981712,0.432171658365,0.722505509937,0.997659389578,2.45513873877,3.03476524063,3.70599956654
Cambodia,KHM,,,,,,,,,,,,,,,,,,,,,,,,,,,,,,,,,,,,,,,,,,,0.000393411583422,0.00323943131667,0.00593183590473,0.0074870339546,0.0213942342096,0.0614666689168,0.11903431422,0.212100698342,0.248285216267,0.150624454757,0.200031672466,0.21570951735,0.429061796036,0.532650926427
Kiribati,KIR,,,,,,,,,,,,,,,,,,,,,,,,,,,,,,,,,,,,,,,,,,,,,,0.355926957598,0.437179863626,0.539608783632,0.722330015185,0.794623566561,0.865535127835,0.856423173804,0.793761038239,0.683921016893,0.481037501684,0.110842688646
St. Kitts and Nevis,KNA,,,,,,,,,,,,,,,,,,,,,,,,,,,,,,,,,,,,,,,,,,,1.06532577662,4.19471884897,9.08696639888,13.2277824132,17.6625253397,,21.7256896889,25.1299994201,27.8881418093,23.7866002152,24.2609734249,24.5428207636,25.5854277318,29.5723779255
"Korea, Rep.",KOR,,,,,,,,,,,,,,,,,,,,,,,,,,,,,,,,,,,,,,,0.0307765826522,0.607755179074,8.41721365868,16.924710473,22.4285200026,23.9924366887,25.4724472456,25.9194390025,29.6939210481,30.9211660455,32.3283627862,33.9428662354,35.4858143501,36.6479673582,37.2482890376,38.0359070061,38.7763045689,40.2498991261
Kuwait,KWT,,,,,,,,,,,,,,,,,,,,,,,,,,,,,,,,,,,,,,,,,,0.252448243061,0.512637240313,0.614264255538,0.910553589266,1.08870128388,1.24097962932,1.36990590703,1.48026382742,1.57889086075,1.53764900153,1.504141991,1.44593317451,1.39524997536,1.37955969628,1.53485559381
Latin America & Caribbean (excluding high income),LAC,,,,,,,,,,,,,,,,,,,,,,,,,,,,,,,,,,,,,,,,,0.0343753402349,0.13063451602,0.284066781154,0.420326345759,1.12626767187,1.4621918881,2.26007668278,3.42550990617,4.73586562308,5.68402033883,6.47171060719,7.80057736159,8.40800709062,9.01997613483,9.48782486903,10.2462796842
Lao PDR,LAO,,,,,,,,,,,,,,,,,,,,,,,,,,,,,,,,,,,,,,,,,,,,0.000444913561303,0.000877329661182,0.00542253834892,0.0125679918181,0.0188748965207,0.0471728309253,0.0688739955277,0.0920147605122,0.100378543343,0.114026440953,0.133314090805,0.16371974985,0.524798095404
Lebanon,LBN,,,,,,,,,,,,,,,,,,,,,,,,,,,,,,,,,,,,,,,,,,,0.0,0.0,0.0,0.0,0.0,1.20778402309,2.38886521258,4.63865140982,7.62685978551,8.98435833907,10.2469744973,9.95443564468,22.7981998883,25.3928270089
Liberia,LBR,,,,,,,,,,,,,,,,,,,,,,,,,,,,,,,,,,,,,,,,,,,,,,,,,0.00299506032868,0.00392522190588,0.00469935497563,0.00154423232902,0.0125046683698,0.118302489685,0.136460616443,0.155436767324
Libya,LBY,,,,,,,,,,,,,,,,,,,,,,,,,,,,,,,,,,,,,,,,,,,,,,,,,0.786856123353,1.05628046761,1.2051758994,1.14693310906,1.09348696094,1.0432924439,1.00424533522,0.965636021706
St. Lucia,LCA,,,,,,,,,,,,,,,,,,,,,,,,,,,,,,,,,,,,,,,,,,,,0.865447621874,2.32472776214,4.23198534524,4.28014171707,6.510764095,8.98896569292,10.6084474886,11.5509281442,11.9037658071,13.5860009952,13.553296429,15.3482064075,15.3706397314
Latin America & Caribbean,LCN,,,,,,,,,,,,,,,,,,,,,,,,,,,,,,,,,,,,,,,,,0.0349752237991,0.141577372739,0.317089061945,0.491278742844,1.19754027933,1.57156759035,2.40600249687,3.5845265831,4.92621408268,5.90306944441,6.69744271448,8.02293160349,8.649529821,9.28537287237,9.78597489127,10.5654159129
Least developed countries: UN classification,LDC,,,,,,,,,,,,,,,,,,,,,,,,,,,,,,,,,,,,,,,,,,,,,,,,0.0331031779069,0.0438288598334,0.0942551379667,0.110717053832,0.153568998668,0.210693123587,0.355956002753,0.573588622416,0.786765536335
Low income,LIC,,,,,,,,,,,,,,,,,,,,,,,,,,,,,,,,,,,,,,,,,,,,,,,,0.0272405236301,0.0354447519957,0.051677742119,0.0617426869316,0.107252553245,0.152980108965,0.198982660901,0.236459727276,0.289368427661
Liechtenstein,LIE,,,,,,,,,,,,,,,,,,,,,,,,,,,,,,,,,,,,,,,,,,,4.24883947843,4.39354441873,13.7639715488,24.8042602188,28.5485896997,40.2175144443,43.7018717329,44.5817410951,42.2203765227,37.361217984,39.3278044522,40.6662153013,41.9691348067,41.8995755586
Sri Lanka,LKA,,,,,,,,,,,,,,,,,,,,,,,,,,,,,,,,,,,,,,,,,,0.0017176968847,0.00307359180821,0.0175213077203,0.10360947022,0.105256346569,0.113693019412,0.311611044319,0.498337920166,0.82323451267,1.09985274182,1.71560751717,1.67787628639,1.99479364392,2.64667982388,2.89617608717
Lower middle income,LMC,,,,,,,,,,,,,,,,,,,,,,,,,,,,,,,,,,,,,,,,,,,0.0125753272546,0.0212985682646,0.0382547032284,0.108000340185,0.217272474797,0.324123493874,0.526992734549,0.791628128107,0.99170004674,1.26176072285,1.38440605414,1.5017300426,1.6852497522,1.96827520486
Low & middle income,LMY,,,,,,,,,,,,,,,,,,,,,,,,,,,,,,,,,,,,,,,,,,,0.128033035235,0.351580655512,0.779019604159,1.07658118726,1.55327758574,2.04258532721,2.69450131917,3.41669533064,4.07987814094,5.10823740048,5.54411744862,5.92682434567,6.30559950165,7.80387990008
Lesotho,LSO,,,,,,,,,,,,,,,,,,,,,,,,,,,,,,,,,,,,,,,,,,,,,0.00115061437578,0.00233663785852,,0.00562434297448,0.0070986751337,0.0201017853903,0.0199111861542,0.0659763214481,0.0797447777163,0.109666829761,0.0716086828627,0.0972588292339
Late-demographic dividend,LTE,,,,,,,,,,,,,,,,,,,,,,,,,,,,,,,,,,,,,,,,,0.00948748870582,0.0484484886824,0.233875620759,0.674286443708,1.53158826494,2.25357704361,3.27510050825,4.49431262782,5.78478779349,7.2288458792,8.66960856735,10.4969132899,11.7038832472,12.6575015749,13.4492317457,17.1328176147
Lithuania,LTU,,,,,,,,,,,,,,,,,,,,,,,,,,,,,,,,,,,,,,,,,,0.0701117628298,0.584550904154,1.9769654956,3.87161633704,7.12189004321,11.3842422192,17.5241560734,18.7732994837,20.4314802224,22.138846984,23.9061688973,25.3948892546,27.7168899674,26.6551362952,27.7861491733
Luxembourg,LUX,,,,,,,,,,,,,,,,,,,,,,,,,,,,,,,,,,,,,,,,,,0.276050411576,1.31379587125,3.43425891954,8.08330454348,15.3107915963,21.2200965661,27.0169265202,29.3858119062,31.3420970216,33.1508116995,32.8756962359,32.4013258386,33.2780270749,34.8013361626,35.9495712006
Latvia,LVA,,,,,,,,,,,,,,,,,,,,,,,,,,,,,,,,,,,,,,,,,0.0119756388518,0.137934916039,0.431543965052,0.853797130843,2.17691251112,2.72809833544,4.99117349509,15.6222645614,19.2730718183,21.5265840631,20.8022983766,22.0616045742,23.1088395227,24.1913811376,24.7414275853,24.7864855139
"Macao SAR, China",MAC,,,,,,,,,,,,,,,,,,,,,,,,,,,,,,,,,,,,,,,,,0.863843373689,2.23429510592,3.81717888101,6.16226362347,9.86125589368,14.5316982414,19.2195628251,22.404025904,23.9531612049,24.1828774752,24.7053080097,25.1998066918,25.9699020983,26.801324211,28.0631332746,29.0782314089
St. Martin (French part),MAF,,,,,,,,,,,,,,,,,,,,,,,,,,,,,,,,,,,,,,,,,,,,,,,,,,,,,,,,
Morocco,MAR,,,,,,,,,,,,,,,,,,,,,,,,,,,,,,,,,,,,,,,,,,,0.00682327376377,0.0091662073705,0.216574188885,0.82700189159,1.28921121719,1.55658741101,1.59336324995,1.53310638598,1.59437854825,1.85657421668,2.12028525566,2.55676249653,2.96615322366,3.37955439287
Monaco,MCO,,,,,,,,,,,,,,,,,,,,,,,,,,,,,,,,,,,,,,,,,2.49368785262,8.21232157202,15.0185281597,19.8222518806,22.8093324537,28.0998580218,32.0055864296,35.1298089281,36.4288516505,36.9003690037,37.4542000271,42.7256380666,43.263524841,44.6617853083,46.7608889823,47.8966597077
Moldova,MDA,,,,,,,,,,,,,,,,,,,,,,,,,,,,,,,,,,,,,,,,,,0.00591499386598,0.0105315139177,0.0153214659127,0.0634541138459,0.275943390592,0.586509474663,1.43782207775,3.16861496325,5.20701827208,7.57778285284,10.0573311114,11.9087543439,13.4596943569,14.7107512033,15.5490178735
Madagascar,MDG,,,,,,,,,,,,,,,,,,,,,,,,,,,,,,,,,,,,,,,,,,,,,,,0.00722931526114,0.012152171829,0.0175040780537,0.0223266398139,0.0255745715797,0.0316067201459,0.139396787841,0.165706638617,0.105358221772,0.0977661180612
Maldives,MDV,,,,,,,,,,,,,,,,,,,,,,,,,,,,,,,,,,,,,,,,,,,0.0671988342771,0.17489933726,0.245124014974,1.09551845579,2.07182366053,3.3756273541,4.89384819798,4.8113620722,4.77534127125,5.31322673543,5.33592166457,5.89844734989,5.64379415881,6.4738072691
Middle East & North Africa,MEA,,,,,,,,,,,,,,,,,,,,,,,,,,,,,,,,,,,,,,,,,,,0.1754295876,0.332365533624,,0.89164791733,0.90380593599,1.29959936518,1.73146347451,2.18478404515,2.64609751329,3.55237226776,4.44090605337,5.1474859963,6.22466183124,7.16416543042
Mexico,MEX,,,,,,,,,,,,,,,,,,,,,,,,,,,,,,,,,,,,,,,,,0.0144406268668,0.0474654057172,0.216902229394,0.396433111654,0.966599943043,1.73604289701,2.69362205775,3.96761136385,6.55193657778,8.28117170774,8.97717178649,9.68997111483,10.8213065962,10.0507486982,10.2336375881,11.6414466121
Marshall Islands,MHL,,,,,,,,,,,,,,,,,,,,,,,,,,,,,,,,,,,,,,,,,,,,,,,,,,,,,,2.43948778356,2.59986356401,1.88704168475
Middle income,MIC,,,,,,,,,,,,,,,,,,,,,,,,,,,,,,,,,,,,,,,,,,0.0292050328864,0.129370444695,0.362279732261,0.812732436637,1.13598333624,1.66382088368,2.19021558479,2.90106805602,3.69242880868,4.48472265326,5.54084007031,6.04486929488,6.53484281411,6.97187113867,8.62073319136
"Macedonia, FYR",MKD,,,,,,,,,,,,,,,,,,,,,,,,,,,,,,,,,,,,,,,,,,,,,,0.595011396889,1.7425247194,4.79376329521,8.62467474982,11.0819601268,12.3080121167,13.3830666052,14.8307231991,16.0636269326,16.7941704602,17.1824500735
Mali,MLI,,,,,,,,,,,,,,,,,,,,,,,,,,,,,,,,,,,,,,,,,,,,,,,0.0250293191903,0.0251461047623,0.0401269601187,0.0607996167353,0.0573360672177,0.0588343950507,0.0290839132836,0.0190110216872,0.0189621826221,0.0215209353679
Malta,MLT,,,,,,,,,,,,,,,,,,,,,,,,,,,,,,,,,,,,,,,,,0.406351449835,2.23824049903,4.30677258808,5.52126083683,9.11053561488,12.3952674763,12.7100416723,20.0606726543,23.3388625367,26.8771637753,29.6392128795,30.1808817045,31.7366585313,33.3353535165,35.233850832,37.8456030183
Myanmar,MMR,,,,,,,,,,,,,,,,,,,,,,,,,,,,,,,,,,,,,,,,,,,,,,0.000484246832767,0.00784355348418,0.0127210946815,0.0195313957954,0.0450907626218,0.0441930598564,0.0418293807867,,,,0.060779929024
Middle East & North Africa (excluding high income),MNA,,,,,,,,,,,,,,,,,,,,,,,,,,,,,,,,,,,,,,,,,,,,0.0454235141909,,,0.348823286184,0.57256335423,0.831590451461,1.17192471313,1.59728551821,2.40006681152,3.22392229705,3.89997592621,5.11305403399,6.0261577687
Montenegro,MNE,,,,,,,,,,,,,,,,,,,,,,,,,,,,,,,,,,,,,,,,,,,,,,1.24468188756,,2.88960828747,6.42512959691,9.57833931754,10.4285267337,10.4265891558,14.1314900955,15.4045089743,16.7105360539,18.0826828154
Mongolia,MNG,,,,,,,,,,,,,,,,,,,,,,,,,,,,,,,,,,,,,,,,,,0.0020250703712,0.00368364677757,0.0202544362279,0.0360541100083,0.0712447486683,0.136745671804,0.284963631011,1.23456321211,1.49976255724,2.82939229664,3.41484615002,3.93941106046,4.9216416767,6.84549084391,7.117462924
Northern Mariana Islands,MNP,,,,,,,,,,,,,,,,,,,,,,,,,,,,,,,,,,,,,,,,,,,,,,,,,,,,,,,,
Mozambique,MOZ,,,,,,,,,,,,,,,,,,,,,,,,,,,,,,,,,,,,,,,,,,,,,,,0.010195801544,0.028717171001,0.0489181230993,0.0588501574738,0.0722777505068,0.115428893763,0.11680172453,0.111683351299,0.139708503505,0.156958452688
Mauritania,MRT,,,,,,,,,,,,,,,,,,,,,,,,,,,,,,,,,,,,,,,,,,,,,,0.00521269711306,0.0300520768827,0.120118785467,0.171667249506,0.192686337643,0.160939984818,0.16528197997,0.176415997193,0.193630651845,0.200780181591,0.236212521665
Mauritius,MUS,,,,,,,,,,,,,,,,,,,,,,,,,,,,,,,,,,,,,,,,,,,0.0237703632779,0.0983257222249,0.212136982244,0.445103368207,2.29301991421,2.87972878155,4.29244295925,5.94005254145,7.63184602721,9.57438193876,11.3588967672,13.0504346261,14.5698958733,15.7468883144
Malawi,MWI,,,,,,,,,,,,,,,,,,,,,,,,,,,,,,,,,,,,,,,,,,,,0.000563783572801,0.00109793142559,0.00312578676594,,0.00681067873591,0.00697401021219,0.00709514868865,0.00722673580533,0.0111919555588,0.00778299011793,0.0536407276438,0.0508700858463,0.0338269487255
Malaysia,MYS,,,,,,,,,,,,,,,,,,,,,,,,,,,,,,,,,,,,,,,,,,0.0167183947733,0.079061858265,0.443548008019,0.995462700722,1.86933130409,2.85257418041,3.86069585985,4.86881201573,5.59043500177,7.41905588288,8.71623766194,9.98942302421,9.88930060657,10.1398255778,9.99576655721
North America,NAC,,,,,,,,,,,,,,,,,,,,,,,,,,,,,,,,,,,,,,,0.274469826196,1.06988894895,2.68982747475,4.90670606696,7.27608858076,9.94140617602,13.0630250584,17.6041830965,20.4741036969,23.9863136354,25.5831745953,26.3092185236,27.5313673669,28.5059578534,29.5745457801,30.4436371047,30.8266311685,31.5525346794
Namibia,NAM,,,,,,,,,,,,,,,,,,,,,,,,,,,,,,,,,,,,,,,,,,,,,,0.00661067001607,0.00964474694961,0.0123035516893,0.0151601935009,0.0222533447664,0.433003345163,0.794095286023,1.06457796408,1.55167660524,1.7552048818,2.94302302737
New Caledonia,NCL,,,,,,,,,,,,,,,,,,,,,,,,,,,,,,,,,,,,,,,,,,0.0617055988482,0.321513871027,0.753278658911,2.28621694626,4.19738188305,6.7153931912,8.6121014545,10.6315442156,13.6341931288,15.5029446503,17.1214559663,18.9212142758,20.8970120392,22.4382659031,21.0418511326
Niger,NER,,,,,,,,,,,,,,,,,,,,,,,,,,,,,,,,,,,,,,,,,,,,,0.000605874766315,0.0016080343464,0.00253660440777,0.00339501435802,0.00418648660477,0.00653468861033,0.00943767441609,0.0128032272369,0.021384805143,0.0358920032056,0.0496363543565,0.0570883488908
Nigeria,NGA,,,,,,,,,,,,,,,,,,,,,,,,,,,,,,,,,,,,,,,,,,,,,,0.000358202391673,,0.0364120958137,0.0448230015221,0.0527464680049,0.0620558372297,,0.00845743093491,0.00866570866763,0.00881709218977,0.00854822723673
Nicaragua,NIC,,,,,,,,,,,,,,,,,,,,,,,,,,,,,,,,,,,,,,,,,0.0137230146719,0.0309850802203,0.044183404378,0.0827961829888,0.0928466837805,0.193099488765,0.344656137538,0.492357028365,0.762387607726,1.36990236847,1.25861163692,1.44098046009,1.69086306082,2.16573433865,1.80587035514,1.85899167427
Netherlands,NLD,,,,,,,,,,,,,,,,,,,,,,,,,,,,,,,,,,,,,,,0.481256769864,,1.63935842321,2.92284479694,7.29920919405,12.3218759102,19.7640592986,25.1499149626,31.7065174108,33.4917649303,35.1728800069,37.0080045736,38.0915283634,38.9891196593,39.8108940651,40.5269240011,40.7737841768,41.7300856467
Norway,NOR,,,,,,,,,,,,,,,,,,,,,,,,,,,,,,,,,,,,,,,,,0.518682545888,1.96116129384,4.52552292475,8.74466805248,14.6382085082,21.4374096637,26.6553637201,30.8671956417,33.0148350451,34.4987384268,35.2334198347,36.1198392962,37.2000500613,37.8910303686,38.828721717,39.7126724873
Nepal,NPL,,,,,,,,,,,,,,,,,,,,,,,,,,,,,,,,,,,,,,,,,,,,,,,0.00375672304209,0.0422234709473,0.0457153097372,0.0643361713001,0.224156165295,0.348559142687,0.839393009712,1.12045141395,0.891164315022,1.0643400327
Nauru,NRU,,,,,,,,,,,,,,,,,,,,,,,,,,,,,,,,,,,,,,,,,,,,,,,,,,,9.47630922693,,,,,
New Zealand,NZL,,,,,,,,,,,,,,,,,,,,,,,,,,,,,,,,,,,,,,,,,0.120735131279,0.441971047019,1.09794779675,2.06431407817,4.69947230683,7.76465687836,11.2353107034,20.1529318875,21.3866578031,23.6490620621,24.999221636,26.6882770723,28.5211258131,29.2070529262,30.9798259813,31.5660356505
OECD members,OED,,,,,,,,,,,,,,,,,,,,,,,,,,,,,,,,,,,,,,,,,1.48825548028,2.97439751579,4.9663336173,7.15622510027,10.0835219033,13.5869140469,16.8770521242,19.8940474474,21.8905081861,23.349003264,24.5960719402,25.7237586385,26.5749177443,27.3612344023,28.0158428495,28.9977111986
Oman,OMN,,,,,,,,,,,,,,,,,,,,,,,,,,,,,,,,,,,,,,,,,,,0.0042020283234,0.00569247015953,0.0271103786078,0.524912531097,0.78535209724,0.785177016032,1.25107816665,1.54440632857,2.08922037072,2.58587914337,3.41955237793,4.24755343785,4.50944507209,5.60957606494
Other small states,OSS,,,,,,,,,,,,,,,,,,,,,,,,,,,,,,,,,,,,,,,,,,,,,,2.14933903609,,3.85320583765,4.36550833954,5.13208988316,5.26517613116,6.09010225293,6.35388301362,6.7331299749,6.94138251735,7.17343935274
Pakistan,PAK,,,,,,,,,,,,,,,,,,,,,,,,,,,,,,,,,,,,,,,,,,,,,,0.00924217840297,0.0165382484611,0.0275443544599,0.100643032948,0.23024269069,0.455957357403,0.662045265818,0.846622047471,0.893862859996,1.08499554531,0.953099019241
Panama,PAN,,,,,,,,,,,,,,,,,,,,,,,,,,,,,,,,,,,,,,,,,,0.249357513728,0.384936053737,0.464051369953,0.506942226568,0.521906433558,3.28825154025,4.30482773872,5.52106667267,6.4820515033,7.02237660027,7.56207687014,7.75163645191,7.95166879304,7.89769886376,7.92825034743
Peru,PER,,,,,,,,,,,,,,,,,,,,,,,,,,,,,,,,,,,,,,,,0.000292837407847,0.0041461410888,,0.13992191294,0.346865295571,0.830576877077,1.27193458812,1.7298861876,2.01288388582,2.53466229632,2.86049053955,3.18664667771,4.09174953124,4.81123656954,5.30956373113,5.74296395046,6.41650872703
Philippines,PHL,,,,,,,,,,,,,,,,,,,,,,,,,,,,,,,,,,,,,,,,,,0.0126106973317,0.02594076917,0.0665821831574,0.105661398267,0.143321207272,0.30335400703,0.558253660501,1.15713301726,1.87449611694,,1.88420330345,2.21969995811,2.61480490586,2.89720431373,4.78394159778
Palau,PLW,,,,,,,,,,,,,,,,,,,,,,,,,,,,,,,,,,,,,,,,,,,,,0.37364301944,0.502335861757,0.484709174495,,0.548744314811,0.697994494691,1.16756228627,2.51383092303,4.32687674665,8.62893202027,5.26141157511,5.74890798929
Papua New Guinea,PNG,,,,,,,,,,,,,,,,,,,,,,,,,,,,,,,,,,,,,,,,,,,,,,,,,0.045596948317,0.0664148183347,0.0889349601141,0.106944597138,0.128365943399,0.154344974951,0.176562457364,0.196545541764
Poland,POL,,,,,,,,,,,,,,,,,,,,,,,,,,,,,,,,,,,,,,,,,,0.0313195358946,0.317874245632,0.511764234992,2.29131347161,2.47382783647,7.62198140067,10.9298178414,11.6855641968,14.6516728422,15.3368824543,18.2494525921,18.0254107438,18.3978913894,18.9266123195,19.0090133365
Pre-demographic dividend,PRE,,,,,,,,,,,,,,,,,,,,,,,,,,,,,,,,,,,,,,,,,,,,,,,,0.0383713194786,0.0440161819541,0.0493189935826,0.0526760994478,,0.0913873626232,0.0903523048154,0.113075011852,0.156929847264
Puerto Rico,PRI,,,,,,,,,,,,,,,,,,,,,,,,,,,,,,,,,,,,,,,,,,0.0638792132776,0.599041617739,1.43556584866,2.28729492914,3.14446964659,4.00646654202,4.87313006292,11.4337255074,12.9152266907,14.8670865961,15.0822681205,15.5167359322,16.3101446242,16.5689497858,17.9964011437
"Korea, Dem. Peopleâ€™s Rep.",PRK,,,,,,,,,,,,,,,,,,,,,,,,,,,,,,,,,,,,,,,,,,,,,,,,,,,,,,,,
Portugal,PRT,,,,,,,,,,,,,,,,,,,,,,,,,,,,,,,,,,,,,,,,0.00289374067329,0.244066867763,0.959513692847,2.50673600349,4.8091628428,8.00115707758,11.0878475786,13.5116959284,14.466314674,15.4725204569,18.0690491049,20.0824435456,21.1654512533,22.5464182476,24.1640111627,25.6684634107,29.6153049374
Paraguay,PRY,,,,,,,,,,,,,,,,,,,,,,,,,,,,,,,,,,,,,,,,,0.00280360573603,0.00549388064105,0.00897445171036,0.00879917639709,0.0526467506598,0.0948482174463,0.0997542553918,0.140401630291,0.205259617335,1.21995159265,1.38540039113,1.827160013,2.03596007453,2.30181137396,2.67615302984,3.14033586513
West Bank and Gaza,PSE,,,,,,,,,,,,,,,,,,,,,,,,,,,,,,,,,,,,,,,,,,,,,0.000515797295102,0.209643311415,0.746723739972,1.4938755612,,,,3.79087156455,4.4178743051,4.92488376313,5.30027538026,6.03453866556
Pacific island small states,PSS,,,,,,,,,,,,,,,,,,,,,,,,,,,,,,,,,,,,,,,,,,,,,,0.440019518802,0.53207916079,0.707237841685,0.8416207626,0.871204161432,1.43124546428,1.54812827121,0.991495742148,0.991674860816,1.2622788975,1.26818103754
Post-demographic dividend,PST,,,,,,,,,,,,,,,,,,,,,,,,,,,,,,,,,,,,,,,,,1.71898738309,3.73086357777,6.14951019541,8.71725264485,12.0119144824,15.347280057,18.807863791,21.7262846515,23.7425216828,25.213914901,26.71372669,27.8963297037,28.8545545999,29.8446546198,30.6423126771,31.7254584772
French Polynesia,PYF,,,,,,,,,,,,,,,,,,,,,,,,,,,,,,,,,,,,,,,,,,0.0103615776124,0.0130595187567,0.380628963209,1.80730786185,4.31568870545,7.07481831832,9.0643375928,10.5262156826,11.3144846503,12.029545073,13.2903121008,14.6814991198,16.2192818001,17.7747601265,18.3573580795
Qatar,QAT,,,,,,,,,,,,,,,,,,,,,,,,,,,,,,,,,,,,,,,,,,,0.0362051306481,0.453018456981,1.51516623796,3.11864084787,4.83390898324,7.60747236995,7.81222178566,9.25526922502,8.33205217084,8.61378553165,9.02832167934,9.93635278348,9.90482010798,10.1156793583
Romania,ROU,,,,,,,,,,,,,,,,,,,,,,,,,,,,,,,,,,,,,,,,,,0.0268936587084,0.0710126274834,0.883297017619,0.470548934946,1.70526612444,4.93985858137,8.86721287402,11.4609804469,12.8351210823,13.7255142333,15.0541537318,16.2784746552,17.4678210584,18.5574113842,19.7511112668
Russian Federation,RUS,,,,,,,,,,,,,,,,,,,,,,,,,,,,,,,,,,,,,,,,,,,0.00755905617432,0.236748234969,0.467673856474,1.1039861431,2.01788229196,3.41101212687,6.45893070467,8.97767642298,10.931783976,12.2943622419,14.6143372995,16.6244715559,17.5131335604,18.9175331998
Rwanda,RWA,,,,,,,,,,,,,,,,,,,,,,,,,,,,,,,,,,,,,,,,,,,,,0.012404938246,0.0125139761494,0.017638024268,0.0256140549144,0.0109557299495,0.0210263039632,0.0363762802291,0.0775731841751,0.0479847747399,0.0236147820214,0.0241073403918,0.169979011112
South Asia,SAS,,,,,,,,,,,,,,,,,,,,,,,,,,,,,,,,,,,,,,,,,,0.00466622406196,0.00758869342568,0.0129566332151,0.0222025269619,0.104274113662,0.171323609048,0.214212220462,0.359881974025,0.546190504733,0.778388779732,0.967313220247,1.07395040723,1.1282162681,1.28270711536,1.4417138736
Saudi Arabia,SAU,,,,,,,,,,,,,,,,,,,,,,,,,,,,,,,,,,,,,,,,,,0.0670125984642,0.159366113061,0.201213591628,0.288180436693,0.274596257677,0.859910729713,2.40440284208,3.97513376705,5.36534512597,6.27916097897,7.02930667716,8.97965222178,10.1276983801,10.3244673339,11.9238975279
Sudan,SDN,,,,,,,,,,,,,,,,,,,,,,,,,,,,,,,,,,,,,,,,,,,,,0.00211446102828,0.00330379960386,0.00524528022573,0.105266716757,0.107750422062,,0.0309974703538,0.0478439703545,0.0666454292444,0.0677136044578,0.0536649350649,0.0698832412424
Senegal,SEN,,,,,,,,,,,,,,,,,,,,,,,,,,,,,,,,,,,,,,,,,,,0.0115495113113,0.0223262489887,0.0698878730453,0.159952784295,0.249729666729,0.32030309348,0.386949985501,0.466519481042,0.607286292705,0.695482927913,0.69620321869,0.755189170525,0.710481063221,0.672198850759
Singapore,SGP,,,,,,,,,,,,,,,,,,,,,,,,,,,,,,,,,,,,,,,0.267699128666,0.784801020241,1.76101765382,3.75315289699,6.52766921834,9.80312430813,12.4605380109,14.5966989038,17.075142329,19.568623846,22.0926289981,24.8473504486,26.3518048643,27.1215402077,27.0173236709,27.59557606,26.7169249363,26.3967854012
Solomon Islands,SLB,,,,,,,,,,,,,,,,,,,,,,,,,,,,,,,,,,,,,,,,,,,,,0.043684623231,0.0958862661036,0.135206814423,0.203190910051,0.297890340608,0.388376663223,0.4790605702,0.451675381089,0.387919897816,0.335690651443,0.233039197717,0.242950167841
Sierra Leone,SLE,,,,,,,,,,,,,,,,,,,,,,,,,,,,,,,,,,,,,,,,,,,,,,,,,,,,,,,,
El Salvador,SLV,,,,,,,,,,,,,,,,,,,,,,,,,,,,,,,,,,,,,,,,,,,,0.325092223627,0.484620837622,0.696809143063,1.00848132069,1.46597588875,2.00704642042,2.416210667,2.81872794276,3.29271150317,3.84444740158,4.48592482494,4.99572978399,5.49332228655
San Marino,SMR,,,,,,,,,,,,,,,,,,,,,,,,,,,,,,,,,,,,,,,,,,,,2.09059233449,3.67360874018,4.09739714526,4.9120477929,5.26385093986,16.0398049036,17.7405694182,19.4160915071,21.0577170832,31.6894421864,32.5330704655,36.9820147296,36.6046160619
Somalia,SOM,,,,,,,,,,,,,,,,,,,,,,,,,,,,,,,,,,,,,,,,,,,,,,,,,,,,,0.392344033928,0.571669053544,0.647809187989,0.737230338898
Serbia,SRB,,,,,,,,,,,,,,,,,,,,,,,,,,,,,,,,,,,,,,,,,,,,,,0.407249047642,1.49260026988,4.02639300429,5.69546555078,7.41193568305,10.8665012813,12.4134366039,13.7131502674,15.2328080187,15.5666212332,17.3787670307
Sub-Saharan Africa (excluding high income),SSA,,,,,,,,,,,,,,,,,,,,,,,,,,,,,,,,,,,,,,,,,,,,,,0.0386372118389,,0.0986256291226,0.111700117901,0.133525040712,0.1603636515,0.26312855562,0.248102180373,0.319637896857,0.375016317678,0.373782070601
South Sudan,SSD,,,,,,,,,,,,,,,,,,,,,,,,,,,,,,,,,,,,,,,,,,,,,,,,,,,1.92657625244e-05,3.85315250489e-05,0.000156862354299,0.000885255563986,0.000851881781298,0.00123433210824
Sub-Saharan Africa,SSF,,,,,,,,,,,,,,,,,,,,,,,,,,,,,,,,,,,,,,,,,,,,,,0.0387976192321,,0.099128138895,0.112164409661,0.134152705347,0.161159806994,0.264595410219,0.249333206818,0.32094625333,0.376224073497,0.375137518074
Small states,SST,,,,,,,,,,,,,,,,,,,,,,,,,,,,,,,,,,,,,,,,,,,,,,2.00965654789,3.35539262895,3.5807243651,4.25499099252,5.11672595087,5.33853202703,6.05528121915,6.39363452201,6.78913076904,7.28304864391,7.80506530268
Sao Tome and Principe,STP,,,,,,,,,,,,,,,,,,,,,,,,,,,,,,,,,,,,,,,,,,,,,,,0.0787123912195,0.188506028521,0.204454006764,0.255714615562,0.328231254348,0.402343088925,0.413614179842,0.506754130979,0.555886841653,0.493142848689
Suriname,SUR,,,,,,,,,,,,,,,,,,,,,,,,,,,,,,,,,,,,,,,,,,,0.0195792951037,0.044365298942,0.0851246671017,0.221611417292,0.525746952608,0.823810372762,1.11686315904,1.74345842633,2.88460073148,4.37178274731,5.47535175038,6.87866695347,8.53058785678,9.60715171317
Slovak Republic,SVK,,,,,,,,,,,,,,,,,,,,,,,,,,,,,,,,,,,,,,,,,,,0.0757807336533,0.416914078502,1.46174942997,3.36712177285,5.64374005539,10.1126991826,11.1660118099,14.2866306706,16.1399313179,17.519369044,19.1982492058,20.3488921462,21.8405274219,23.3389136349
Slovenia,SVN,,,,,,,,,,,,,,,,,,,,,,,,,,,,,,,,,,,,,,,,,,0.276419135843,2.85087609103,2.91216892106,5.769090003,9.8307845281,13.9277743156,17.0619001701,20.9249829026,21.9655345144,22.9052512082,23.9759218449,24.6327713125,25.3195829917,26.7786250862,27.6337908263
Sweden,SWE,,,,,,,,,,,,,,,,,,,,,,,,,,,,,,,,,,,,,,,,,2.80649266863,6.60408053423,9.42638643067,12.2459195366,15.6993177589,27.9286210005,27.3827111788,30.3553985056,31.4344450158,31.6326496636,31.9701774523,32.0401123298,32.3107230306,32.8866416156,34.0703880831,36.0664555163
Swaziland,SWZ,,,,,,,,,,,,,,,,,,,,,,,,,,,,,,,,,,,,,,,,,,,,,,,,,0.0669018631129,0.12814417583,0.30658392756,0.661959363417,0.278557415403,0.336130687611,0.402302114689,0.466737558916
Sint Maarten (Dutch part),SXM,,,,,,,,,,,,,,,,,,,,,,,,,,,,,,,,,,,,,,,,,,,,,,,,,,,,,,,,
Seychelles,SYC,,,,,,,,,,,,,,,,,,,,,,,,,,,,,,,,,,,,,,,,,,,,,0.406992338282,1.08847911452,2.80580433057,3.918818857,3.80080532135,5.02776643077,7.44781159547,10.2528349982,11.4545316713,13.3684482647,12.6754978244,14.3140559336
Syrian Arab Republic,SYR,,,,,,,,,,,,,,,,,,,,,,,,,,,,,,,,,,,,,,,,,,,,,0.00339443082523,0.0148618123914,0.0277480662767,0.0355647991202,0.0543348548731,0.164785793683,0.324237888635,0.556310679656,1.10624722643,1.58071529712,2.27954143919,3.14394846512
Turks and Caicos Islands,TCA,,,,,,,,,,,,,,,,,,,,,,,,,,,,,,,,,,,,,,,,,,,,,,,,,,,,,,,,
Chad,TCD,,,,,,,,,,,,,,,,,,,,,,,,,,,,,,,,,,,,,,,,,,,,,,,,,,0.0026118328339,0.00282404389264,0.130786023255,0.156279936617,0.114531308941,0.0766852474418,0.0833258303092
East Asia & Pacific (IDA & IBRD countries),TEA,,,,,,,,,,,,,,,,,,,,,,,,,,,,,,,,,,,,,,,,,0.00179002186634,0.021991365524,0.197155856569,0.637577063197,1.4105271449,2.06640831298,2.82336168496,3.73577841152,4.68189690399,5.90954923802,7.37088272278,8.66377291325,9.92234286596,10.6365533394,11.213247478,14.7933802287
Europe & Central Asia (IDA & IBRD countries),TEC,,,,,,,,,,,,,,,,,,,,,,,,,,,,,,,,,,,,,,,,,,,0.0556277458298,0.26796927168,0.645635487165,1.17980385674,2.65959738506,4.31778298431,6.16843915563,7.91348121659,9.48404435212,10.7977382485,12.1696759912,13.5203753243,14.1768131363,15.437581633
Togo,TGO,,,,,,,,,,,,,,,,,,,,,,,,,,,,,,,,,,,,,,,,,,,,,,,,0.0205833750085,0.0319165406679,0.0678009464465,0.431730725622,0.525917818446,0.624619143847,0.101437850357,0.1803168887,0.880069537598
Thailand,THA,,,,,,,,,,,,,,,,,,,,,,,,,,,,,,,,,,,,,,,,,,0.00255751353239,,0.0180048057681,0.25315959771,0.847314439785,1.35624511101,1.95732619345,3.13180985396,3.95954061822,4.89719515205,5.8504274462,6.76648937985,7.7480392551,8.09247172232,9.24173747276
Tajikistan,TJK,,,,,,,,,,,,,,,,,,,,,,,,,,,,,,,,,,,,,,,,,,,,0.000153148526964,,,,0.0512584332076,0.0502800452823,0.059081053297,0.061620546965,0.0642366776074,0.0674242320193,0.070664197156,0.0725417819853,0.0696833033231
Turkmenistan,TKM,,,,,,,,,,,,,,,,,,,,,,,,,,,,,,,,,,,,,,,,,,,,,,,,,0.00152515188988,0.00933929602194,0.0143395620186,0.0215404643497,0.027063960451,0.0343506730442,0.0433375898384,0.055829668891
Latin America & the Caribbean (IDA & IBRD countries),TLA,,,,,,,,,,,,,,,,,,,,,,,,,,,,,,,,,,,,,,,,,0.0349752237991,0.141401084269,0.313474689779,0.476852583001,1.18136348001,1.55135007585,2.38502184773,3.63895031061,4.96945966839,5.95973821014,6.76356869807,8.12522799274,8.7581086352,9.40263092195,9.90193297056,10.6903483257
Timor-Leste,TLS,,,,,,,,,,,,,,,,,,,,,,,,,,,,,,,,,,,,,,,,,,,,0.000964248866204,0.0013443820858,0.00220968061076,0.00284868660813,0.0048276248279,0.0067603337891,0.0442589723085,0.0463198851267,0.0501690697651,0.0538548396652,0.061789476193,0.08920211829,0.0876633454652
Middle East & North Africa (IDA & IBRD countries),TMN,,,,,,,,,,,,,,,,,,,,,,,,,,,,,,,,,,,,,,,,,,,,0.0454235141909,,,0.343945879536,0.56120510273,0.831590451461,1.17192471313,1.59728551821,2.38090773709,3.20732244066,3.88558862011,5.11040006125,6.02603779632
Tonga,TON,,,,,,,,,,,,,,,,,,,,,,,,,,,,,,,,,,,,,,,,,,,0.0111018035384,0.0220681907093,0.33293792801,0.638866877971,0.622927266107,0.762545337231,0.700360379613,0.96565176666,1.05669657438,1.24337662835,1.42937460097,1.61408239416,1.70161275075,2.31060641668
South Asia (IDA & IBRD),TSA,,,,,,,,,,,,,,,,,,,,,,,,,,,,,,,,,,,,,,,,,,0.00466622406196,0.00758869342568,0.0129566332151,0.0222025269619,0.104274113662,0.171323609048,0.214212220462,0.359881974025,0.546190504733,0.778388779732,0.967313220247,1.07395040723,1.1282162681,1.28270711536,1.4417138736
Sub-Saharan Africa (IDA & IBRD countries),TSS,,,,,,,,,,,,,,,,,,,,,,,,,,,,,,,,,,,,,,,,,,,,,,0.0387976192321,,0.099128138895,0.112164409661,0.134152705347,0.161159806994,0.264595410219,0.249333206818,0.32094625333,0.376224073497,0.375137518074
Trinidad and Tobago,TTO,,,,,,,,,,,,,,,,,,,,,,,,,,,,,,,,,,,,,,,,,,,0.0137745035505,0.0688544305178,0.328043156313,0.832965157028,1.58138457266,2.70915391896,6.49071859221,9.83404384666,12.261924034,12.926286605,15.059378409,15.8444500284,18.3554214851,19.972198646
Tunisia,TUN,,,,,,,,,,,,,,,,,,,,,,,,,,,,,,,,,,,,,,,,,,,0.000266676622594,0.00263015643947,0.0285402099791,0.174832201678,0.43153495443,0.933586089532,2.18764254494,3.54751938979,4.53547507814,5.20184323123,4.84884709444,4.72862538722,4.48623307633,4.34278798296
Turkey,TUR,,,,,,,,,,,,,,,,,,,,,,,,,,,,,,,,,,,,,,,,,,0.0170280022259,0.0326118885367,0.302288815152,0.864575525388,2.34676170185,4.04172089208,6.84028132462,8.18174778118,9.05416790425,9.83976222313,10.3907863708,10.6341532607,11.8685140165,11.6913362366,12.3934423228
Tuvalu,TUV,,,,,,,,,,,,,,,,,,,,,,,,,,,,,,,,,,,,,,,,,,,,,0.518349574953,1.54734887559,2.56884504727,2.76526013929,2.96281160605,1.01957585644,2.44225094128,4.5713124746,5.57809330629,7.08788983394,9.09642207398,10.0847115772
Tanzania,TZA,,,,,,,,,,,,,,,,,,,,,,,,,,,,,,,,,,,,,,,,,,,,,,0.00666848957604,0.0075058183236,0.00825395267421,0.0151627516687,0.0159189722251,0.0167966214643,0.0609820723968,0.0864845394001,0.114561256477,0.166675010268,0.202712538551
Uganda,UGA,,,,,,,,,,,,,,,,,,,,,,,,,,,,,,,,,,,,,,,,,,,,,,0.00295910836008,0.00407251129928,0.00605296402095,0.0150981162,0.0182568771831,0.0411919624007,0.101041127045,0.105651647808,0.110434383402,0.142099457572,0.180988330661
Ukraine,UKR,,,,,,,,,,,,,,,,,,,,,,,,,,,,,,,,,,,,,,,,,,,,,,0.275798089661,1.10942024088,1.71478117581,3.44372257801,4.12320743291,6.41877932396,6.92182457894,8.00566765468,8.83434034122,9.29352356064,11.8093480751
Upper middle income,UMC,,,,,,,,,,,,,,,,,,,,,,,,,,,,,,,,,,,,,,,,,0.00884520914331,0.0463216346692,0.219102919674,0.621641792793,1.4486501651,2.19498738672,3.02736391665,4.18580507916,5.45201179553,6.78705844875,8.15177921887,9.97121860042,11.1823854624,12.1244060105,12.8811314236,16.2432606904
Uruguay,URY,,,,,,,,,,,,,,,,,,,,,,,,,,,,,,,,,,,,,,,,,,,,,0.812317867804,1.45975150031,3.20045210267,4.9430502902,7.30183481253,9.44771667682,11.3745862226,13.9759999007,17.1023779377,21.6338299685,24.5784208824,26.266291195
United States,USA,,,,,,,,,,,,,,,,,,,,,,,,,,,,,,,,,,,,,,,0.253871908952,0.978713138655,2.4841929863,4.44916865403,6.84932517717,9.47284105008,12.6409913968,17.1570148269,20.0163212348,23.6033992687,25.1518672385,25.8462343632,27.0689449699,28.0449997306,29.1377844423,30.0049320933,30.3208780936,31.0232011838
Uzbekistan,UZB,,,,,,,,,,,,,,,,,,,,,,,,,,,,,,,,,,,,,,,,,,,,0.0107889479848,0.0213850259907,0.0317573055337,0.0327971591943,0.0719188419492,0.244086562657,0.323935675906,0.424930147606,0.524869754082,0.772824116023,1.05861242903,2.79779109372,6.01746917495
St. Vincent and the Grenadines,VCT,,,,,,,,,,,,,,,,,,,,,,,,,,,,,,,,,,,,,,,,,,0.075007639667,1.00416088766,1.05765414894,1.21589506457,3.35359405604,5.15848238881,7.31074327113,8.57839095623,10.5328195224,11.4365692122,12.1153652715,12.4491419272,13.3524727309,13.4551206444,15.5064274873
"Venezuela, RB",VEN,,,,,,,,,,,,,,,,,,,,,,,,,,,,,,,,,,,,,,,,,0.0183262943237,0.147307399977,0.308487274342,0.45352563003,0.800450822628,1.33278220746,1.97723633974,3.1017282112,3.96553565978,4.90342524798,5.76062974699,6.15457469121,6.79927832558,7.34555433219,7.7795089828,8.24498951864
British Virgin Islands,VGB,,,,,,,,,,,,,,,,,,,,,,,,,,,,,,,,,,,,,,,,,,,,,,,,,,28.9729485344,25.2690739448,26.3288856834,26.4703788095,21.8129212096,22.3828863525,24.3055555556
Virgin Islands (U.S.),VIR,,,,,,,,,,,,,,,,,,,,,,,,,,,,,,,,,,,,,,,,,,,,,1.37364163134,2.75313636701,,5.538855073,6.94460051691,8.44832441566,8.55407869752,,,8.53442373883,8.52123754588,8.41861074215
Vietnam,VNM,,,,,,,,,,,,,,,,,,,,,,,,,,,,,,,,,,,,,,,,,,,0.00130348905497,0.0110134543502,0.0626364732461,0.247238741246,0.602429513354,1.49516249549,2.34516617944,3.6441940015,4.12063813612,4.26875445231,5.25946093369,5.62019088777,6.48369457829,8.13820993433
Vanuatu,VUT,,,,,,,,,,,,,,,,,,,,,,,,,,,,,,,,,,,,,,,,,,,,0.00753950701677,0.0112670536655,0.0281791044776,0.0442572698389,0.0590906404971,0.0887319319604,0.216606810985,0.211596324995,0.139384063066,0.125373086038,0.122644532625,1.76886655491,1.62834232705
World,WLD,,,,,,,,,,,,,,,,,,,,,,,,,,,,,,,,,,,,,,,,,,0.841704164476,1.34923985075,1.98584441509,2.95923259005,3.67616416887,4.67980715141,5.39746487536,6.28936297815,7.13471522856,7.87931082241,9.03502656303,9.42812836425,9.85158261667,10.2665599055,11.6024048541
Samoa,WSM,,,,,,,,,,,,,,,,,,,,,,,,,,,,,,,,,,,,,,,,,,,,,0.0178976923163,0.0361255613356,0.0541218182722,0.0713345039508,0.087220078062,0.108281358281,0.10751011939,,0.573882015364,0.650305717227,1.05353149387,1.07851864119
Kosovo,XKX,,,,,,,,,,,,,,,,,,,,,,,,,,,,,,,,,,,,,,,,,,,,,,,,,,,,,,,,
"Yemen, Rep.",YEM,,,,,,,,,,,,,,,,,,,,,,,,,,,,,,,,,,,,,,,,,,,,,,0.00743805965751,0.0134596771594,0.0519304875489,0.119795954316,0.242919077582,0.369019771025,0.467726727098,0.701396659767,1.05214074382,1.36171532556,1.54689120687
South Africa,ZAF,,,,,,,,,,,,,,,,,,,,,,,,,,,,,,,,,,,,,,,,,,,0.00577858297367,0.0433399216216,0.126174938398,0.342674412392,0.685029417495,0.762054093019,0.847466258907,0.945184357423,1.44405449143,1.74594175858,2.11354501362,3.06049344656,3.2110051862,2.63472028263
Zambia,ZMB,,,,,,,,,,,,,,,,,,,,,,,,,,,,,,,,,,,,,,,,,0.000207900598962,0.000299166089003,0.000451746721048,0.000835282402096,0.00223720653443,0.00217959477323,0.0198529708838,0.0330315897609,0.0457832267373,0.0834461920599,0.0776803484304,0.120399337059,0.106564081716,0.0924914572477,0.13661538691,0.150712608389
Zimbabwe,ZWE,,,,,,,,,,,,,,,,,,,,,,,,,,,,,,,,,,,,,,,,,,0.00612548277901,0.0225220913475,0.0503901846296,0.0706449759463,0.0801300396071,0.0801615301987,0.119386255746,0.140800549685,0.36566296721,0.252351881299,0.254515059731,0.523924068498,0.734406961926,1.04274683932,1.08989690486
