Country Name,Country Code,ElecAcc_1960,ElecAcc_1961,ElecAcc_1962,ElecAcc_1963,ElecAcc_1964,ElecAcc_1965,ElecAcc_1966,ElecAcc_1967,ElecAcc_1968,ElecAcc_1969,ElecAcc_1970,ElecAcc_1971,ElecAcc_1972,ElecAcc_1973,ElecAcc_1974,ElecAcc_1975,ElecAcc_1976,ElecAcc_1977,ElecAcc_1978,ElecAcc_1979,ElecAcc_1980,ElecAcc_1981,ElecAcc_1982,ElecAcc_1983,ElecAcc_1984,ElecAcc_1985,ElecAcc_1986,ElecAcc_1987,ElecAcc_1988,ElecAcc_1989,ElecAcc_1990,ElecAcc_1991,ElecAcc_1992,ElecAcc_1993,ElecAcc_1994,ElecAcc_1995,ElecAcc_1996,ElecAcc_1997,ElecAcc_1998,ElecAcc_1999,ElecAcc_2000,ElecAcc_2001,ElecAcc_2002,ElecAcc_2003,ElecAcc_2004,ElecAcc_2005,ElecAcc_2006,ElecAcc_2007,ElecAcc_2008,ElecAcc_2009,ElecAcc_2010,ElecAcc_2011,ElecAcc_2012,ElecAcc_2013,ElecAcc_2014,ElecAcc_2015
Aruba,ABW,,,,,,,,,,,,,,,,,,,,,,,,,,,,,,,88.9610443115,89.2513427734,89.5411911011,89.828338623,90.1100692749,90.3836898804,90.6464767456,90.8957443237,91.1287689209,91.3439559937,91.6603980031,91.7331085205,91.9148635864,92.0932769775,92.2722473145,92.4556655884,92.6474304199,92.8505096436,93.0640869141,93.2864151001,93.356292151,93.7503128052,93.9883880615,94.2282104492,94.4683227539,
Afghanistan,AFG,,,,,,,,,,,,,,,,,,,,,,,,,,,,,,,,,,,,,,,,0.0168709289283,0.163712739944,1.00609898567,3.46720504761,7.20917892456,13.969171524,23.0,27.5064105988,34.290512085,42.4,47.8884658813,42.7,61.5144195557,69.1,75.1543731689,89.5,
Angola,AGO,,,,,,,,,,,,,,,,,,,,,,,,,,,,,,,47.8336296082,47.2611160278,46.6881484985,46.1124801636,45.5313949585,44.9421958923,44.34217453,43.7286224365,43.0988349915,42.4512062073,41.7885398865,41.1147270203,40.4336700439,39.7492675781,39.0654182434,38.3860244751,37.7149772644,37.5,36.40599823,35.7655067444,35.132019043,34.6,33.8790359497,33.2560462952,32.0,
Albania,ALB,,,,,,,,,,,,,,,,,,,,,,,,,,,,,,,100.0,100.0,100.0,100.0,100.0,100.0,100.0,100.0,100.0,100.0,100.0,100.0,100.0,100.0,100.0,100.0,100.0,100.0,100.0,100.0,100.0,100.0,100.0,100.0,100.0,
Andorra,AND,,,,,,,,,,,,,,,,,,,,,,,,,,,,,,,100.0,100.0,100.0,100.0,100.0,100.0,100.0,100.0,100.0,100.0,100.0,100.0,100.0,100.0,100.0,100.0,100.0,100.0,100.0,100.0,100.0,100.0,100.0,100.0,100.0,
Arab World,ARB,,,,,,,,,,,,,,,,,,,,,,,,,,,,,,,76.1486980045,76.5635451422,74.0668664915,74.8460702739,75.303934953,76.0423297978,76.7685691929,77.1470797699,77.9857917977,78.5530124004,79.2361658071,79.7682939816,80.22959251,80.9683547098,82.6287938098,83.3519794066,83.7879013367,84.3916648755,85.0422475454,84.6553377205,85.9553450727,86.3923126927,86.8469662173,87.6049612449,88.039124749,
United Arab Emirates,ARE,,,,,,,,,,,,,,,,,,,,,,,,,,,,,,,100.0,100.0,100.0,100.0,100.0,100.0,100.0,100.0,100.0,100.0,100.0,100.0,100.0,100.0,100.0,100.0,100.0,100.0,100.0,100.0,100.0,100.0,100.0,100.0,100.0,
Argentina,ARG,,,,,,,,,,,,,,,,,,,,,,,,,,,,,,,90.7590866089,91.2247314453,91.6899185181,92.1524047852,92.6094818115,93.0584335327,93.4965667725,93.9211730957,94.3295440674,94.7200698853,95.0955581665,95.5110634674,95.8170089722,96.1707611084,96.5250701904,96.8838272095,97.2509384155,97.6293563843,98.0248184204,98.4211883545,98.82,99.2201919556,99.573059082,99.8315429688,100.0,
Armenia,ARM,,,,,,,,,,,,,,,,,,,,,,,,,,,,,,,97.2518234253,97.4521865845,97.6521072388,97.849319458,98.0350341797,98.2166900635,98.3875350952,98.5450592041,98.6874313354,98.8143081665,98.9,100.0,98.0,99.2153549194,99.3073043823,99.8,99.5071563721,99.6199874878,99.7395172119,99.8528900146,99.8,99.983543396,99.9979400635,100.0,100.0,
American Samoa,ASM,,,,,,,,,,,,,,,,,,,,,,,,,,,,,,,,,,,,,,,,,,,,,,,,,,,,,,,,
Antigua and Barbuda,ATG,,,,,,,,,,,,,,,,,,,,,,,,,,,,,,,81.7630310059,82.4355239868,83.1075668335,83.7769088745,84.4408340454,85.0966491699,85.7416305542,86.3730926514,86.9883117676,87.5857009888,88.1680374146,88.7392349243,89.3031921387,89.8638000488,90.4249572754,90.9905776978,91.5645370483,92.149810791,92.7455825806,93.3500976562,93.9616165161,94.5520140337,95.1986541748,95.8206787109,96.4429855347,
Australia,AUS,,,,,,,,,,,,,,,,,,,,,,,,,,,,,,,100.0,100.0,100.0,100.0,100.0,100.0,100.0,100.0,100.0,100.0,100.0,100.0,100.0,100.0,100.0,100.0,100.0,100.0,100.0,100.0,100.0,100.0,100.0,100.0,100.0,
Austria,AUT,,,,,,,,,,,,,,,,,,,,,,,,,,,,,,,100.0,100.0,100.0,100.0,100.0,100.0,100.0,100.0,100.0,100.0,100.0,100.0,100.0,100.0,100.0,100.0,100.0,100.0,100.0,100.0,100.0,100.0,100.0,100.0,100.0,
Azerbaijan,AZE,,,,,,,,,,,,,,,,,,,,,,,,,,,,,,,93.8162384033,94.2689971924,94.7213058472,95.1709136963,95.6151046753,96.0511856079,96.4764328003,96.8881607056,97.2836456299,97.0,98.0155639648,98.369934082,100.0,99.0592803955,99.3883361816,99.6729049683,99.5,99.967010498,99.9960632324,100.0,100.0,100.0,100.0,100.0,100.0,
Burundi,BDI,,,,,,,,,,,,,,,,,,,,,,,,,,,,,,,1.45345509052,1.73371553421,2.01352500916,2.29062891006,2.56232094765,2.82589578629,3.07864737511,3.31786990166,3.9,3.74600553513,3.9361114502,4.11507463455,4.28679275513,4.45516586304,4.62409162521,4.7974691391,4.9791970253,5.17223310471,4.8,5.58805322647,5.3,6.03187131882,6.5,6.48968839645,7.0,
Belgium,BEL,,,,,,,,,,,,,,,,,,,,,,,,,,,,,,,100.0,100.0,100.0,100.0,100.0,100.0,100.0,100.0,100.0,100.0,100.0,100.0,100.0,100.0,100.0,100.0,100.0,100.0,100.0,100.0,100.0,100.0,100.0,100.0,100.0,
Benin,BEN,,,,,,,,,,,,,,,,,,,,,,,,,,,,,,,7.22771310806,8.59543514252,9.96270561218,11.3272705078,12.6864233017,14.0374593735,14.5,16.7043552399,18.0148048401,19.3074131012,20.5849819183,21.9,23.110584259,24.3664188385,25.6228065491,26.883644104,27.9,29.4333305359,30.7243270874,32.0240745544,34.2,36.9,38.4,37.275554657,34.1,
Burkina Faso,BFA,,,,,,,,,,,,,,,,,,,,,,,,,,,,,,,2.75282740593,3.42968320847,4.10608816147,6.1,5.44807481766,6.10824489594,6.7575917244,7.393409729,8.01299285889,6.9,9.20143795013,9.77699565887,10.3453102112,11.4,11.4757995605,12.0457725525,12.6240959167,13.2137269974,13.8138570786,14.4227380753,13.1,15.65974617,16.2843761444,16.9107551575,19.2,
Bangladesh,BGD,,,,,,,,,,,,,,,,,,,,,,,,,,,,,,,7.57631158829,9.99732494354,12.4178876877,14.8357439041,17.8,19.6525173187,22.0460205078,22.4,26.7897377014,29.1356372833,32.0,33.7862129211,36.0986824036,38.4078102112,40.6,44.23,45.3540992737,46.5,50.0321769714,52.3852157593,55.26,59.6,59.4793243408,61.5,62.4,
Bulgaria,BGR,,,,,,,,,,,,,,,,,,,,,,,,,,,,,,,100.0,100.0,100.0,100.0,100.0,100.0,100.0,100.0,100.0,100.0,100.0,100.0,100.0,100.0,100.0,100.0,100.0,100.0,100.0,100.0,100.0,100.0,100.0,100.0,100.0,
Bahrain,BHR,,,,,,,,,,,,,,,,,,,,,,,,,,,,,,,,,,,,,,,,,,100.0,100.0,100.0,100.0,100.0,100.0,100.0,100.0,100.0,100.0,100.0,100.0,100.0,100.0,
"Bahamas, The",BHS,,,,,,,,,,,,,,,,,,,,,,,,,,,,,,,90.2691192627,90.8325042725,91.3954467773,91.9556732178,92.5104904175,93.0571975708,93.5930709839,94.1154174805,94.6215362549,95.1098098755,95.5830459595,96.065547,96.4999771118,96.9514770508,97.4035263062,97.8600311279,98.3327484131,98.8042602539,99.2550964355,99.6267089844,99.8636627197,99.968536377,99.9966125488,100.0,100.0,
Bosnia and Herzegovina,BIH,,,,,,,,,,,,,,,,,,,,,,,,,,,,,,,96.2652282715,96.5352783203,96.8048706055,97.071762085,97.3332443237,97.5866088867,97.8291473389,98.0462265015,98.2582855225,98.4548339844,98.6374282837,99.4,98.5,99.1345977783,99.2962265015,99.4620666504,99.6318817139,99.7,99.9121551514,99.9764099121,99.9970397949,100.0,100.0,100.0,100.0,
Belarus,BLR,,,,,,,,,,,,,,,,,,,,,,,,,,,,,,,100.0,100.0,100.0,100.0,100.0,100.0,100.0,100.0,100.0,100.0,100.0,100.0,100.0,100.0,100.0,100.0,100.0,100.0,100.0,100.0,100.0,100.0,100.0,100.0,100.0,
Belize,BLZ,,,,,,,,,,,,,,,,,,,,,,,,,,,,,,,77.616394043,78.2953414917,78.9738464355,79.6496353149,80.3200149536,80.9822845459,81.6337203979,82.2716369629,82.8933105469,83.4971466064,84.0859451294,84.6635971069,85.2340087891,85.801071167,86.3686828613,86.9407501221,87.5211639404,88.1128921509,88.7151184082,89.3260955811,89.9172243748,90.5672912598,91.1940155029,91.8224868774,92.4512481689,
Bermuda,BMU,,,,,,,,,,,,,,,,,,,,,,,,,,,,,,,100.0,100.0,100.0,100.0,100.0,100.0,100.0,100.0,100.0,100.0,100.0,100.0,100.0,100.0,100.0,100.0,100.0,100.0,100.0,100.0,100.0,100.0,100.0,100.0,100.0,
Bolivia,BOL,,,,,,,,,,,,,,,,,,,,,,,,,,,,,,,54.7538414001,56.303314209,57.8523368835,59.398651123,64.1,62.4723434448,63.9943084717,67.330431,71.2,70.929888,69.963045,69.258539,63.996855,72.3,75.6934509277,68.288209,76.211281,80.156567,84.674991,86.765597,84.491973877,88.335943,90.387375,89.505686,90.038729,
Brazil,BRA,,,,,,,,,,,,,,,,,,,,,,,,,,,,,,,87.475116,89.6813354492,88.803833,89.999927,91.36769104,91.728598,92.867095,93.354139,94.193812,94.76296,94.4569702148,96.016528,96.652996,96.980098,96.765107,97.093513,97.594314,98.125382,98.526625,98.856938,99.1600646973,99.328691,99.519494,99.575151,99.650247,
Barbados,BRB,,,,,,,,,,,,,,,,,,,,,,,,,,,,,,,,,,,,,,,,,100.0,100.0,100.0,100.0,100.0,100.0,100.0,100.0,100.0,100.0,100.0,100.0,100.0,100.0,100.0,
Brunei Darussalam,BRN,,,,,,,,,,,,,,,,,,,,,,,,,,,,,,,100.0,100.0,100.0,100.0,100.0,100.0,100.0,100.0,100.0,100.0,100.0,100.0,100.0,100.0,100.0,100.0,100.0,100.0,100.0,100.0,100.0,100.0,100.0,100.0,100.0,
Bhutan,BTN,,,,,,,,,,,,,,,,,,,,,,,,,,,,,,,,0.0343403071165,0.260303586721,1.18468916416,1.56777966022,6.68275260925,11.7869024277,16.8775234222,21.9519081116,27.0084552765,32.0499572754,37.0803184509,42.1034355164,41.1,52.1435317993,59.8081116441,62.2014350891,71.8,72.3008041382,77.3644866943,82.4351654053,87.511100769,91.5,97.6717147827,100.0,
Botswana,BWA,,,,,,,,,,,,,,,,,,,,,,,,,,,,,,,5.80737304688,10.1,10.1514949799,12.3206243515,14.4843425751,16.6399440765,18.7847213745,20.9159698486,23.0309829712,25.128156662,27.2102890015,24.8,31.3450222015,33.405418396,35.4663734436,37.5317764282,39.6055297852,41.6905899048,43.1,45.8904647827,48.0017738342,53.24,52.2383918762,54.3602027893,56.4823036194,
Central African Republic,CAF,,,,,,,,,,,,,,,,,,,,,,,,,,,,,,,0.39850795269,0.956472992897,1.51398706436,2.06879520416,2.61819195747,3.0,3.68992733955,4.20685434341,4.70754671097,5.19039916992,6.0,6.11487722397,6.56430006027,7.01037740707,7.45700788498,7.90808963776,8.36752223969,8.83826255798,9.31950283051,9.80949211121,9.8,10.8087186813,11.3144569397,11.8219451904,12.3297252655,
Canada,CAN,,,,,,,,,,,,,,,,,,,,,,,,,,,,,,,100.0,100.0,100.0,100.0,100.0,100.0,100.0,100.0,100.0,100.0,100.0,100.0,100.0,100.0,100.0,100.0,100.0,100.0,100.0,100.0,100.0,100.0,100.0,100.0,100.0,
Central Europe and the Baltics,CEB,,,,,,,,,,,,,,,,,,,,,,,,,,,,,,,100.0,100.0,100.0,100.0,100.0,100.0,100.0,100.0,100.0,100.0,100.0,100.0,100.0,100.0,100.0,100.0,100.0,100.0,100.0,100.0,100.0,100.0,100.0,100.0,100.0,
Switzerland,CHE,,,,,,,,,,,,,,,,,,,,,,,,,,,,,,,100.0,100.0,100.0,100.0,100.0,100.0,100.0,100.0,100.0,100.0,100.0,100.0,100.0,100.0,100.0,100.0,100.0,100.0,100.0,100.0,100.0,100.0,100.0,100.0,100.0,
Channel Islands,CHI,,,,,,,,,,,,,,,,,,,,,,,,,,,,,,,100.0,100.0,100.0,100.0,100.0,100.0,100.0,100.0,100.0,100.0,100.0,100.0,100.0,100.0,100.0,100.0,100.0,100.0,100.0,100.0,100.0,100.0,100.0,100.0,100.0,
Chile,CHL,,,,,,,,,,,,,,,,,,,,,,,,,,,,,,,92.257427,94.0789489746,94.560057,94.8113250732,95.1707458496,95.5220489502,95.617315,96.1894836426,97.241124,96.7930755615,97.938687,97.337600708,97.5970458984,98.782325,98.1131286621,98.3769683838,99.368108,98.9288101196,99.2168960571,99.593662,99.7386016846,99.588193,99.9754486084,99.6,100.0,
China,CHN,,,,,,,,,,,,,,,,,,,,,,,,,,,,,,,89.3948059082,89.9669876099,90.5387115479,91.1077346802,91.6713485718,92.2268447876,92.7715148926,93.3026580811,93.817565918,94.3146286011,94.7966537476,95.267539978,95.7311782837,96.1914672852,96.6523132324,97.1176071167,97.591255188,98.0838775635,98.5765914917,99.0616607666,99.7,99.7942657471,99.9468460083,99.9935455322,100.0,
Cote d'Ivoire,CIV,,,,,,,,,,,,,,,,,,,,,,,,,,,,,,,36.6594924927,37.7872810364,38.9146156311,40.0392494202,36.5,42.269569397,43.3698501587,44.4566001892,45.5271148682,48.2,47.6174240112,48.6439170837,51.4,50.6790618896,51.695514679,58.9,53.745677948,54.786239624,55.8373031616,56.8971138,57.9639282227,59.035987854,55.8,61.1888618469,61.9,
Cameroon,CMR,,,,,,,,,,,,,,,,,,,,,,,,,,,,,,,30.0637989044,29.0,32.4811058044,33.6868247986,34.887134552,36.0793266296,37.2606964111,38.4285354614,40.7,40.7139053345,41.0,46.2,44.0405464172,45.1375350952,47.1,47.3370742798,49.0,48.2,50.7012252808,51.8421287537,52.990032196,53.7,55.2998313904,56.4582328796,56.8,
"Congo, Dem. Rep.",COD,,,,,,,,,,,,,,,,,,,,,,,,,,,,,,,,0.592188417912,1.30278789997,2.01068162918,2.71316385269,3.40752863884,4.09107017517,4.76108264923,5.41486024857,6.05079841614,6.7,7.28144693375,7.88395547867,8.48311805725,9.08283424377,6.0,10.2995195389,15.2,11.5576705933,12.2007455826,12.8508195877,13.5061435699,15.4,14.8255405426,13.5,
"Congo, Rep.",COG,,,,,,,,,,,,,,,,,,,,,,,,,,,,,,,17.7301692963,18.8506164551,19.9706134796,21.0879039764,22.1997814178,23.3035430908,24.3964824677,25.4758911133,26.5390663147,27.5844020844,28.6146945953,29.6338443756,30.6457500458,31.6543083191,32.6634216309,33.8,34.6989021301,35.7321243286,36.775844574,37.1,38.8877868652,39.9525108337,41.6,42.0907020569,43.1609611511,
Colombia,COL,,,,,,,,,,,,,,,,,,,,,,,,,,,,,,,89.9,90.7104644775,91.0986480713,91.48412323,91.8641891479,91.2,92.5972595215,92.9448547363,93.2762145996,93.5897369385,95.2,94.1755447388,94.4556350708,94.732383728,95.0096817017,96.8,95.58152771,95.8829345703,96.806763,96.057229,96.788995,96.6936,97.032176,97.779418,97.790938,
Comoros,COM,,,,,,,,,,,,,,,,,,,,,,,,,,,,,,,14.4167842865,16.9504299164,19.4836235046,22.0141124725,24.539188385,27.0561466217,28.9,32.054889679,34.5312614441,36.9897956848,39.4332847595,41.8656349182,44.8,46.7124938965,49.134803772,51.5615653992,53.9966773987,56.4430999756,58.9000205994,61.365688324,63.8383560181,66.3162765503,69.3,71.2808609009,73.7643203735,
Cabo Verde,CPV,,,,,,,,,,,,,,,,,,,,,,,,,,,,,,,28.2606830597,30.9018173218,33.5425033569,36.180480957,38.8130455017,41.4374961853,44.0511207581,46.6512184143,49.235080719,51.8011016846,54.3520851135,56.8919219971,58.6,61.9537620544,64.4835586548,67.0,69.5604171753,72.1143264771,74.6787338257,77.2518920898,81.1,82.4174575806,85.0063705444,87.5970306396,90.1879730225,
Costa Rica,CRI,,,,,,,,,,,,,,,,,,,,,,,,,,,,,,,97.2400970459,97.4035644531,97.5665893555,97.7269058228,97.8818130493,98.0286026001,98.16456604,98.2870025635,98.3932037354,98.4815673828,98.5548858643,98.24978,98.509188,98.695902,98.954779,99.053051,99.147523,99.217998,99.263937,99.409804,98.995734,99.232348,99.503298,99.563517,99.359291,
Caribbean small states,CSS,,,,,,,,,,,,,,,,,,,,,,,,,,,,,,,76.2388611353,79.2019201446,80.081047617,81.0907827243,81.7927038287,82.6356547871,85.4222349785,84.2855521295,85.0559251328,86.1967729486,87.1708688816,88.8065130052,88.7707132438,89.3154638304,90.0145266309,90.6095105178,91.4274143976,92.1377693001,93.0091478719,93.2725578057,94.2567774923,93.5696097235,95.4466750425,95.9866211911,96.8275326398,
Cuba,CUB,,,,,,,,,,,,,,,,,,,,,,,,,,,,,,,92.0659790039,92.5881195068,93.1098022461,93.6287918091,94.142364502,94.647819519,95.1424484253,95.623550415,96.0884170532,96.535446167,97.0,97.3882751465,97.8018722534,98.2125396729,98.6262512207,99.0388946533,99.4251480103,99.7299041748,99.9103088379,99.9819030762,99.9983825684,100.0,100.0,100.0,100.0,
Curacao,CUW,,,,,,,,,,,,,,,,,,,,,,,,,,,,,,,100.0,100.0,100.0,100.0,100.0,100.0,100.0,100.0,100.0,100.0,100.0,100.0,100.0,100.0,100.0,100.0,100.0,100.0,100.0,100.0,100.0,100.0,100.0,100.0,100.0,
Cayman Islands,CYM,,,,,,,,,,,,,,,,,,,,,,,,,,,,,,,100.0,100.0,100.0,100.0,100.0,100.0,100.0,100.0,100.0,100.0,100.0,100.0,100.0,100.0,100.0,100.0,100.0,100.0,100.0,100.0,100.0,100.0,100.0,100.0,100.0,
Cyprus,CYP,,,,,,,,,,,,,,,,,,,,,,,,,,,,,,,100.0,100.0,100.0,100.0,100.0,100.0,100.0,100.0,100.0,100.0,100.0,100.0,100.0,100.0,100.0,100.0,100.0,100.0,100.0,100.0,100.0,100.0,100.0,100.0,100.0,
Czech Republic,CZE,,,,,,,,,,,,,,,,,,,,,,,,,,,,,,,100.0,100.0,100.0,100.0,100.0,100.0,100.0,100.0,100.0,100.0,100.0,100.0,100.0,100.0,100.0,100.0,100.0,100.0,100.0,100.0,100.0,100.0,100.0,100.0,100.0,
Germany,DEU,,,,,,,,,,,,,,,,,,,,,,,,,,,,,,,100.0,100.0,100.0,100.0,100.0,100.0,100.0,100.0,100.0,100.0,100.0,100.0,100.0,100.0,100.0,100.0,100.0,100.0,100.0,100.0,100.0,100.0,100.0,100.0,100.0,
Djibouti,DJI,,,,,,,,,,,,,,,,,,,,,,,,,,,,,,,63.3589401245,62.7267913818,62.0941886902,61.4588851929,60.8181648254,60.1693305969,62.0,58.8364830017,58.1470603943,57.4397964478,56.7174911499,55.984046936,49.7,54.4993171692,53.7558326721,53.0167999268,55.5,51.5667419434,50.8578643799,50.1577415466,49.4646148682,48.7767372131,48.0923614502,47.4097328186,46.7273979187,
Dominica,DMA,,,,,,,,,,,,,,,,,,,,,,,,,,,,,,,65.4703063965,67.022819519,68.5748748779,70.1242370605,71.668182373,73.2040023804,74.7290115356,76.240486145,75.0,79.2131271362,80.6754837036,82.126701355,87.7,85.0112991333,86.4524765015,87.8981018066,89.3520812988,90.8173751831,90.9,93.7776947021,95.2692337036,96.7660217285,98.1088409424,99.1929702759,100.0,
Denmark,DNK,,,,,,,,,,,,,,,,,,,,,,,,,,,,,,,100.0,100.0,100.0,100.0,100.0,100.0,100.0,100.0,100.0,100.0,100.0,100.0,100.0,100.0,100.0,100.0,100.0,100.0,100.0,100.0,100.0,100.0,100.0,100.0,100.0,
Dominican Republic,DOM,,,,,,,,,,,,,,,,,,,,,,,,,,,,,,,79.1123352051,78.2,81.0009307861,81.9422988892,82.8782501221,83.8060836792,84.7230987549,85.6265869141,86.5138320923,91.0,88.764932,89.791362,89.749814,89.173808,90.316567,90.141224,90.118148,96.876342,97.576197,97.85776,98.145414,97.898872,97.86705,98.385853,98.470979,
Algeria,DZA,,,,,,,,,,,,,,,,,,,,,,,,,,,,,,,92.9900512695,93.3932571411,93.7960128784,94.1960525513,94.5906906128,94.9772109985,95.3529052734,95.7150650024,96.0609970093,96.3890838623,96.7021331787,97.0040435791,97.2986984253,97.5900192261,97.8818893433,98.1842651367,98.490737915,98.8065185547,99.3,99.4438934326,99.7111740112,99.889541626,99.9730834961,99.9969177246,100.0,
East Asia & Pacific (excluding high income),EAP,,,,,,,,,,,,,,,,,,,,,,,,,,,,,,,80.7326210352,79.5597517801,81.8352591559,81.4302272602,82.8403168306,83.86302142,85.0841056942,86.3770816823,87.2174417106,88.0268078934,88.8268388716,89.3418589262,90.033017497,90.5010416827,91.1639374797,91.6095103627,92.5006493262,92.9715956624,93.7213582008,94.3203633603,95.0135302247,95.3646177368,95.7673295653,95.929684482,96.1816093103,
Early-demographic dividend,EAR,,,,,,,,,,,,,,,,,,,,,,,,,,,,,,,55.9550868926,53.6135257771,56.130844119,57.0705141599,58.2360152962,59.6316646359,61.193536027,62.9258516369,64.0522138819,66.3227693823,66.8413983099,65.4673661579,68.9510330739,69.999031154,71.0477423515,72.3227321037,73.732564856,74.9015887288,76.0283902024,78.5078995283,79.4835966146,76.4457370956,82.105243281,81.5744874821,82.7856357846,
East Asia & Pacific,EAS,,,,,,,,,,,,,,,,,,,,,,,,,,,,,,,82.4225537131,81.3287077407,83.3937820073,83.0110796564,84.2949197747,85.5737444995,86.6585629666,87.8071851972,88.552131156,89.2700102871,89.9816253242,90.4394487044,91.0554470496,91.4712795571,92.0622658082,92.4584076566,93.2569079797,93.678075528,94.3514885575,94.8888296367,95.5111209675,95.82548176,96.186648757,96.3313290142,96.5570440096,
Europe & Central Asia (excluding high income),ECA,,,,,,,,,,,,,,,,,,,,,,,,,,,,,,,96.3457867014,96.5547328736,96.765010554,96.9787067961,97.1928751904,97.4659715441,97.6290144176,97.8198147863,98.017905208,98.1055548567,98.3939640717,98.5816179138,98.7582891515,98.932537461,99.0793074342,99.2519790459,99.4043189713,99.5933513662,99.712626244,99.8407051721,99.9542963376,99.9600815654,99.9716502998,99.9897643468,99.9969631759,
Europe & Central Asia,ECS,,,,,,,,,,,,,,,,,,,,,,,,,,,,,,,98.30813983,98.4042364995,98.5017744221,98.6007928675,98.7007834121,98.827977292,98.9044086718,98.9930482638,99.0852138551,99.1266666536,99.2603930737,99.3481275859,99.4308141629,99.5117829997,99.5797906919,99.6592814981,99.7291337865,99.8154314522,99.8697445658,99.9277815401,99.979256739,99.9818328177,99.9870801175,99.9953294567,99.99861278,
Ecuador,ECU,,,,,,,,,,,,,,,,,,,,,,,,,,,,,,,88.8142547607,89.2984008789,89.7820968628,90.2630844116,90.7386627197,89.830167,91.6627578735,92.1058654785,92.726642,93.071434,93.3357620239,93.7186126709,94.0942153931,94.973044,94.8392791748,95.83265,96.315259,96.812618,97.206576,96.470862,97.462142,96.872699,97.194929,98.034674,98.976067,
"Egypt, Arab Rep.",EGY,,,,,,,,,,,,,,,,,,,,,,,,,,,,,,,93.7993164062,94.170791626,93.4,94.910118103,95.2730255127,95.5,95.9717712402,96.3022003174,96.6164016724,96.9127578735,97.7,97.4642486572,97.7271728516,98.8,98.250213623,99.4,99.04,99.0763320923,99.8,99.6351013184,99.840637207,99.9535369873,99.9926757812,99.9996490479,99.8,
Euro area,EMU,,,,,,,,,,,,,,,,,,,,,,,,,,,,,,,100.0,100.0,100.0,100.0,100.0,100.0,100.0,100.0,100.0,100.0,100.0,100.0,100.0,100.0,100.0,100.0,100.0,100.0,100.0,100.0,100.0,100.0,100.0,100.0,100.0,
Eritrea,ERI,,,,,,,,,,,,,,,,,,,,,,,,,,,,,,,17.0594444275,18.319190979,19.5784873962,20.8350753784,22.0862541199,22.9,24.5615520477,25.7802619934,26.9827346802,28.1673698425,29.3369617462,30.4954109192,32.2,32.7944755554,33.9428863525,35.0957489014,36.2569618225,37.429485321,38.6125068665,39.8042793274,41.0030479431,42.207069397,43.4145889282,44.6238555908,45.8334197998,
Spain,ESP,,,,,,,,,,,,,,,,,,,,,,,,,,,,,,,100.0,100.0,100.0,100.0,100.0,100.0,100.0,100.0,100.0,100.0,100.0,100.0,100.0,100.0,100.0,100.0,100.0,100.0,100.0,100.0,100.0,100.0,100.0,100.0,100.0,
Estonia,EST,,,,,,,,,,,,,,,,,,,,,,,,,,,,,,,100.0,100.0,100.0,100.0,100.0,100.0,100.0,100.0,100.0,100.0,100.0,100.0,100.0,100.0,100.0,100.0,100.0,100.0,100.0,100.0,100.0,100.0,100.0,100.0,100.0,
Ethiopia,ETH,,,,,,,,,,,,,,,,,,,,,,,,,,,,,,,,1.13580977917,2.29216575623,3.44581580162,4.59405422211,5.73417520523,6.86347341537,7.97924184799,9.07877635956,10.1604700089,12.7,12.2826318741,13.3308963776,14.3758163452,15.4212884903,14.0,17.5294857025,18.5990695953,19.6791496277,20.7679805756,21.8638114929,23.0,24.0694713593,25.1758022308,27.2,
European Union,EUU,,,,,,,,,,,,,,,,,,,,,,,,,,,,,,,100.0,100.0,100.0,100.0,100.0,100.0,100.0,100.0,100.0,100.0,100.0,100.0,100.0,100.0,100.0,100.0,100.0,100.0,100.0,100.0,100.0,100.0,100.0,100.0,100.0,
Fragile and conflict affected situations,FCS,,,,,,,,,,,,,,,,,,,,,,,,,,,,,,,,33.1986561869,32.8754637343,33.2150448513,33.4341729246,34.4603139172,35.165055773,35.7386885555,36.4247462804,35.0493431878,35.3090562158,35.5986961569,35.7801042256,35.8742147506,36.3096755754,37.4787024001,38.429092561,40.0229164781,40.3682703496,40.5653585996,41.2949518066,43.2866572828,44.2022523465,45.3611471158,46.5940604168,
Finland,FIN,,,,,,,,,,,,,,,,,,,,,,,,,,,,,,,100.0,100.0,100.0,100.0,100.0,100.0,100.0,100.0,100.0,100.0,100.0,100.0,100.0,100.0,100.0,100.0,100.0,100.0,100.0,100.0,100.0,100.0,100.0,100.0,100.0,
Fiji,FJI,,,,,,,,,,,,,,,,,,,,,,,,,,,,,,,55.2486419678,57.2393302917,59.2295722961,61.2171058655,63.1992263794,65.1732330322,66.9,69.0860671997,71.0194854736,72.9350585938,74.8355941772,76.7249908447,78.6071395874,80.0,82.3652954102,84.2490997314,86.1412582397,88.9,89.958694458,91.8814086914,93.8111190796,95.7460861206,97.6845474243,98.9159088135,100.0,
France,FRA,,,,,,,,,,,,,,,,,,,,,,,,,,,,,,,100.0,100.0,100.0,100.0,100.0,100.0,100.0,100.0,100.0,100.0,100.0,100.0,100.0,100.0,100.0,100.0,100.0,100.0,100.0,100.0,100.0,100.0,100.0,100.0,100.0,
Faroe Islands,FRO,,,,,,,,,,,,,,,,,,,,,,,,,,,,,,,,,,,,,,,,,,,,,,,,,,,,,,,,
"Micronesia, Fed. Sts.",FSM,,,,,,,,,,,,,,,,,,,,,,,,,,,,,,,27.71459198,29.6079063416,31.5007686615,33.3909225464,35.2756690979,37.1522979736,39.0181007385,40.8703765869,42.7064170837,44.5246162415,46.0,48.1197891235,49.9045600891,51.6859855652,53.4679641724,55.2543945312,57.0491752625,58.8552627563,60.6718521118,62.4971885681,64.5315202481,66.1671142578,68.0082015991,69.8510360718,71.6941604614,
Gabon,GAB,,,,,,,,,,,,,,,,,,,,,,,,,,,,,,,63.8979530334,65.0252990723,66.1521835327,67.2763671875,68.3951416016,69.5057983398,70.6056289673,71.6919326782,72.7620010376,73.8142318726,73.6,75.877456665,76.8962554932,77.9117126465,78.9277191162,81.6,80.9769821167,82.0170974731,83.0677185059,84.1270828247,85.1934432983,86.2650604248,89.3,86.4,89.4941940308,
United Kingdom,GBR,,,,,,,,,,,,,,,,,,,,,,,,,,,,,,,100.0,100.0,100.0,100.0,100.0,100.0,100.0,100.0,100.0,100.0,100.0,100.0,100.0,100.0,100.0,100.0,100.0,100.0,100.0,100.0,100.0,100.0,100.0,100.0,100.0,
Georgia,GEO,,,,,,,,,,,,,,,,,,,,,,,,,,,,,,,99.0038070679,99.1108016968,99.2164764404,99.3190078735,99.4160461426,99.5049591064,99.5830688477,99.6478424072,99.6974639893,99.7314605713,99.7511138916,99.7595977783,99.9,99.7619018555,99.7623291016,99.7655410767,99.7756729126,99.7955322266,99.8252563477,99.8634109497,99.9067001343,99.9481582642,100.0,99.9944763184,100.0,
Ghana,GHA,,,,,,,,,,,,,,,,,,,,,,,,,,,,,,,23.8770198822,26.0018692017,28.1262664795,30.6,32.364238739,34.47240448,36.5697441101,38.6535568237,42.6,42.770866394,44.8055610657,46.8291130066,48.8454208374,48.3,52.8718986511,54.8898620605,56.916179657,58.9538040161,60.5,63.0587997437,65.1226730347,64.06256,69.2644195557,70.7,78.3,
Gibraltar,GIB,,,,,,,,,,,,,,,,,,,,,,,,,,,,,,,100.0,100.0,100.0,100.0,100.0,100.0,100.0,100.0,100.0,100.0,100.0,100.0,100.0,100.0,100.0,100.0,100.0,100.0,100.0,100.0,100.0,100.0,100.0,100.0,100.0,
Guinea,GIN,,,,,,,,,,,,,,,,,,,,,,,,,,,,,,,8.83064651489,9.67525291443,10.5194091797,11.3608598709,12.1968975067,13.0248193741,13.841917038,14.645485878,15.4328203201,16.4,16.9567661285,17.7000751495,18.4361400604,19.1688594818,19.9021320343,20.2,21.385931015,22.1433124542,22.9111938477,23.6878261566,24.4714565277,25.2603359222,26.2,26.8468475342,27.6412677765,
"Gambia, The",GMB,,,,,,,,,,,,,,,,,,,,,,,,,,,,,,,16.7723178864,18.1014060974,19.4300441742,17.7,22.0764980316,23.3889007568,24.6904811859,25.9785327911,27.2503490448,28.5043258667,34.3,30.9710521698,32.1915969849,33.4087982178,34.6265563965,35.8487625122,37.0793190002,38.321182251,39.5735473633,40.8346595764,42.102771759,43.3761367798,44.6529960632,44.5,47.2105140686,
Guinea-Bissau,GNB,,,,,,,,,,,,,,,,,,,,,,,,,,,,,,,,,,,,,,,,,,,,,0.015485316515,0.0833956077695,0.410800874233,1.29153823853,2.60095763206,4.7,6.0,9.366147995,11.6305437088,13.896689415,17.2,
Equatorial Guinea,GNQ,,,,,,,,,,,,,,,,,,,,,,,,,,,,,,,54.8332977295,55.4244651794,56.0151824951,56.6031913757,57.1857910156,57.7602729797,58.323928833,58.8740577698,59.4079551697,59.9240074158,60.4250221252,60.9148902893,61.397518158,61.8767967224,62.356628418,62.8409118652,63.3335494995,63.8374900818,64.3519363403,64.8751220703,65.4053192139,66.1,66.4796981812,67.0203857422,67.5613708496,
Greece,GRC,,,,,,,,,,,,,,,,,,,,,,,,,,,,,,,100.0,100.0,100.0,100.0,100.0,100.0,100.0,100.0,100.0,100.0,100.0,100.0,100.0,100.0,100.0,100.0,100.0,100.0,100.0,100.0,100.0,100.0,100.0,100.0,100.0,
Grenada,GRD,,,,,,,,,,,,,,,,,,,,,,,,,,,,,,,75.6102752686,76.3043212891,76.9979095459,77.6887893677,78.3742675781,79.0516204834,79.7181549072,80.3711547852,81.0079269409,81.6268539429,82.2307434082,82.8234863281,83.4089889526,83.9911422729,84.5738449097,85.1610031128,85.7565155029,86.3633346558,86.9806518555,87.6067123413,88.2397842407,88.8,89.5199127197,90.1634750366,90.8073348999,
Greenland,GRL,,,,,,,,,,,,,,,,,,,,,,,,,,,,,,,100.0,100.0,100.0,100.0,100.0,100.0,100.0,100.0,100.0,100.0,100.0,100.0,100.0,100.0,100.0,100.0,100.0,100.0,100.0,100.0,100.0,100.0,100.0,100.0,100.0,
Guatemala,GTM,,,,,,,,,,,,,,,,,,,,,,,,,,,,,,,60.1587333679,61.428894043,62.698600769,63.9655990601,65.2271881104,60.8,67.7233123779,68.9524307251,70.1653137207,70.9,73.318205,73.7092285156,78.667838,78.512204,77.1879348755,78.3512115479,83.730998,80.7057723999,81.8992004395,83.1013870239,84.3105621338,84.026414,86.7429275513,87.9626083374,85.494371,
Guam,GUM,,,,,,,,,,,,,,,,,,,,,,,,,,,,,,,,,,,,100.0,100.0,100.0,100.0,100.0,100.0,100.0,100.0,100.0,100.0,100.0,100.0,100.0,100.0,100.0,100.0,100.0,100.0,100.0,100.0,
Guyana,GUY,,,,,,,,,,,,,,,,,,,,,,,,,,,,,,,69.175239563,69.852142334,70.5285949707,72.376631,71.8706817627,72.5309066772,73.180305481,73.8161697388,74.4358062744,75.0375976562,75.6243515015,76.1999588013,76.7683181763,77.3333358765,77.8989105225,77.5,79.0473098755,79.6369857788,80.2371673584,77.6,81.4620285034,82.0832061768,82.7078857422,83.3343200684,86.9,
High income,HIC,,,,,,,,,,,,,,,,,,,,,,,,,,,,,,,99.8429285888,99.8709750148,99.8793952852,99.8847242443,99.8916498245,99.903515021,99.9064969615,99.9164012544,99.9335212255,99.92843588,99.946990436,99.9395908955,99.9452745486,99.964552525,99.9569052544,99.9623874645,99.9792346945,99.974330396,99.9802012937,99.9876168848,99.9909310431,99.9896407647,99.99651314,99.9915252276,99.9979928138,
"Hong Kong SAR, China",HKG,,,,,,,,,,,,,,,,,,,,,,,,,,,,,,,100.0,100.0,100.0,100.0,100.0,100.0,100.0,100.0,100.0,100.0,100.0,100.0,100.0,100.0,100.0,100.0,100.0,100.0,100.0,100.0,100.0,100.0,100.0,100.0,100.0,
Honduras,HND,,,,,,,,,,,,,,,,,,,,,,,,,,,,,,,55.1071128845,54.781937,58.913112,61.100156,64.733947,66.122022,61.68112,64.794754,66.859519,67.394103,67.5087051392,68.6795654297,63.141137,65.090464,67.113528,68.903309,71.266448,73.548187,76.396899,78.269685,80.984668,82.195298,83.607727,87.184881,88.653773,
Heavily indebted poor countries (HIPC),HPC,,,,,,,,,,,,,,,,,,,,,,,,,,,,,,,,12.4690440324,13.1178694436,13.9200354647,14.5551415722,15.581752149,16.3840277885,17.199870606,18.0790470922,17.8523469715,18.743352048,19.2810672609,19.7245838713,20.5197075009,21.7776618153,21.8708813807,23.5249329532,25.0459218408,25.6429069656,26.1447565166,27.2957624114,28.9275103183,30.0515129708,30.8704643284,33.3160156621,
Croatia,HRV,,,,,,,,,,,,,,,,,,,,,,,,,,,,,,,100.0,100.0,100.0,100.0,100.0,100.0,100.0,100.0,100.0,100.0,100.0,100.0,100.0,100.0,100.0,100.0,100.0,100.0,100.0,100.0,100.0,100.0,100.0,100.0,100.0,
Haiti,HTI,,,,,,,,,,,,,,,,,,,,,,,,,,,,,,,28.440410614,28.8970623016,29.353263855,29.8067588806,30.2548408508,31.3,31.1239509583,31.5395641327,31.9389438629,32.3204841614,33.7,31.542382,33.3904457092,33.735206604,34.0805244446,34.4302940369,33.9,35.1578407288,35.5377655029,35.9264450073,36.3221168518,36.7230453491,37.9,37.5336418152,37.9401092529,
Hungary,HUN,,,,,,,,,,,,,,,,,,,,,,,,,,,,,,,100.0,100.0,100.0,100.0,100.0,100.0,100.0,100.0,100.0,100.0,100.0,100.0,100.0,100.0,100.0,100.0,100.0,100.0,100.0,100.0,100.0,100.0,100.0,100.0,100.0,
IBRD only,IBD,,,,,,,,,,,,,,,,,,,,,,,,,,,,,,,75.3113815832,75.4771168539,76.8953031431,77.5496395784,78.3142639457,79.1765869587,80.1365052828,81.2473599625,82.024051929,83.3783241422,83.6517833366,82.8595485442,85.0986952102,85.7047639519,86.2307465503,87.0055777289,87.8474693489,88.4516663771,89.2505045335,90.7402232191,91.466360772,89.2083616154,92.8376894257,92.3350335883,92.7669393071,
IDA & IBRD total,IBT,,,,,,,,,,,,,,,,,,,,,,,,,,,,,,,68.2360812661,66.1682339607,67.358107129,68.0161574063,68.7304826644,69.5795285695,70.5353747813,71.4712977575,72.2584706372,73.2860720985,73.5745554555,73.0482296338,74.8182898421,75.5112331767,75.8869460239,76.6743741572,77.4955345619,78.2286095591,78.8774611774,80.1975963543,80.7183764398,79.5268179115,82.4174099813,82.1111697671,82.8968746935,
IDA total,IDA,,,,,,,,,,,,,,,,,,,,,,,,,,,,,,,31.1792569861,26.8331713344,27.8827914823,29.0047267756,29.9576896318,31.1926433051,32.5681327347,33.2428456436,34.5610544569,35.469460265,36.2628737501,37.1679380413,37.9327317024,39.5003020123,39.8521888135,41.141218849,42.3458201504,43.9637140113,44.5569397856,45.7612547974,46.0710145511,48.7241754102,49.5810163785,50.3034474272,52.5818338229,
IDA blend,IDB,,,,,,,,,,,,,,,,,,,,,,,,,,,,,,,43.6298070475,45.799662858,47.3090168445,48.7608952162,49.636389536,50.9099640609,52.1021312825,53.2198535298,53.8625367065,56.750344146,56.4482724037,58.0832681869,58.6519256077,61.6589961821,60.7695810671,62.1359744323,62.8874926221,64.9748559327,64.7041949808,66.4400404031,64.8229639571,68.3852820555,69.4220864819,69.3082502071,72.0942980193,
Indonesia,IDN,,,,,,,,,,,,,,,,,,,,,,,,,,,,,,,60.3432731628,48.9,64.0286941528,55.43,62.8,66.86,72.39,80.3,80.94,83.73,86.3,86.26,87.6,87.94,89.01,87.1274185181,90.62,91.1,92.73,93.55,94.15,94.83,96.0,96.4642583062,97.01,
IDA only,IDX,,,,,,,,,,,,,,,,,,,,,,,,,,,,,,,21.8894343106,16.696508836,17.6571258764,18.6182754192,19.6270289627,20.8571834865,22.3407037325,22.7938084379,24.501801032,24.6994632337,26.0633390615,26.6217952873,27.6094737185,28.531202252,29.537398056,30.8057726046,32.2456503604,33.6396914885,34.659083342,35.5998190398,36.8448381697,39.0365241258,39.749212045,40.8765271992,42.8934287752,
Isle of Man,IMN,,,,,,,,,,,,,,,,,,,,,,,,,,,,,,,100.0,100.0,100.0,100.0,100.0,100.0,100.0,100.0,100.0,100.0,100.0,100.0,100.0,100.0,100.0,100.0,100.0,100.0,100.0,100.0,100.0,100.0,100.0,100.0,100.0,
India,IND,,,,,,,,,,,,,,,,,,,,,,,,,,,,,,,45.0628890991,46.5448188782,48.0262985229,50.9,50.9784317017,52.4436759949,53.8980979919,55.3389892578,56.7636451721,60.1,59.5622367859,55.8,62.3,63.6863021851,64.4,66.4319458008,67.9,69.2100448608,70.6152496338,75.0,76.3,67.6,79.9,77.7375183105,79.1692581177,
Not classified,INX,,,,,,,,,,,,,,,,,,,,,,,,,,,,,,,,,,,,,,,,,,,,,,,,,,,,,,,,
Ireland,IRL,,,,,,,,,,,,,,,,,,,,,,,,,,,,,,,100.0,100.0,100.0,100.0,100.0,100.0,100.0,100.0,100.0,100.0,100.0,100.0,100.0,100.0,100.0,100.0,100.0,100.0,100.0,100.0,100.0,100.0,100.0,100.0,100.0,
"Iran, Islamic Rep.",IRN,,,,,,,,,,,,,,,,,,,,,,,,,,,,,,,96.1523895264,96.3502731323,96.547706604,96.74243927,96.9317550659,97.112953186,97.2833251953,97.4401779175,97.5807876587,97.7035598755,97.9,97.907875061,97.997215271,98.0832138062,98.1697616577,98.2607650757,98.4,98.4707794189,98.5919418335,98.7218475342,98.858757019,99.0009155273,99.1465682983,99.2939758301,99.4416809082,
Iraq,IRQ,,,,,,,,,,,,,,,,,,,,,,,,,,,,,,,95.3341903687,95.5390396118,95.7434387207,95.9451293945,96.1414108276,96.329574585,96.5069122314,96.6707229614,96.8182983398,96.9480285645,97.0627288818,97.1662750244,97.2625808716,97.3555450439,97.4490585327,97.5470199585,97.6533355713,98.1,97.8990859985,98.0359573364,98.1798324585,98.0,98.4815750122,98.6359405518,98.7906036377,
Iceland,ISL,,,,,,,,,,,,,,,,,,,,,,,,,,,,,,,100.0,100.0,100.0,100.0,100.0,100.0,100.0,100.0,100.0,100.0,100.0,100.0,100.0,100.0,100.0,100.0,100.0,100.0,100.0,100.0,100.0,100.0,100.0,100.0,100.0,
Israel,ISR,,,,,,,,,,,,,,,,,,,,,,,,,,,,,,,100.0,100.0,100.0,100.0,100.0,100.0,100.0,100.0,100.0,100.0,100.0,100.0,100.0,100.0,100.0,100.0,100.0,100.0,100.0,100.0,100.0,100.0,100.0,100.0,100.0,
Italy,ITA,,,,,,,,,,,,,,,,,,,,,,,,,,,,,,,100.0,100.0,100.0,100.0,100.0,100.0,100.0,100.0,100.0,100.0,100.0,100.0,100.0,100.0,100.0,100.0,100.0,100.0,100.0,100.0,100.0,100.0,100.0,100.0,100.0,
Jamaica,JAM,,,,,,,,,,,,,,,,,,,,,,,,,,,,,,,70.334586,76.2833404541,77.2513275146,78.2166061401,79.1764678955,80.1282196045,85.706045,81.9965438843,82.907699585,84.554112,84.6793060303,87.708112,86.681291,87.262878418,88.1199798584,88.9815292358,89.8514328003,90.7326431274,92.0,92.524810791,93.4322662354,91.1,95.2611846924,96.179145813,97.0973892212,
Jordan,JOR,,,,,,,,,,,,,,,,,,,,,,,,,,,,,,,96.8,97.4775772095,97.652015686,97.8237533569,97.9900741577,98.1401672363,98.2855377197,98.9,98.5344848633,98.6358795166,98.7233123779,98.7998123169,99.5,98.9350204468,99.1734368203,99.0722351074,99.1504058838,98.8,99.3349227905,99.4,99.5531463623,99.6703720093,99.5,99.8976593018,100.0,
Japan,JPN,,,,,,,,,,,,,,,,,,,,,,,,,,,,,,,100.0,100.0,100.0,100.0,100.0,100.0,100.0,100.0,100.0,100.0,100.0,100.0,100.0,100.0,100.0,100.0,100.0,100.0,100.0,100.0,100.0,100.0,100.0,100.0,100.0,
Kazakhstan,KAZ,,,,,,,,,,,,,,,,,,,,,,,,,,,,,,,97.6545333862,97.8179016113,97.9808197021,98.1369628906,98.2897338867,99.9,98.5682373047,98.6887512207,98.794128418,97.0,98.9599075317,99.0248794556,99.0826263428,99.1370315552,99.1919708252,99.2511901855,99.3178253174,99.3937759399,99.4792938232,100.0,99.6744384766,99.778793335,99.8757858276,99.9498443604,100.0,
Kenya,KEN,,,,,,,,,,,,,,,,,,,,,,,,,,,,,,,5.60775184631,6.65073490143,7.69326734543,10.9,9.7675075531,10.7938051224,11.8092794418,12.8112239838,14.5,14.7648048401,15.7176332474,16.659318924,17.5937595367,16.0,19.4565029144,20.3926029205,21.3370552063,22.2928123474,23.2590713501,23.0,19.2,26.2033405304,27.1940975189,28.1866035461,36.0,
Kyrgyz Republic,KGZ,,,,,,,,,,,,,,,,,,,,,,,,,,,,,,,99.3557510376,99.43019104,99.5041732788,99.5754547119,99.6413192749,99.6990737915,99.7460021973,99.8,99.7965621948,99.7958908081,99.780166626,99.7533111572,100.0,99.6817550659,99.6448516846,99.6124038696,99.5883102417,99.5755233765,99.5732345581,99.5796966553,99.0,99.6118621826,99.8,99.6580352783,99.8,
Cambodia,KHM,,,,,,,,,,,,,,,,,,,,,,,,,,,,,,,,0.103671073914,0.47017082572,0.554133474827,2.74014806747,4.91804552078,7.08511972427,9.23866462708,18.67,13.4954452515,16.6,17.6931591034,19.7791996002,19.3,23.9451446533,20.5,28.1288948059,30.2362537384,26.4,34.4807167053,31.1,38.7531814575,40.8955383301,43.039642334,56.1,
Kiribati,KIR,,,,,,,,,,,,,,,,,,,,,,,,,,,,,,,95.1548995972,93.2542190552,91.3530807495,89.4492416382,87.5399856567,85.6226119995,83.6944198608,81.7527008057,79.7947387695,77.818939209,75.8281021118,73.8261184692,71.8168945312,69.8043212891,67.7922973633,69.6764054575,63.7855148315,61.7976036072,59.8201942444,46.4,63.1677367076,53.9334602356,51.9805488586,50.0293884277,48.0785179138,
St. Kitts and Nevis,KNA,,,,,,,,,,,,,,,,,,,,,,,,,,,,,,,87.0607833862,87.6863861084,88.3115310669,88.9339675903,89.5510025024,90.1599121094,90.7580032349,91.3425598145,91.9108810425,92.4613723755,92.9968109131,93.53,94.0381698608,94.5518798828,95.0661392212,95.584854126,96.1119232178,96.6502914429,97.1991653442,97.7567901611,98.32472229,98.880569458,99.3804321289,99.7527236938,100.0,
"Korea, Rep.",KOR,,,,,,,,,,,,,,,,,,,,,,,,,,,,,,,,,,,,100.0,100.0,100.0,100.0,100.0,100.0,100.0,100.0,100.0,100.0,100.0,100.0,100.0,100.0,100.0,100.0,100.0,100.0,100.0,100.0,
Kuwait,KWT,,,,,,,,,,,,,,,,,,,,,,,,,,,,,,,100.0,100.0,100.0,100.0,100.0,100.0,100.0,100.0,100.0,100.0,100.0,100.0,100.0,100.0,100.0,100.0,100.0,100.0,100.0,100.0,100.0,100.0,100.0,100.0,100.0,
Latin America & Caribbean (excluding high income),LAC,,,,,,,,,,,,,,,,,,,,,,,,,,,,,,,85.1782733273,86.2995455776,86.5200472081,87.2903658871,88.1558426451,88.2943758729,89.2481958083,89.8101365997,90.4655094017,91.1081928208,91.4509529037,91.830161619,92.3807536696,92.7174974318,93.0252550174,93.4264814571,94.098078612,94.5251881836,95.1744133592,95.4773113077,95.8725606846,96.1930439196,96.4836248485,96.9267370347,96.892229617,
Lao PDR,LAO,,,,,,,,,,,,,,,,,,,,,,,,,,,,,,,17.6891212463,20.2665939331,22.8436145782,31.0,27.986831665,25.0,33.0975799561,35.6340141296,38.1542129517,40.6565742493,43.1438903809,45.6200637817,46.3,48.0,53.0207138062,57.2,57.9702453613,60.4604911804,66.0,65.4707336426,67.9872283936,70.0,73.0342178345,75.5612106323,78.0885009766,
Lebanon,LBN,,,,,,,,,,,,,,,,,,,,,,,,,,,,,,,97.193862915,97.4187469482,97.6431732178,97.8648986816,98.0751190186,98.281288147,98.4766464233,98.6586837769,98.8255767822,98.9769592285,99.1143798828,99.2408676147,99.3601303101,99.4760513306,99.9,99.7113800049,99.8258895874,99.9,99.9,99.9946975708,99.9995498657,100.0,100.0,100.0,100.0,
Liberia,LBR,,,,,,,,,,,,,,,,,,,,,,,,,,,,,,,,,,,,,,,,,,,,0.0168472565711,0.0745248124003,0.293555796146,0.796854138374,3.0,2.58275651932,1.9,4.75228643417,4.1,6.94281482697,9.8,9.14063453674,
Libya,LBY,,,,,,,,,,,,,,,,,,,,,,,,,,,,,,,100.0,99.9975280762,99.9928436279,99.98412323,99.9695129395,99.9467086792,99.9130935669,99.8661575317,99.8040771484,99.7264938354,99.8,99.5324554443,99.4227523804,99.3097000122,99.1971893311,99.0889511108,98.9881286621,98.8966217041,98.8146896362,98.7413253784,98.6749420166,98.6138153076,98.5562515259,98.5007171631,98.4460296631,
St. Lucia,LCA,,,,,,,,,,,,,,,,,,,,,,,,,,,,,,,82.4756469727,83.1901550293,83.9042053223,84.6155548096,85.3214950562,86.0193099976,86.7063064575,87.379776001,88.0370025635,88.676399231,89.300743103,89.9,90.5199127197,91.1225357056,91.7257003784,92.3333206177,92.9492950439,93.5765762329,94.2143554688,94.8608856201,95.5144119263,96.1731872559,96.8354644775,97.49949646,98.16381073,
Latin America & Caribbean,LCN,,,,,,,,,,,,,,,,,,,,,,,,,,,,,,,85.4709910245,86.6038827892,86.8330765807,87.5826364334,88.4267842822,88.5733823413,89.4945218972,90.053738733,90.7171338856,91.3234401587,91.6927271983,92.0414448005,92.6324411137,92.9894023492,93.265214776,93.6572687808,94.3287078563,94.7259086619,95.3556867618,95.6579198279,96.0407847384,96.3433411005,96.6329127353,97.0464481425,97.0243316083,
Least developed countries: UN classification,LDC,,,,,,,,,,,,,,,,,,,,,,,,,,,,,,,,12.174541862,13.1416225778,14.0283931013,15.1534482117,16.2526590195,17.8066847654,18.1524444007,19.8831140457,20.1526837783,21.5783328806,22.092562563,23.1305382159,24.1566684176,25.0870506205,26.2024569334,27.7670416683,29.1472369534,30.098323478,30.9731261879,32.2031579755,34.5847128067,35.276104519,36.3190744623,38.2465255324,
Low income,LIC,,,,,,,,,,,,,,,,,,,,,,,,,,,,,,,,5.41134498063,5.78319838948,6.63266632076,7.25159017391,8.42592865118,9.88699959999,10.3701995272,11.2542166805,11.6131104773,12.7157429507,12.8319288823,13.8993460886,14.8702283488,15.7788624233,16.2555901148,18.21368027,19.9421709051,20.4383629061,21.4714120584,22.2919913183,24.4949091316,25.4543995519,26.2483030059,28.2541972062,
Liechtenstein,LIE,,,,,,,,,,,,,,,,,,,,,,,,,,,,,,,100.0,100.0,100.0,100.0,100.0,100.0,100.0,100.0,100.0,100.0,100.0,100.0,100.0,100.0,100.0,100.0,100.0,100.0,100.0,100.0,100.0,100.0,100.0,100.0,100.0,
Sri Lanka,LKA,,,,,,,,,,,,,,,,,,,,,,,,,,,,,,,52.5966567993,54.3072624207,56.0174179077,57.7248649597,59.426902771,61.1208229065,62.8039169312,64.473487854,66.1268157959,67.7623138428,69.3827590942,63.6,80.7,74.1928482056,75.7921218872,77.3958435059,79.0079193115,80.0,82.2651824951,83.9078063965,85.3,87.76,88.8706970215,90.2,92.1912460327,
Lower middle income,LMC,,,,,,,,,,,,,,,,,,,,,,,,,,,,,,,49.2506454463,49.1956741537,51.8559401866,52.8959255025,54.0730291703,55.5499523429,57.2531194288,58.8488693994,60.2466432475,62.6678647299,62.9829125247,61.7426993437,65.2988271897,66.6290605152,67.2252275743,68.7257276831,70.0283925828,71.1394279874,72.3039195817,74.8069565351,75.5690855778,72.7799206246,78.6989110109,78.0619256961,79.526329667,
Low & middle income,LMY,,,,,,,,,,,,,,,,,,,,,,,,,,,,,,,67.5601696188,65.512074828,66.7215472587,67.3934219298,68.1226450054,68.9874172002,69.9617114449,70.9123143839,71.713311979,72.7608621292,73.0614596339,72.5440718553,74.3329194722,75.0359295271,75.4253311729,76.225388523,77.0572723318,77.8041458427,78.4641753637,79.7956066969,80.3296088664,79.1424806283,82.0521781879,81.7542239197,82.5502305976,
Lesotho,LSO,,,,,,,,,,,,,,,,,,,,,,,,,,,,,,,,,,,,,,,0.016507551074,0.0875049978495,0.408730983734,1.24147188663,2.4714205265,4.51301193237,6.8,8.60175323486,9.7,12.7229547501,14.7997093201,17.0,18.9777164459,21.0754680634,23.1767215729,25.2797222137,27.8,
Late-demographic dividend,LTE,,,,,,,,,,,,,,,,,,,,,,,,,,,,,,,87.6334649437,88.351428799,88.7589875218,89.393217939,89.9995072532,90.5404511849,91.1602989209,91.542075655,92.2618513574,92.7635629176,93.2270523692,93.7447712884,94.4292534774,94.8037220571,95.2840890159,95.9127974248,96.3305715196,96.7261735698,97.2543426939,97.7164663362,98.3446367308,98.528967367,98.7656765663,98.8715124681,98.8955705868,
Lithuania,LTU,,,,,,,,,,,,,,,,,,,,,,,,,,,,,,,100.0,100.0,100.0,100.0,100.0,100.0,100.0,100.0,100.0,100.0,100.0,100.0,100.0,100.0,100.0,100.0,100.0,100.0,100.0,100.0,100.0,100.0,100.0,100.0,100.0,
Luxembourg,LUX,,,,,,,,,,,,,,,,,,,,,,,,,,,,,,,100.0,100.0,100.0,100.0,100.0,100.0,100.0,100.0,100.0,100.0,100.0,100.0,100.0,100.0,100.0,100.0,100.0,100.0,100.0,100.0,100.0,100.0,100.0,100.0,100.0,
Latvia,LVA,,,,,,,,,,,,,,,,,,,,,,,,,,,,,,,100.0,100.0,100.0,100.0,100.0,100.0,100.0,100.0,100.0,100.0,100.0,100.0,100.0,100.0,100.0,100.0,100.0,100.0,100.0,100.0,100.0,100.0,100.0,100.0,100.0,
"Macao SAR, China",MAC,,,,,,,,,,,,,,,,,,,,,,,,,,,,,,,,,,,100.0,100.0,100.0,100.0,100.0,100.0,100.0,100.0,100.0,100.0,100.0,100.0,100.0,100.0,100.0,100.0,100.0,100.0,100.0,100.0,100.0,
St. Martin (French part),MAF,,,,,,,,,,,,,,,,,,,,,,,,,,,,,,,100.0,100.0,100.0,100.0,100.0,100.0,100.0,100.0,100.0,100.0,100.0,100.0,100.0,100.0,100.0,100.0,100.0,100.0,100.0,100.0,100.0,100.0,100.0,100.0,100.0,
Morocco,MAR,,,,,,,,,,,,,,,,,,,,,,,,,,,,,,,46.8792495728,48.8824195862,49.2,52.8851509094,54.8797531128,56.5,58.8418998718,60.8040313721,62.7499275208,64.677986145,66.591003418,68.4928741455,70.3875045776,72.2787857056,78.2,76.0669021606,77.9715423584,79.8874893188,81.8139343262,83.749130249,85.6913223267,87.6387634277,89.5897064209,91.5423965454,91.6,
Monaco,MCO,,,,,,,,,,,,,,,,,,,,,,,,,,,,,,,100.0,100.0,100.0,100.0,100.0,100.0,100.0,100.0,100.0,100.0,100.0,100.0,100.0,100.0,100.0,100.0,100.0,100.0,100.0,100.0,100.0,100.0,100.0,100.0,100.0,
Moldova,MDA,,,,,,,,,,,,,,,,,,,,,,,,,,,,,,,96.1198196411,96.375541687,96.6308059692,96.8833618164,97.1305084229,97.3695373535,97.5977478027,97.8124237061,97.9982147217,98.1804351807,98.3486938477,98.5060119629,99.0,98.8028717041,99.1,98.6,99.2607116699,99.4290084839,99.604019165,99.770149231,99.8984451294,99.9698562622,99.9950790405,99.9997329712,100.0,
Madagascar,MDG,,,,,,,,,,,,,,,,,,,,,,,,,,,,,,,10.5524778366,10.8744125366,9.2,11.5146760941,11.828042984,12.1332921982,12.4277181625,10.9,12.9732780457,13.2201013565,13.4518814087,14.8,13.8859128952,14.0959596634,20.3,14.521613121,14.745016098,14.9797267914,15.2249364853,17.4,15.7398548126,14.3,16.2757720947,12.9,16.8189811707,
Maldives,MDV,,,,,,,,,,,,,,,,,,,,,,,,,,,,,,,72.6971740723,73.9885406494,75.2794570923,76.5676727295,77.8504714966,79.1251449585,80.3890075684,81.6393356323,82.8734283447,84.0896835327,83.8,86.4809646606,87.6637878418,88.8432693481,90.0233001709,91.2077789307,92.4006195068,93.6047592163,94.8193969727,99.9,97.2731781006,98.383895874,99.2542724609,99.7624588013,100.0,
Middle East & North Africa,MEA,,,,,,,,,,,,,,,,,,,,,,,,,,,,,,,85.8105416609,86.3381914027,86.5856665782,87.2269914222,87.5944231503,88.1514273103,88.7744280329,89.0995877228,89.8405134639,90.3432921617,90.9668005382,91.3556139374,91.794416194,92.4385396656,93.1310959952,93.8027019227,94.0986379223,94.5044777496,95.0223188519,95.3412532641,95.7564130229,96.1140202823,96.4954211606,97.1671184759,96.9899845998,
Mexico,MEX,,,,,,,,,,,,,,,,,,,,,,,,,,,,,,,94.035194397,94.3619689941,93.145981,95.0119171143,95.238294,95.6402206421,96.093624,96.225227356,96.092755,96.7463989258,98.007132,97.2085037231,97.897085,97.6416320801,98.597701,98.932728,99.11416,98.5524368286,98.914037,99.0588760376,99.236696,99.5733184814,99.111637,99.9214477539,99.172928,
Marshall Islands,MHL,,,,,,,,,,,,,,,,,,,,,,,,,,,,,,,51.9721412659,53.6182937622,55.2639923096,56.9069824219,58.5445632935,60.174030304,61.7926673889,63.3977813721,64.986656189,68.5242358753,68.1136932373,69.6585388184,71.1961517334,72.7304077148,74.2652282715,75.8044891357,77.3521118164,72.3,80.4804611206,82.058631897,83.6438064575,89.9196067854,86.8281478882,88.4238204956,90.0197906494,
Middle income,MIC,,,,,,,,,,,,,,,,,,,,,,,,,,,,,,,69.8854095378,70.0600747784,71.4937310756,72.2052079748,72.9967228655,73.8908692922,74.8786579014,75.9223112651,76.7707238411,78.1967805368,78.4960484211,77.9990209837,80.0268799837,80.8312724562,81.2766351631,82.1989445728,83.0091628742,83.7473274516,84.5159956861,85.9717439632,86.5713395854,85.1140497945,88.2837165585,87.9633879506,88.7201628627,
"Macedonia, FYR",MKD,,,,,,,,,,,,,,,,,,,,,,,,,,,,,,,89.8403244019,90.4718780518,91.1029815674,91.7313766479,92.3543624878,92.9692306519,93.5732803345,94.1637954712,94.7380752563,95.2945175171,95.8359146118,96.3661727905,96.8891830444,97.4088516235,97.929069519,98.4584579468,99.0,99.4386749268,99.7709503174,99.9402160645,99.9926757812,100.0,100.0,100.0,100.0,
Mali,MLI,,,,,,,,,,,,,,,,,,,,,,,,,,,,,,,,0.285910308361,0.842802107334,1.64808034897,2.93005466461,4.20391178131,6.2,6.71645021439,7.94971990585,9.16514968872,10.3655385971,10.8,12.7367839813,13.915438652,15.0946464539,16.2783069611,16.6,18.6736354828,19.8874530792,21.1100196838,22.3395862579,23.5744018555,25.6,26.0527839661,27.2931404114,
Malta,MLT,,,,,,,,,,,,,,,,,,,,,,,,,,,,,,,100.0,100.0,100.0,100.0,100.0,100.0,100.0,100.0,100.0,100.0,100.0,100.0,100.0,100.0,100.0,100.0,100.0,100.0,100.0,100.0,100.0,100.0,100.0,100.0,100.0,
Myanmar,MMR,,,,,,,,,,,,,,,,,,,,,,,,,,,,,,,41.3228111267,41.811088562,42.298915863,42.784034729,43.2637443542,43.7353363037,44.196105957,44.6433448792,45.0743484497,45.4875144958,45.885635376,46.2726135254,47.0,47.0287399292,47.4056816101,47.7870750427,48.1768226624,48.57787323,48.9894256592,49.4097251892,48.8,50.2695770264,50.7056274414,51.1434288025,52.0,
Middle East & North Africa (excluding high income),MNA,,,,,,,,,,,,,,,,,,,,,,,,,,,,,,,85.2221526034,85.7646546911,86.1326853968,86.7910453856,87.1666153161,87.6636047467,88.3086065379,88.640980488,89.4058210266,89.9222377728,90.5656427228,90.9451239525,91.3997758834,92.0691257124,92.2573455999,92.9972062645,93.3115093879,93.7040710387,94.2766076455,94.6243385269,95.0888010641,95.491585081,95.9258772853,96.7013418267,96.490272889,
Montenegro,MNE,,,,,,,,,,,,,,,,,,,,,,,,,,,,,,,100.0,100.0,100.0,100.0,100.0,100.0,100.0,100.0,100.0,100.0,100.0,100.0,100.0,100.0,100.0,100.0,100.0,100.0,100.0,100.0,100.0,100.0,100.0,100.0,100.0,
Mongolia,MNG,,,,,,,,,,,,,,,,,,,,,,,,,,,,,,,63.8195648193,64.786567688,65.7531204224,66.7169647217,67.6753997803,68.6257171631,69.5652160645,70.4911804199,71.4009094238,72.2928009033,67.3,74.0353546143,74.8938140869,76.3,76.604598999,86.2,78.333190918,79.2129669189,80.1032485962,81.0022735596,81.9083023071,82.8195800781,83.7343521118,81.2,85.5676956177,
Northern Mariana Islands,MNP,,,,,,,,,,,,,,,,,,,,,,,,,,,,,,,,,,,,100.0,100.0,100.0,100.0,100.0,100.0,100.0,100.0,100.0,100.0,100.0,100.0,100.0,100.0,100.0,100.0,100.0,100.0,100.0,100.0,
Mozambique,MOZ,,,,,,,,,,,,,,,,,,,,,,,,,,,,,,,,0.0201247464865,0.0978076457977,0.368050634861,0.657983779907,1.74178636074,2.81476569176,6.6,4.91743183136,5.94280767441,6.95314121246,5.7,8.94427871704,8.1,10.9220323563,11.91563797,12.917593956,13.9308576584,14.954621315,15.0,17.0266456604,20.2,19.1196689606,20.1696796417,21.2199840546,
Mauritania,MRT,,,,,,,,,,,,,,,,,,,,,,,,,,,,,,,2.17676472664,3.71728897095,5.25736236572,6.79472970963,8.32668590546,9.85052394867,11.3635396957,12.8630256653,14.3462772369,15.8116884232,17.2620582581,22.2,20.133266449,21.5619029999,22.9910926819,18.2,25.8667259216,27.3200263977,30.0,30.2563743591,31.7359218597,33.2207183838,34.7090148926,36.1990623474,38.8,
Mauritius,MUS,,,,,,,,,,,,,,,,,,,,,,,,,,,,,,,98.6381759644,98.7210083008,98.8033905029,98.88306427,98.957321167,99.0234680176,99.0787887573,99.1205825806,99.1461410522,99.1538619995,99.0,99.128074646,99.4,99.0733032227,99.0447998047,99.0207443237,99.0050430298,99.0006484985,99.0067596436,99.0216140747,99.0434646606,99.4,99.1011734009,99.1335296631,99.1661758423,
Malawi,MWI,,,,,,,,,,,,,,,,,,,,,,,,,,,,,,,1.89712154865,2.28260087967,3.2,3.04995155334,3.42686247826,3.79565596581,4.15362644196,4.49806785583,4.82627439499,5.13664102554,4.8,5.71614742279,5.99308443069,6.2,6.9,6.81941699982,7.10636377335,7.40461874008,7.71337270737,8.03087615967,8.7,7.6,7.4,9.0,11.9,
Malaysia,MYS,,,,,,,,,,,,,,,,,,,,,,,,,,,,,,,93.446144104,93.8021697998,94.1577529907,94.510635376,94.8581008911,95.1974411011,95.525970459,95.840965271,96.1397247314,96.4206466675,96.6865234375,96.9412612915,97.1887512207,97.4328994751,97.6775970459,97.9267425537,98.1921081543,98.460723877,98.7389068604,99.3,99.3158874512,99.5890045166,99.8,99.9356918335,100.0,
North America,NAC,,,,,,,,,,,,,,,,,,,,,,,,,,,,,,,100.0,100.0,100.0,100.0,100.0,100.0,100.0,100.0,100.0,100.0,100.0,100.0,100.0,100.0,100.0,100.0,100.0,100.0,100.0,100.0,100.0,100.0,100.0,100.0,100.0,
Namibia,NAM,,,,,,,,,,,,,,,,,,,,,,,,,,,,,,,25.1965446472,26.2726764679,26.4,28.421333313,29.4888973236,30.5483455658,31.5969696045,32.6320648193,33.6509246826,34.6519432068,36.5,36.6127548218,37.5803451538,38.5445899963,39.50938797,40.4786376953,41.456237793,43.7,43.4445533752,44.4527130127,45.4678688049,46.4882736206,47.5121803284,47.4,49.5637817383,
New Caledonia,NCL,,,,,,,,,,,,,,,,,,,,,,,,,,,,,,,,,,,,100.0,100.0,100.0,100.0,100.0,100.0,100.0,100.0,100.0,100.0,100.0,100.0,100.0,100.0,100.0,100.0,100.0,100.0,100.0,100.0,
Niger,NER,,,,,,,,,,,,,,,,,,,,,,,,,,,,,,,2.94697093964,3.48124670982,4.4,4.54619026184,5.07189750671,6.2,7.0,6.58949232101,6.7,7.52565813065,7.96977949142,8.40275764465,8.82849121094,9.25087928772,9.67382049561,7.1,9.3,10.9840078354,11.4415578842,11.9078578949,12.3811578751,14.3,14.4,13.825553894,14.3096446991,
Nigeria,NGA,,,,,,,,,,,,,,,,,,,,,,,,,,,,,,,27.3,32.5952682495,33.7477226257,34.8974723816,36.041809082,37.1780281067,38.3034210205,39.4152908325,40.5109214783,44.9,42.6514625549,43.7030715942,44.7474327087,52.2,46.8300209045,47.8760414124,48.9304161072,49.9960975647,50.3,52.1572036743,48.0,55.9,55.4469909668,55.6,57.6521377563,
Nicaragua,NIC,,,,,,,,,,,,,,,,,,,,,,,,,,,,,,,66.9215621948,67.5416870117,68.1613540649,72.064174,69.3898696899,69.9933013916,70.5859146118,71.1649932861,69.047103,72.2728500366,72.8028106689,72.22158,73.8332138062,74.3414459229,74.850227356,73.821815,75.885055542,76.4179458618,76.9613418579,77.916313,78.0726318359,78.6370239258,79.2049179077,79.774559021,81.853073,
Netherlands,NLD,,,,,,,,,,,,,,,,,,,,,,,,,,,,,,,100.0,100.0,100.0,100.0,100.0,100.0,100.0,100.0,100.0,100.0,100.0,100.0,100.0,100.0,100.0,100.0,100.0,100.0,100.0,100.0,100.0,100.0,100.0,100.0,100.0,
Norway,NOR,,,,,,,,,,,,,,,,,,,,,,,,,,,,,,,100.0,100.0,100.0,100.0,100.0,100.0,100.0,100.0,100.0,100.0,100.0,100.0,100.0,100.0,100.0,100.0,100.0,100.0,100.0,100.0,100.0,100.0,100.0,100.0,100.0,
Nepal,NPL,,,,,,,,,,,,,,,,,,,,,,,,,,,,,,,,0.0540940985084,0.382749944925,1.49263095856,2.83202242851,6.93386220932,17.9,15.1023654938,19.1636180878,23.20703125,27.2354011536,24.6,35.2626113892,39.2692489624,37.2,47.2880821228,51.2,55.3393783569,59.3811759949,63.431728363,67.4892730713,76.3,75.6183700562,79.6864242554,84.9,
Nauru,NRU,,,,,,,,,,,,,,,,,,,,,,,,,,,,,,,,,,,,,,,,,99.8724746704,99.8079376221,99.7361450195,99.6610107422,99.5864105225,99.5160827637,99.4531784058,99.8,99.3555603027,99.3201141357,99.2916488647,99.0,99.2487869263,99.2311630249,99.2143936157,
New Zealand,NZL,,,,,,,,,,,,,,,,,,,,,,,,,,,,,,,100.0,100.0,100.0,100.0,100.0,100.0,100.0,100.0,100.0,100.0,100.0,100.0,100.0,100.0,100.0,100.0,100.0,100.0,100.0,100.0,100.0,100.0,100.0,100.0,100.0,
OECD members,OED,,,,,,,,,,,,,,,,,,,,,,,,,,,,,,,98.7811846995,98.8559038635,98.7835786561,98.9709995074,99.0209513871,99.1238454258,99.1891025026,99.2336351202,99.2615298799,99.3382310206,99.4900119313,99.4382566963,99.5296786778,99.5501035825,99.6549262526,99.7177156038,99.7776921927,99.7516933286,99.8202047828,99.8676737841,99.924345869,99.949156726,99.9136463442,99.9868594717,99.9192998171,
Oman,OMN,,,,,,,,,,,,,,,,,,,,,,,,,,,,,,,,,,,,,,,,,,,,,,,,100.0,100.0,100.0,100.0,100.0,100.0,100.0,100.0,
Other small states,OSS,,,,,,,,,,,,,,,,,,,,,,,,,,,,,,,59.0602076177,53.94380056,54.0842450522,54.4466567154,55.3005559555,56.1411085341,57.0825178256,57.8914022126,52.9431448883,53.871024345,55.1027799841,57.0436847204,58.1819635725,59.2811379542,57.106656057,58.4738783887,59.4523281349,61.3285432877,62.3782534287,63.8745675214,65.0769186594,66.6845073328,67.7004200943,68.4423347031,70.0374511203,
Pakistan,PAK,,,,,,,,,,,,,,,,,,,,,,,,,,,,,,,58.7405853271,59.6,62.0946502686,63.7687530518,65.4374465942,67.0980148315,68.7477645874,70.3839874268,70.46,73.6061172485,75.1932220459,77.7,78.3378982544,79.9032669067,81.4691925049,83.85,84.6182937622,89.2,87.8088607788,90.73,91.0344238281,91.37,94.2809829712,93.6,97.5348434448,
Panama,PAN,,,,,,,,,,,,,,,,,,,,,,,,,,,,,,,70.19,73.3418426514,74.1985702515,75.0525894165,75.9011993408,76.7416915894,77.5713577271,78.3874969482,79.1874008179,79.9694595337,81.401410093,81.4923629761,82.2409973145,87.8,83.732131958,84.482421875,85.241065979,86.0110168457,86.7914733887,87.5806732178,86.85,89.1783218384,89.9832763672,89.1,91.5969619751,
Peru,PER,,,,,,,,,,,,,,,,,,,,,,,,,,,,,,,60.2897377014,61.6670684814,70.1,64.4181213379,65.7868804932,67.1475219727,67.0,69.16024,72.072063,74.078523,72.496495,72.113111,74.382688,74.380966,75.692357,77.173645,80.157275,81.988131,84.678343,86.42432,88.123061,89.707491,91.099508,92.135365,92.919989,
Philippines,PHL,,,,,,,,,,,,,,,,,,,,,,,,,,,,,,,61.9848098755,63.1765136719,64.367767334,65.4,66.7394485474,67.9144668579,69.078666687,70.2293319702,71.3,72.4803543091,73.5819015503,74.6723098755,75.7554702759,76.6,77.9156570435,79.0004806519,80.0936508179,81.198135376,83.3,83.4368362427,84.567565918,85.7035446167,86.8430252075,87.5,89.1257705688,
Palau,PLW,,,,,,,,,,,,,,,,,,,,,,,,,,,,,,,97.4921035767,97.6138153076,97.7350692749,97.8536224365,97.966758728,98.0717773438,98.165977478,98.2466506958,98.3110809326,98.3576812744,98.3892288208,98.4096374512,98.4228057861,98.4326248169,98.4430007935,98.9165073295,98.4809951782,98.5154800415,98.5604629517,98.6141967773,98.6749267578,98.7409057617,97.6304263094,98.8816146851,99.8103,
Papua New Guinea,PNG,,,,,,,,,,,,,,,,,,,,,,,,,,,,,,,6.16582679749,6.8141002655,7.46192264557,8.1070394516,8.74674510956,9.37833309174,11.0,10.6063327789,11.1973333359,11.7704944611,12.3286142349,12.8755903244,13.4153213501,13.9517068863,14.4886465073,15.0300369263,12.4,16.140827179,16.7123756409,17.292673111,19.5,18.4725170135,19.0685634613,19.6663608551,20.2644500732,
Poland,POL,,,,,,,,,,,,,,,,,,,,,,,,,,,,,,,100.0,100.0,100.0,100.0,100.0,100.0,100.0,100.0,100.0,100.0,100.0,100.0,100.0,100.0,100.0,100.0,100.0,100.0,100.0,100.0,100.0,100.0,100.0,100.0,100.0,
Pre-demographic dividend,PRE,,,,,,,,,,,,,,,,,,,,,,,,,,,,,,,22.9621783333,20.7085321467,21.0868659796,21.9160664355,22.3390438286,23.3118099141,24.1437709373,24.8611345281,25.6397577066,26.0108170282,25.925104217,26.7045131079,26.9257848331,28.8251658729,28.5216111525,29.10142241,30.0864517869,31.3831747383,31.7404736424,32.2255062817,31.8894113045,35.1978255883,35.7906561975,36.3598474361,38.713607315,
Puerto Rico,PRI,,,,,,,,,,,,,,,,,,,,,,,,,,,,,,,,,,,,,,,,,,,100.0,100.0,100.0,100.0,100.0,100.0,100.0,100.0,100.0,100.0,100.0,100.0,100.0,
"Korea, Dem. Peoples Rep.",PRK,,,,,,,,,,,,,,,,,,,,,,,,,,,,,,,4.36977052689,5.59739255905,6.82456302643,8.04902839661,9.26808166504,10.4790172577,11.6791305542,12.8657140732,14.0360631943,15.1885719299,16.3260383606,17.4523639679,18.5714435577,19.6871776581,20.8034648895,21.9242019653,23.0532913208,24.1936893463,25.3445854187,26.0,27.6708774567,28.8427715302,30.0181674957,31.1953125,32.3727493286,
Portugal,PRT,,,,,,,,,,,,,,,,,,,,,,,,,,,,,,,100.0,100.0,100.0,100.0,100.0,100.0,100.0,100.0,100.0,100.0,100.0,100.0,100.0,100.0,100.0,100.0,100.0,100.0,100.0,100.0,100.0,100.0,100.0,100.0,100.0,
Paraguay,PRY,,,,,,,,,,,,,,,,,,,,,,,,,,,,,,,79.0133743286,80.0107345581,81.0076446533,82.0018463135,82.9906463623,77.469114,84.9411697388,86.412854,86.8375854492,88.518177,88.6670455933,91.04207,91.666443,92.558399,93.249876,94.686886,96.749045,96.452771,96.677896,96.891335,97.43086,98.23656,97.835616,99.015884,99.000716,
West Bank and Gaza,PSE,,,,,,,,,,,,,,,,,,,,,,,,,,,,,,,97.7416610718,97.8973312378,98.0524597168,98.2043914795,98.3499069214,98.4858093262,98.6088943481,97.9,98.8037872314,98.8707275391,99.7,98.9615783691,98.9976196289,99.1,99.0812683105,99.1410140991,99.7,99.3250274658,99.4516448975,99.5968933105,99.9,99.9284210205,100.0,100.0,99.9,
Pacific island small states,PSS,,,,,,,,,,,,,,,,,,,,,,,,,,,,,,,55.7190584121,57.0382169919,47.277772645,48.2187203459,49.1059069691,50.2609315309,51.2873435634,52.6596642567,53.9118384182,56.6362297252,56.5214344579,57.678534509,58.7868871472,59.687305145,60.9857367169,62.2914354547,62.2998175853,62.5024841041,65.6927827372,65.6422856224,68.5029930258,69.4240528081,70.5543150571,74.1684730251,72.3338413589,
Post-demographic dividend,PST,,,,,,,,,,,,,,,,,,,,,,,,,,,,,,,99.3369009223,99.3820304381,99.4268868401,99.472129593,99.5183971366,99.5836393481,99.6256047075,99.6656731718,99.703621181,99.7397316844,99.7746440717,99.8094594583,99.8372955016,99.8696292527,99.899754125,99.9291581038,99.9564634707,99.9865764043,99.991918572,99.9977516447,99.9992952249,99.9995162936,99.9995708411,99.999624078,99.9996781079,
French Polynesia,PYF,,,,,,,,,,,,,,,,,,,,,,,,,,,,,,,100.0,100.0,100.0,100.0,100.0,100.0,100.0,100.0,100.0,100.0,100.0,100.0,100.0,100.0,100.0,100.0,100.0,100.0,100.0,100.0,100.0,100.0,100.0,100.0,100.0,
Qatar,QAT,,,,,,,,,,,,,,,,,,,,,,,,,,,,,,,100.0,100.0,100.0,100.0,100.0,100.0,100.0,100.0,100.0,100.0,100.0,100.0,100.0,100.0,100.0,100.0,100.0,100.0,100.0,100.0,100.0,100.0,100.0,100.0,100.0,
Romania,ROU,,,,,,,,,,,,,,,,,,,,,,,,,,,,,,,100.0,100.0,100.0,100.0,100.0,100.0,100.0,100.0,100.0,100.0,100.0,100.0,100.0,100.0,100.0,100.0,100.0,100.0,100.0,100.0,100.0,100.0,100.0,100.0,100.0,
Russian Federation,RUS,,,,,,,,,,,,,,,,,,,,,,,,,,,,,,,100.0,100.0,100.0,100.0,100.0,100.0,100.0,100.0,100.0,100.0,100.0,100.0,100.0,100.0,100.0,100.0,100.0,100.0,100.0,100.0,100.0,100.0,100.0,100.0,100.0,
Rwanda,RWA,,,,,,,,,,,,,,,,,,,,,,,,,,,,,,,,0.0855229124427,2.3,0.599688231945,1.30533671379,2.00286769867,2.68957543373,3.36275434494,4.01969814301,4.65880250931,6.2,5.89578390121,6.50145864487,7.10378789902,7.70666980743,4.8,8.92968845367,9.55668067932,6.0,10.8404130936,9.7,10.8,12.8141336441,15.2,19.8,
South Asia,SAS,,,,,,,,,,,,,,,,,,,,,,,,,,,,,,,42.9080044526,43.6559582309,45.3050631865,47.9663873468,48.5186393147,50.0881061153,51.8193384233,53.1061916334,54.7303125527,57.115610641,57.2196060839,54.6602789914,60.3014926215,61.747055433,62.7365176143,65.197342818,66.6577476296,68.4366414297,69.9360824086,73.9705685634,75.2570568288,69.6565482819,79.3798979617,78.0769886621,80.0580117337,
Saudi Arabia,SAU,,,,,,,,,,,,,,,,,,,,,,,,,,,,,,,,,,,,,,,,,,,,,100.0,100.0,100.0,100.0,100.0,100.0,100.0,100.0,100.0,100.0,100.0,
Sudan,SDN,,,,,,,,,,,,,,,,,,,,,,,,,,,,,,,32.8,31.4743041992,31.8563308716,32.2356491089,32.6095581055,32.9753494263,33.3303184509,33.6717567444,33.9969596863,34.3043251038,34.5966491699,34.8778266907,35.1517601013,35.4223518372,35.6934928894,35.9690856934,36.2530326843,36.5482826233,36.8540344238,29.0,37.4900360107,37.8167877197,38.1470375061,38.4790382385,44.9,
Senegal,SEN,,,,,,,,,,,,,,,,,,,,,,,,,,,,,,,19.5482025146,21.3064346313,23.0642147064,26.0,26.5689506531,28.3104953766,30.041217804,32.2,33.4593696594,36.2,36.8105659485,38.4674987793,36.8,41.7635307312,36.8,47.1,49.9,48.3924789429,50.0739860535,53.5,53.4614944458,56.5,56.8700027466,57.0,61.0,
Singapore,SGP,,,,,,,,,,,,,,,,,,,,,,,,,,,,,,,100.0,100.0,100.0,100.0,100.0,100.0,100.0,100.0,100.0,100.0,100.0,100.0,100.0,100.0,100.0,100.0,100.0,100.0,100.0,100.0,100.0,100.0,100.0,100.0,100.0,
Solomon Islands,SLB,,,,,,,,,,,,,,,,,,,,,,,,,,,,,,,,,0.0139990104362,0.0673985257745,0.333010494709,1.05817735195,2.14788579941,4.01630592346,5.86849117279,15.7,9.52214050293,11.3303012848,13.1312170029,14.9287872314,16.7269115448,18.5294857025,14.4,12.9,23.9953784943,21.1481517903,27.6853427887,29.5390739441,31.3963050842,44.7,35.1145591736,
Sierra Leone,SLE,,,,,,,,,,,,,,,,,,,,,,,,,,,,,,,18.3626365662,18.2040672302,18.0450439453,17.8833179474,17.7161769867,17.5409202576,17.3548412323,17.1552314758,16.9393882751,16.7057056427,16.4569797516,16.1971111298,15.9299983978,15.6595392227,16.8,15.1241798401,14.8670768738,14.6212816238,12.1,14.1594381332,13.9398908615,14.2,13.5147953033,13.5,13.096991539,
El Salvador,SLV,,,,,,,,,,,,,,,,,,,,,,,,,,,,,,,72.1669998169,69.60788,74.3382492065,75.4209442139,76.4982299805,76.995504,77.883,79.6705551147,81.637983,79.129592,84.519249,87.063829,87.54906,86.961151,87.357045,87.525839,89.201467,91.109558,91.000227,91.08402,91.580238,92.574686,93.680571,95.043105,95.125416,
San Marino,SMR,,,,,,,,,,,,,,,,,,,,,,,,,,,,,,,100.0,100.0,100.0,100.0,100.0,100.0,100.0,100.0,100.0,100.0,100.0,100.0,100.0,100.0,100.0,100.0,100.0,100.0,100.0,100.0,100.0,100.0,100.0,100.0,100.0,
Somalia,SOM,,,,,,,,,,,,,,,,,,,,,,,,,,,,,,,,,0.021194467321,0.104185074568,0.382657319307,0.726445913315,1.73916947842,2.73836398125,3.72132372856,4.68644380569,5.63652181625,6.57545661926,7.4,8.43549156189,9.36438941956,10.2977390289,11.2394390106,12.1924476624,13.155954361,14.1282110214,15.1074676514,16.0919742584,17.0799789429,18.0697345734,19.0597820282,
Serbia,SRB,,,,,,,,,,,,,,,,,,,,,,,,,,,,,,,93.9559936523,94.5011062622,95.0457687378,95.5877227783,96.1242675781,96.6526947021,97.1702957153,97.674369812,98.1495513916,98.6211700439,99.0725708008,99.4749298096,100.0,99.9341583252,99.9896240234,99.99949646,100.0,100.0,100.0,100.0,100.0,100.0,100.0,100.0,100.0,
Sub-Saharan Africa (excluding high income),SSA,,,,,,,,,,,,,,,,,,,,,,,,,,,,,,,23.4128916171,19.2033159005,19.7819836816,20.7612220053,21.3080681782,22.4101021978,22.7870494581,24.1229901829,24.7407645044,26.2981310389,26.5088972405,27.0696449953,27.7956152819,29.4324936081,29.3158420756,29.3645911939,30.4986589854,31.5447397495,31.6707603072,32.1619409292,32.1893317934,34.5613212497,35.0468875581,35.4602230979,37.3762035067,
South Sudan,SSD,,,,,,,,,,,,,,,,,,,,,,,,,,,,,,,,,,,,,,,,,,,0.0148144587874,0.0505164191127,0.170616418123,0.418240964413,0.754298448563,1.20177948475,1.65975952148,3.0,1.5,3.07919740677,3.56167602539,4.04590463638,4.53042507172,
Sub-Saharan Africa,SSF,,,,,,,,,,,,,,,,,,,,,,,,,,,,,,,23.4252237621,19.2131019668,19.7913884908,20.7704919642,21.3171562274,22.4191547401,22.7960046565,24.1316261843,24.7493728614,26.3065418889,26.5171877005,27.0777093312,27.8037664648,29.439993785,29.3231589065,29.3717827105,30.5060329216,31.5515827498,31.6775986823,32.1686128583,32.1959656591,34.5674973184,35.0529808784,35.4661593857,37.3820354469,
Small states,SST,,,,,,,,,,,,,,,,,,,,,,,,,,,,,,,63.7582540402,60.850498963,60.319714941,60.8582993947,61.6392301419,62.4658015925,63.8404006171,64.1527381152,60.508117234,61.5545121308,62.8106432382,64.3860498661,65.1956318872,66.0956591947,64.4062479156,65.5228500618,66.3135502252,67.7439520212,68.7960043599,69.8572542442,71.0367184286,72.0784695713,73.1993293222,74.0128110458,75.1937715342,
Sao Tome and Principe,STP,,,,,,,,,,,,,,,,,,,,,,,,,,,,,,,42.4764633179,43.4178543091,44.358795166,45.2970314026,46.2298545837,47.1545600891,48.0684432983,48.9687995911,49.8529205322,50.7192001343,52.9,52.4105300903,53.2433815002,54.072883606,54.9029426575,55.7374534607,56.5803108215,57.4344787598,58.2991485596,56.9,60.0529785156,60.9386444092,57.9,62.7187271118,68.6,
Suriname,SUR,,,,,,,,,,,,,,,,,,,,,,,,,,,,,,,96.9128875732,97.2309188843,97.548500061,97.8633728027,98.1667480469,98.4660644531,98.7545776367,99.0297546387,99.2897949219,99.62406,99.7398681641,99.8902053833,99.969291687,99.995513916,99.9998474121,100.0,100.0,100.0,100.0,100.0,100.0,100.0,100.0,100.0,100.0,
Slovak Republic,SVK,,,,,,,,,,,,,,,,,,,,,,,,,,,,,,,100.0,100.0,100.0,100.0,100.0,100.0,100.0,100.0,100.0,100.0,100.0,100.0,100.0,100.0,100.0,100.0,100.0,100.0,100.0,100.0,100.0,100.0,100.0,100.0,100.0,
Slovenia,SVN,,,,,,,,,,,,,,,,,,,,,,,,,,,,,,,100.0,100.0,100.0,100.0,100.0,100.0,100.0,100.0,100.0,100.0,100.0,100.0,100.0,100.0,100.0,100.0,100.0,100.0,100.0,100.0,100.0,100.0,100.0,100.0,100.0,
Sweden,SWE,,,,,,,,,,,,,,,,,,,,,,,,,,,,,,,100.0,100.0,100.0,100.0,100.0,100.0,100.0,100.0,100.0,100.0,100.0,100.0,100.0,100.0,100.0,100.0,100.0,100.0,100.0,100.0,100.0,100.0,100.0,100.0,100.0,
Swaziland,SWZ,,,,,,,,,,,,,,,,,,,,,,,,,,,,,,,,0.198802053928,0.830069422722,1.30923807621,4.29790353775,7.27845144272,10.2481765747,13.204372406,16.1443328857,19.0664539337,21.9735336304,26.9,27.7581615448,30.6435089111,33.5294075012,36.419757843,35.2,42.2284698486,45.148979187,48.0782356262,51.0144920349,53.9560012817,56.901008606,59.8477630615,65.0,
Sint Maarten (Dutch part),SXM,,,,,,,,,,,,,,,,,,,,,,,,,,,,,,,100.0,100.0,100.0,100.0,100.0,100.0,100.0,100.0,100.0,100.0,100.0,100.0,100.0,100.0,100.0,100.0,100.0,100.0,100.0,100.0,100.0,100.0,100.0,100.0,100.0,
Seychelles,SYC,,,,,,,,,,,,,,,,,,,,,,,,,,,,,,,89.2857971191,89.7740631104,90.2618713379,90.7469787598,90.0,91.6982574463,92.1590118408,92.0,93.0372238159,93.450378418,93.848487854,94.2354507446,96.1,94.9915542603,95.3684768677,95.7498626709,99.0,96.5406341553,96.9521713257,97.3724594116,97.0,98.2322845459,98.6683197021,98.0,99.5441818237,
Syrian Arab Republic,SYR,,,,,,,,,,,,,,,,,,,,,,,,,,,,,,,77.0685958862,77.9116973877,78.7543563843,79.5943069458,80.4288482666,81.2552719116,82.0708694458,82.8729324341,83.6587677002,84.4267654419,85.1797180176,85.9215240479,86.6,87.3873138428,88.1190872192,88.8553085327,89.5998840332,90.3557662964,91.1221466064,91.897277832,92.7,93.4667892456,94.2576751709,95.0503005981,95.8432235718,
Turks and Caicos Islands,TCA,,,,,,,,,,,,,,,,,,,,,,,,,,,,,,,88.7,90.566986084,90.8221588135,91.0746231079,91.3216781616,91.5606155396,91.7887268066,92.0033111572,92.2016601562,92.3821640015,95.6,92.7019577026,92.8490371704,92.9927749634,93.1370620728,93.2857971191,93.4428863525,93.6112823486,93.790184021,93.9778289795,94.1724700928,94.3723678589,93.1,94.7809066772,94.9863433838,
Chad,TCD,,,,,,,,,,,,,,,,,,,,,,,,,,,,,,,,0.0316144376993,0.110866963863,0.30187150836,0.581031799316,1.00856411457,1.42527318001,2.3,2.21539855003,2.5845041275,2.9385676384,3.28148818016,3.61716413498,3.9494946003,3.5,4.61971330643,4.96539878845,5.32239246368,5.68988513947,6.06612730026,6.4,6.83786058426,7.22985172272,7.62359285355,8.01762580872,
East Asia & Pacific (IDA & IBRD countries),TEA,,,,,,,,,,,,,,,,,,,,,,,,,,,,,,,81.7181072947,80.5092907558,82.7999509223,82.3762720963,83.7904045824,84.8112080258,86.0318180263,87.3242836157,88.1580671855,88.9610500614,89.7554698018,90.2620547035,90.9476150307,91.4074132405,92.0643283594,92.5005496291,93.3875071129,93.8485175801,94.5914973114,95.188056107,95.867181317,96.2063102805,96.5976500924,96.7456154041,96.9842267725,
Europe & Central Asia (IDA & IBRD countries),TEC,,,,,,,,,,,,,,,,,,,,,,,,,,,,,,,96.6709302916,96.861061689,97.0523964265,97.246847203,97.4421063428,97.6909828023,97.8395819446,98.0133357905,98.1938089987,98.2736392063,98.5351051707,98.7062929697,98.8674670442,99.0263052392,99.160075527,99.3175122485,99.4564108977,99.6288393868,99.7376484455,99.854529134,99.9582343714,99.9635068951,99.9740710098,99.9906331444,99.9972194004,
Togo,TGO,,,,,,,,,,,,,,,,,,,,,,,,,,,,,,,,0.973318338394,2.11787891388,4.1312289238,6.13916683197,8.1389875412,10.1279850006,12.1034536362,15.3,16.0040817261,16.97,19.8456420898,21.7536067963,23.6582260132,25.5633983612,27.4730205536,27.9,31.3202781677,33.2600593567,35.2085914612,37.1641197205,39.7,41.0891799927,43.0552101135,45.7,
Thailand,THA,,,,,,,,,,,,,,,,,,,,,,,,,,,,,,,65.1566696167,66.9190597534,68.6809921265,70.4402236938,72.1940460205,73.939743042,75.674621582,77.3959655762,79.1010818481,80.7883529663,82.1,84.121673584,85.7755203247,87.4260177612,89.0770721436,90.7325744629,92.3964309692,94.0715942383,95.7572555542,97.4516601562,99.7,99.496307373,99.8807830811,99.9867706299,100.0,
Tajikistan,TJK,,,,,,,,,,,,,,,,,,,,,,,,,,,,,,,96.791847229,96.9859237671,97.1795501709,97.3704681396,97.5559768677,97.7333679199,97.8999404907,98.0529785156,98.189781189,97.0,98.4126663208,98.5054473877,99.0,100.0,98.7559204102,99.3,98.938659668,99.0455093384,99.1628646851,99.0,99.4220657349,99.5604171753,99.1,99.8458633423,99.9897613525,
Turkmenistan,TKM,,,,,,,,,,,,,,,,,,,,,,,,,,,,,,,98.1540908813,98.315612793,98.4758148193,98.6328811646,98.7844467163,98.9278869629,99.0605163574,99.1798248291,99.2839889526,99.3726501465,99.6,99.5111083984,99.5676422119,99.6208343506,99.6745605469,99.7325592041,99.7972946167,99.8662643433,99.9289550781,99.9724655151,100.0,99.9992218018,100.0,100.0,100.0,
Latin America & the Caribbean (IDA & IBRD countries),TLA,,,,,,,,,,,,,,,,,,,,,,,,,,,,,,,85.294960532,86.445808121,86.6696971608,87.4273613531,88.2819600149,88.421746467,89.3553370738,89.9183245521,90.58773956,91.1996627557,91.5639966993,91.9138097451,92.4569768936,92.8176920735,93.0947185352,93.4915372931,94.176539694,94.5807595138,95.2265381146,95.5372748998,95.9318124308,96.2439410017,96.5426311043,96.9682178598,96.9464511414,
Timor-Leste,TLS,,,,,,,,,,,,,,,,,,,,,,,,,,,,,,,8.60565471649,10.1987600327,11.7914142609,13.381362915,14.9658994675,16.5423183441,18.1079158783,19.6599826813,21.19581604,22.7138080597,24.216758728,25.6,27.1931304932,27.7,30.1561183929,31.6423397064,33.1369132996,36.6,36.1591758728,37.6843032837,38.0,40.7538108826,42.2946891785,43.8373184204,45.3802375793,
Middle East & North Africa (IDA & IBRD countries),TMN,,,,,,,,,,,,,,,,,,,,,,,,,,,,,,,85.1125293661,85.6562349449,86.0238225062,86.6843902486,87.0596051865,87.5575163098,88.2051248071,88.5456084813,89.3084171116,89.8288680396,90.4696398153,90.8602121453,91.3186363659,91.9934081291,92.1832402383,92.9299409535,93.2410097502,93.6415607175,94.2184301228,94.567830754,95.0335340274,95.4400197088,95.8779690216,96.6620981976,96.4492292274,
Tonga,TON,,,,,,,,,,,,,,,,,,,,,,,,,,,,,,,77.783821106,78.572479248,79.3606872559,80.146194458,80.0,81.6982650757,82.4594192505,83.2070388794,83.9384307861,84.6519775391,85.3504867554,86.0378494263,86.7179641724,87.3947372437,88.0720672607,88.7538452148,92.3,90.1454086304,90.8573455811,91.5780334473,92.3057174683,92.1754561082,92.8,94.5132675171,95.2517471313,
South Asia (IDA & IBRD),TSA,,,,,,,,,,,,,,,,,,,,,,,,,,,,,,,42.9080044526,43.6559582309,45.3050631865,47.9663873468,48.5186393147,50.0881061153,51.8193384233,53.1061916334,54.7303125527,57.115610641,57.2196060839,54.6602789914,60.3014926215,61.747055433,62.7365176143,65.197342818,66.6577476296,68.4366414297,69.9360824086,73.9705685634,75.2570568288,69.6565482819,79.3798979617,78.0769886621,80.0580117337,
Sub-Saharan Africa (IDA & IBRD countries),TSS,,,,,,,,,,,,,,,,,,,,,,,,,,,,,,,23.4252237621,19.2131019668,19.7913884908,20.7704919642,21.3171562274,22.4191547401,22.7960046565,24.1316261843,24.7493728614,26.3065418889,26.5171877005,27.0777093312,27.8037664648,29.439993785,29.3231589065,29.3717827105,30.5060329216,31.5515827498,31.6775986823,32.1686128583,32.1959656591,34.5674973184,35.0529808784,35.4661593857,37.3820354469,
Trinidad and Tobago,TTO,,,,,,,,,,,,,,,,,,,,,,,,,,,,,,,82.4165496826,83.3455123901,84.2740249634,85.1998291016,86.1202163696,87.0324935913,87.9339447021,88.8218688965,89.6935577393,90.5474014282,91.29,92.2138748169,93.034286499,93.8513641357,94.6689910889,95.491065979,96.3214950562,97.163230896,98.0123596191,99.0,99.4264221191,99.8037567139,99.958480835,99.9960021973,100.0,
Tunisia,TUN,,,,,,,,,,,,,,,,,,,,,,,,,,,,,,,88.0091171265,88.6704711914,89.3313674927,89.9895553589,86.8,88.7,90.4,92.0,93.2,94.2,94.8,97.3,97.8,98.4,99.0,99.3,99.4,99.4,99.4,99.5,99.5,99.5,99.5,99.7,99.8,
Turkey,TUR,,,,,,,,,,,,,,,,,,,,,,,,,,,,,,,88.1474685669,88.8023147583,89.4567184448,90.1084060669,90.7546920776,91.3928527832,92.0201950073,92.6340103149,93.231590271,93.8113250732,94.3760223389,94.9295730591,95.4758834839,96.0188446045,96.5623626709,97.1103286743,97.6666488647,98.2419433594,98.8096923828,99.3303222656,100.0,99.9235229492,99.9899749756,99.9998931885,100.0,
Tuvalu,TUV,,,,,,,,,,,,,,,,,,,,,,,,,,,,,,,90.656867981,91.045753479,91.4341888428,91.8199234009,92.2002410889,92.5724411011,92.9338226318,93.2816696167,93.6132888794,93.9270629883,94.2257919312,94.513381958,94.6297831633,95.0707321167,95.3482818604,95.6302871704,95.9206390381,96.7,96.5344696045,96.8553771973,97.1832885742,97.5164489746,97.6717773992,98.1915206909,98.5302200317,
Tanzania,TZA,,,,,,,,,,,,,,,,,,,,,,,,,,,,,,,5.32657623291,5.81136035919,6.8,6.77732086182,7.25353622437,7.72163486481,9.4,8.62265586853,9.05016708374,8.0,9.85446834564,10.2379541397,10.6141967773,11.1,11.4,11.7384433746,12.1246948242,12.5222539902,11.5,11.2,14.8,14.2,15.3,16.4,15.501449585,
Uganda,UGA,,,,,,,,,,,,,,,,,,,,,,,,,,,,,,,2.96298670769,5.6,4.10904932022,4.67914915085,5.24383735657,6.8,6.3461561203,6.87837505341,7.39435863495,7.89250278473,8.37560558319,8.6,7.8,9.77364826202,10.2355699539,8.9,9.0,11.6627006531,12.1592321396,10.0,13.1767930984,14.6,14.2153530121,13.9,20.4,
Ukraine,UKR,,,,,,,,,,,,,,,,,,,,,,,,,,,,,,,90.1920394897,90.8176040649,91.4427185059,92.0651168823,92.6821136475,93.2909927368,93.8890457153,94.4735641479,95.0418548584,95.5923080444,96.1277160645,96.6519775391,97.1689987183,97.6826705933,98.2002258301,98.7164840698,99.2056884766,99.8,99.8575897217,99.9676361084,99.9965820312,100.0,100.0,100.0,100.0,
Upper middle income,UMC,,,,,,,,,,,,,,,,,,,,,,,,,,,,,,,89.2420801119,89.8881322504,90.3139820877,90.8653284599,91.4328444747,91.9015797097,92.3258052751,92.9546282499,93.3988750256,93.9509289248,94.3701950238,94.7856391651,95.3771373915,95.7711864295,96.1946107684,96.6325349657,97.0401127684,97.4977552483,97.9510386753,98.357117077,98.8777302632,99.0207255825,99.1710477114,99.2910250847,99.3112807262,
Uruguay,URY,,,,,,,,,,,,,,,,,,,,,,,,,,,,,,,95.739654541,95.9685440063,96.1969909668,96.4227294922,96.6430511475,96.8552627563,97.056640625,97.2444992065,97.4161224365,97.5699005127,97.7086410522,97.8362350464,97.9565887451,98.0735931396,98.19115448,98.3131637573,98.505426,98.692636,98.784355,98.8982772827,99.066192627,99.17,99.4160308838,99.611808,99.657085,
United States,USA,,,,,,,,,,,,,,,,,,,,,,,,,,,,,,,100.0,100.0,100.0,100.0,100.0,100.0,100.0,100.0,100.0,100.0,100.0,100.0,100.0,100.0,100.0,100.0,100.0,100.0,100.0,100.0,100.0,100.0,100.0,100.0,100.0,
Uzbekistan,UZB,,,,,,,,,,,,,,,,,,,,,,,,,,,,,,,98.3928222656,98.5649337769,98.7365951538,98.9055480957,99.0690917969,99.2245178223,99.6,99.5001983643,99.6150360107,99.7120361328,99.7939910889,99.8648071289,99.7,99.9886016846,100.0,100.0,100.0,100.0,100.0,100.0,100.0,100.0,100.0,100.0,100.0,
St. Vincent and the Grenadines,VCT,,,,,,,,,,,,,,,,,,,,,,,,,,,,,,,65.9001922607,66.8,68.7813873291,70.2190551758,71.6513137817,73.0754547119,74.4887695312,75.8885498047,77.272102356,78.6378173828,79.9884796143,82.41,82.6602935791,83.9892272949,85.3187179565,86.6526565552,87.9949493408,88.79,90.7126464844,92.0854949951,93.4653396606,94.850440979,96.2390365601,97.6293792725,99.0200195312,
"Venezuela, RB",VEN,,,,,,,,,,,,,,,,,,,,,,,,,,,,,,,97.4855117798,97.6139373779,97.820203,97.8671798706,97.9870376587,98.098777771,98.1996994019,98.2870864868,98.3582382202,98.4115524292,98.4498214722,98.4769515991,98.4968338013,98.5133743286,98.5304641724,98.5520095825,98.5819015503,98.6231002808,98.6748046875,98.7352523804,98.8027038574,98.84,98.9516067505,99.0295562744,99.1077957153,
British Virgin Islands,VGB,,,,,,,,,,,,,,,,,,,,,,,,,,,,,,,,,,,,,,,,,,,,,,,,,,,,,,,,
Virgin Islands (U.S.),VIR,,,,,,,,,,,,,,,,,,,,,,,,,,,,,,,100.0,100.0,100.0,100.0,100.0,100.0,100.0,100.0,100.0,100.0,100.0,100.0,100.0,100.0,100.0,100.0,100.0,100.0,100.0,100.0,100.0,100.0,100.0,100.0,100.0,
Vietnam,VNM,,,,,,,,,,,,,,,,,,,,,,,,,,,,,,,73.8577575684,75.1133270264,76.3684463501,77.6208572388,78.8678588867,80.1067352295,81.3348007202,78.4,83.7476272583,84.9280776978,86.0934906006,87.2477645874,89.1,89.5384750366,90.6827087402,96.1,96.0,94.1567687988,95.3356170654,96.1,97.7177963257,99.0,100.0,100.0,99.2,
Vanuatu,VUT,,,,,,,,,,,,,,,,,,,,,,,,,,,,,,,12.9690532684,13.92573452,14.8819646835,15.8354883194,18.0,17.7235965729,18.6527690887,19.5684108734,20.4678192139,19.1,22.2159156799,23.0712985992,23.9194374084,24.7642307281,25.609577179,26.4593753815,26.44,28.1869792938,29.0669364929,33.2911151922,30.8513450623,31.7523002625,32.65675354,31.7,34.469455719,
World,WLD,,,,,,,,,,,,,,,,,,,,,,,,,,,,,,,73.4527601323,71.5456365999,72.4774906695,72.9885579303,73.5501665168,74.4408708367,75.2022432797,75.9492734729,76.5748807973,77.3918519096,77.6116637866,77.152465016,78.6218153171,79.1814543456,79.5533762494,80.1978087968,80.8741657516,81.4865152271,82.0232860603,83.119336185,83.5481334573,82.5308477285,84.9530407591,84.6847659725,85.3376122628,
Samoa,WSM,,,,,,,,,,,,,,,,,,,,,,,,,,,,,,,77.7390594482,78.8,79.6976852417,80.6740646362,80.0,82.6078872681,83.5599136353,84.4984130859,85.4206771851,86.3251037598,87.2144851685,88.0927276611,88.963722229,89.8313751221,90.6995773315,91.572227478,96.3717297275,93.3455505371,94.2483596802,95.1599197388,96.0784835815,96.6685746995,97.9296035767,98.8586654663,97.9,
Kosovo,XKX,,,,,,,,,,,,,,,,,,,,,,,,,,,,,,,87.0934066772,87.7511520386,88.4084396362,89.0630187988,89.7121887207,90.3532409668,90.9834671021,91.6001739502,92.2006378174,92.7832641602,93.3508453369,93.9072875977,94.4564819336,95.0023345947,95.5487365723,96.0995941162,96.6587982178,97.2293167114,97.8103256226,98.4021453857,99.0,99.455329895,99.7869415283,99.9467163086,100.0,
"Yemen, Rep.",YEM,,,,,,,,,,,,,,,,,,,,,,,,,,,,,,,35.171421051,36.7684860229,44.1,39.9590034485,41.5475006104,43.1278800964,44.6974334717,42.6,47.7932510376,49.3152008057,50.8221130371,52.3178787231,53.8064002991,55.2915763855,49.59,58.2674865723,59.7660179138,61.2758560181,62.7961959839,64.3252868652,65.8613739014,67.4027099609,68.9475479126,75.6,72.041015625,
South Africa,ZAF,,,,,,,,,,,,,,,,,,,,,,,,,,,,,,,56.5061912537,57.9426612854,59.3786849976,60.8120002747,62.239906311,63.6596908569,57.6,66.4640884399,64.9,69.2046508789,70.5509719849,70.2,77.1,78.8,80.9,80.9,80.7,82.0,81.9,82.7,82.9,84.7,85.3,85.4,86.0,
Zambia,ZMB,,,,,,,,,,,,,,,,,,,,,,,,,,,,,,,13.9,14.7759714127,19.2,15.7016658783,16.157749176,16.6057128906,17.3,17.466468811,17.8738460541,18.2633857727,16.7,19.0012340546,17.4,18.5,20.3,20.4211902618,20.7873096466,18.5,21.5526618958,21.9493370056,22.0,22.7619361877,23.1743602753,23.5885334015,27.9,
Zimbabwe,ZWE,,,,,,,,,,,,,,,,,,,,,,,,,,,,,,,29.8888587952,30.2371044159,28.2,30.9299907684,28.1,31.601228714,31.9219665527,32.2291755676,32.520149231,38.4,33.0513763428,33.298324585,34.2,33.7743873596,34.0112991333,34.2526626587,37.2,34.7633972168,35.0349197388,35.3151893616,35.6024589539,36.9,36.1910018921,36.4887695312,32.3,
