Country Name,Country Code,Infant_1960,Infant_1961,Infant_1962,Infant_1963,Infant_1964,Infant_1965,Infant_1966,Infant_1967,Infant_1968,Infant_1969,Infant_1970,Infant_1971,Infant_1972,Infant_1973,Infant_1974,Infant_1975,Infant_1976,Infant_1977,Infant_1978,Infant_1979,Infant_1980,Infant_1981,Infant_1982,Infant_1983,Infant_1984,Infant_1985,Infant_1986,Infant_1987,Infant_1988,Infant_1989,Infant_1990,Infant_1991,Infant_1992,Infant_1993,Infant_1994,Infant_1995,Infant_1996,Infant_1997,Infant_1998,Infant_1999,Infant_2000,Infant_2001,Infant_2002,Infant_2003,Infant_2004,Infant_2005,Infant_2006,Infant_2007,Infant_2008,Infant_2009,Infant_2010,Infant_2011,Infant_2012,Infant_2013,Infant_2014,Infant_2015
Aruba,ABW,,,,,,,,,,,,,,,,,,,,,,,,,,,,,,,,,,,,,,,,,,,,,,,,,,,,,,,,
Afghanistan,AFG,,240.5,236.3,232.3,228.5,224.6,220.7,217.0,213.3,209.8,206.1,202.2,198.2,194.3,190.3,186.6,182.6,178.7,174.5,170.4,166.1,161.8,157.5,153.2,148.7,144.5,140.2,135.7,131.3,126.8,122.5,118.3,114.4,110.9,107.7,105.0,102.7,100.7,98.9,97.2,95.4,93.4,91.2,89.0,86.7,84.4,82.3,80.4,78.6,76.8,75.1,73.4,71.7,69.9,68.1,66.3
Angola,AGO,,,,,,,,,,,,,,,,,,,,,138.3,137.5,136.8,136.0,135.3,134.9,134.4,134.1,133.8,133.6,133.5,133.5,133.5,133.4,133.2,132.8,132.3,131.5,130.6,129.5,128.3,126.9,125.5,124.1,122.8,121.2,119.4,117.1,114.7,112.2,109.6,106.8,104.1,101.4,98.8,96.0
Albania,ALB,,,,,,,,,,,,,,,,,,,73.0,68.4,64.0,59.9,56.1,52.4,49.1,45.9,43.2,40.8,38.6,36.7,35.1,33.7,32.5,31.4,30.3,29.1,27.9,26.8,25.5,24.4,23.2,22.1,21.0,20.0,19.1,18.3,17.4,16.7,16.0,15.4,14.8,14.3,13.8,13.3,12.9,12.5
Andorra,AND,,,,,,,,,,,,,,,,,,,,,,,,,,,,,,,7.5,7.0,6.5,6.1,5.6,5.2,5.0,4.6,4.3,4.1,3.9,3.7,3.5,3.3,3.2,3.1,2.9,2.8,2.7,2.6,2.5,2.4,2.3,2.2,2.1,2.1
Arab World,ARB,159.950233564,155.313613963,152.233047788,156.521983805,152.166551398,148.067799463,144.187634503,140.53640722,137.093583456,133.704489144,130.551003358,127.40034202,123.426357274,119.8547633,116.087875998,111.780026723,107.692945908,103.466634616,99.1786287948,94.9358801828,90.7236131444,86.4385355032,82.0634837721,78.94395258,74.7106990189,70.7542065955,67.3163125518,64.3025692096,61.7870938405,59.6437773004,57.8029027699,56.1658835356,54.6139685321,53.2126291958,51.82398178,50.4717786933,49.1604100501,47.8674544439,46.5901714011,45.3517539008,44.1009308174,42.8722727202,41.6506048374,40.4592297394,39.2493970945,38.0688069937,36.906182094,35.7212345688,34.5279407824,33.353477391,32.2817026549,31.2353083021,30.3336522566,29.4644771373,28.6844212709,27.9834851149
United Arab Emirates,ARE,137.3,130.5,124.0,117.4,111.0,104.4,97.5,90.6,83.8,77.2,70.9,65.1,59.6,54.7,50.2,45.9,41.9,38.2,34.8,31.7,28.9,26.4,24.2,22.3,20.7,19.3,18.0,16.9,15.9,15.0,14.1,13.4,12.8,12.2,11.7,11.2,10.8,10.5,10.1,9.8,9.6,9.3,9.1,8.9,8.7,8.4,8.2,8.0,7.8,7.6,7.3,7.0,6.7,6.4,6.1,5.9
Argentina,ARG,,,,,,,,,,60.0,59.5,58.8,58.0,56.8,55.2,53.2,50.5,47.2,43.8,40.3,37.2,34.7,32.8,31.3,30.1,29.0,28.1,27.1,26.2,25.3,24.4,23.6,22.8,22.1,21.4,20.8,20.2,19.6,19.1,18.5,18.0,17.6,17.1,16.6,16.0,15.3,14.6,14.1,13.7,13.4,13.0,12.7,12.3,11.9,11.5,11.1
Armenia,ARM,,,,,,,,,,,,,,,,,70.8,68.3,65.9,63.5,61.3,59.2,57.1,55.2,53.3,51.4,49.6,47.8,49.9,44.3,42.5,40.6,38.8,37.0,35.3,33.7,32.1,30.6,29.2,27.9,26.6,25.3,24.2,23.0,21.9,20.8,19.8,18.8,17.9,17.0,16.1,15.3,14.6,13.8,13.2,12.6
American Samoa,ASM,,,,,,,,,,,,,,,,,,,,,,,,,,,,,,,,,,,,,,,,,,,,,,,,,,,,,,,,
Antigua and Barbuda,ATG,,,,,,,,,,,,,,,,,,,,,,,,,,,,,,,24.0,22.6,21.5,20.3,19.2,18.0,17.1,16.2,15.3,14.5,13.8,13.0,12.3,11.7,11.0,10.4,9.8,9.2,8.8,8.2,7.7,7.2,6.8,6.4,6.1,5.8
Australia,AUS,20.3,20.0,19.5,19.2,18.8,18.6,18.3,18.3,18.2,18.1,17.8,17.4,16.8,16.2,15.3,14.4,13.5,12.7,12.0,11.3,10.8,10.4,10.1,9.8,9.6,9.3,9.1,8.7,8.4,8.0,7.6,7.1,6.7,6.3,6.0,5.7,5.6,5.4,5.3,5.3,5.1,5.0,5.0,4.9,4.9,4.8,4.7,4.5,4.4,4.2,4.1,3.8,3.6,3.4,3.2,3.0
Austria,AUT,37.3,35.0,32.9,31.2,29.7,28.3,27.3,26.4,25.7,25.3,25.0,24.7,24.1,23.0,21.6,19.8,18.1,16.6,15.5,14.6,13.9,13.2,12.6,12.0,11.3,10.7,10.0,9.4,8.9,8.4,8.0,7.6,7.1,6.7,6.2,5.7,5.3,5.0,4.8,4.7,4.6,4.5,4.4,4.3,4.1,4.0,4.0,3.8,3.8,3.7,3.6,3.4,3.3,3.2,3.0,2.9
Azerbaijan,AZE,,,,,,,,,,,,,,,,,,,,,,,84.9,83.1,81.5,79.9,78.5,77.3,76.3,75.7,75.5,75.7,76.0,76.2,76.1,75.2,73.6,71.2,68.1,64.5,60.6,56.8,53.1,49.7,46.7,44.0,41.5,39.3,37.3,35.5,33.9,32.5,31.2,30.0,28.9,27.9
Burundi,BDI,,,,,142.8,143.6,144.5,145.3,145.9,146.2,146.4,146.3,146.2,146.1,146.0,145.7,144.8,143.0,140.0,136.0,131.1,125.8,120.3,115.0,110.6,106.9,104.5,103.3,103.0,103.3,103.9,104.5,104.8,104.8,104.3,103.2,101.7,100.0,97.9,95.7,93.4,91.0,88.6,85.8,82.9,79.7,76.2,72.7,69.3,66.4,63.8,61.6,59.5,57.6,55.8,54.1
Belgium,BEL,29.5,28.1,27.0,26.0,25.0,24.1,23.3,22.5,21.9,21.3,20.6,19.7,18.7,17.7,16.7,15.8,14.9,14.1,13.5,12.8,12.2,11.7,11.2,10.7,10.2,9.9,9.5,9.2,8.9,8.6,8.3,8.0,7.6,7.2,6.8,6.3,5.9,5.5,5.2,4.9,4.8,4.6,4.4,4.2,4.2,4.1,4.0,3.9,3.8,3.7,3.6,3.5,3.5,3.4,3.4,3.3
Benin,BEN,186.9,183.9,180.6,177.1,173.6,170.2,166.8,164.0,161.5,159.2,157.1,154.9,152.5,149.8,146.8,143.5,140.1,136.7,133.6,130.9,128.7,126.6,124.7,122.8,120.9,118.9,116.9,114.8,112.6,110.4,108.0,105.6,103.2,100.9,98.9,97.2,95.6,94.2,92.7,91.1,89.3,87.4,85.2,83.0,80.8,78.8,76.9,75.2,73.7,72.3,71.0,69.8,68.5,67.2,65.7,64.2
Burkina Faso,BFA,161.3,159.4,157.5,155.8,154.3,153.0,151.8,150.9,150.2,149.7,149.3,148.5,147.1,144.6,141.0,136.6,131.9,127.4,123.4,120.2,117.6,115.6,113.9,112.4,110.8,109.0,107.1,105.3,103.8,102.9,102.5,102.3,102.4,102.4,102.1,101.4,100.5,99.4,98.3,97.3,96.2,95.0,93.4,91.4,88.9,86.0,82.7,79.2,75.8,72.5,69.7,67.3,65.4,63.7,62.2,60.9
Bangladesh,BGD,176.3,171.7,167.6,163.7,160.3,157.4,155.0,153.0,151.5,150.4,149.5,148.9,148.2,147.4,146.4,145.2,143.5,141.4,139.1,136.5,133.7,130.8,127.8,124.6,121.3,117.9,114.4,110.8,107.1,103.4,99.7,95.8,92.1,88.3,84.6,81.0,77.4,74.0,70.6,67.4,64.4,61.4,58.6,55.9,53.4,50.8,48.4,45.9,43.6,41.3,39.2,37.2,35.3,33.5,32.1,30.7
Bulgaria,BGR,,,,40.6,39.9,39.4,39.0,38.4,37.3,35.8,34.1,32.6,31.6,31.1,30.5,29.8,29.0,28.1,26.8,25.7,24.5,23.4,22.5,21.7,20.7,19.7,18.8,18.2,17.8,17.9,18.4,18.8,19.1,19.2,19.3,19.4,19.5,19.4,19.2,18.6,17.9,17.1,16.3,15.5,14.6,13.6,12.9,12.3,11.8,11.5,11.2,10.9,10.5,10.1,9.7,9.3
Bahrain,BHR,134.5,123.8,114.1,105.1,96.6,88.6,81.3,74.5,68.2,62.4,57.2,52.5,48.1,44.2,40.7,37.7,35.0,32.6,30.4,28.5,26.8,25.3,24.0,22.8,21.9,21.1,20.5,20.1,19.8,19.7,19.5,19.3,18.7,17.9,16.8,15.5,14.2,13.1,12.1,11.4,10.9,10.5,10.2,9.9,9.6,9.3,9.0,8.5,8.1,7.6,7.1,6.7,6.3,5.9,5.6,5.3
"Bahamas, The",BHS,,,,,,,,,25.0,25.5,26.0,26.4,26.8,27.2,27.2,27.2,26.9,26.6,26.2,25.7,25.2,24.8,24.3,24.0,23.7,23.4,22.9,22.2,21.4,20.6,19.7,18.8,18.0,17.2,16.3,15.6,14.8,14.1,13.6,13.2,13.0,12.9,12.8,12.7,12.7,12.6,12.5,12.2,11.9,11.7,11.4,11.1,10.9,10.5,10.2,9.9
Bosnia and Herzegovina,BIH,,,,,,,,,,,,,,,,,,,,,,,,,26.2,24.1,22.1,20.4,18.8,17.4,16.2,15.1,14.7,14.2,12.9,12.3,11.0,10.1,9.3,8.6,7.9,7.5,7.2,7.0,7.0,7.1,7.2,7.1,7.0,6.7,6.4,6.2,5.9,5.6,5.4,5.1
Belarus,BLR,,,,,,,,,,,,,,,,,,,,,19.4,18.5,17.7,17.0,16.5,16.0,15.4,14.8,14.2,13.8,13.5,13.5,13.6,13.8,14.1,14.4,14.4,14.2,13.6,12.6,11.4,10.3,9.3,8.6,7.9,7.4,6.8,6.2,5.6,5.1,4.7,4.3,4.0,3.8,3.5,3.4
Belize,BLZ,,,,,,,,78.2,75.5,72.8,70.3,67.9,65.4,63.2,61.2,59.2,57.3,55.6,53.8,52.2,50.5,49.0,47.3,45.6,43.8,41.9,39.9,37.9,35.9,34.0,32.2,30.4,28.8,27.4,26.1,25.1,24.1,23.3,22.5,21.8,21.1,20.5,19.9,19.4,18.9,18.5,18.0,17.6,17.2,16.7,16.3,15.9,15.5,15.1,14.6,14.2
Bermuda,BMU,,,,,,,,,,,,,,,,,,,,,,,,,,,,,,,,,,,,,,,,,,,,,,,,,,,,,,,,
Bolivia,BOL,173.4,170.5,167.7,165.0,162.2,159.4,156.5,153.6,150.6,147.5,144.4,141.3,138.0,134.7,131.3,127.9,124.5,121.3,118.1,115.1,112.3,109.7,107.2,104.7,102.1,99.5,96.8,94.0,91.2,88.4,85.6,82.9,80.2,77.5,74.8,72.2,69.5,66.8,64.1,61.4,58.8,56.2,53.7,51.2,48.8,46.6,44.4,42.2,40.2,38.4,36.8,35.3,34.0,32.8,31.7,30.6
Brazil,BRA,129.4,126.1,122.9,119.9,117.1,114.5,112.1,109.8,107.4,105.0,102.5,100.0,97.4,94.9,92.3,89.8,87.3,84.7,82.0,79.0,75.9,72.7,69.7,66.7,64.0,61.4,59.0,56.8,54.8,52.8,50.9,48.9,46.8,44.6,42.2,39.7,37.2,34.8,32.4,30.2,28.1,26.1,24.3,22.5,21.0,19.5,18.2,17.1,16.2,15.4,14.8,14.4,14.3,14.3,14.4,14.6
Barbados,BRB,69.5,65.0,61.2,57.6,54.4,51.7,49.2,47.1,45.1,43.1,41.1,39.2,37.3,35.4,33.6,31.8,30.0,28.3,26.7,25.2,23.8,22.6,21.6,20.8,20.1,19.5,18.8,18.1,17.3,16.7,16.0,15.4,14.9,14.5,14.1,14.0,13.9,14.0,14.2,14.5,14.8,15.1,15.3,15.3,15.3,15.1,14.9,14.5,14.2,13.9,13.6,13.3,13.0,12.7,12.3,12.0
Brunei Darussalam,BRN,,,,,,,,,,,,,,,,,,,,,,,12.5,12.1,11.6,11.2,10.7,10.3,10.0,9.7,9.4,9.2,9.0,8.8,8.5,8.3,8.1,7.9,7.8,7.6,7.6,7.5,7.5,7.4,7.4,7.3,7.3,7.3,7.4,7.5,7.7,7.8,8.1,8.3,8.5,8.6
Bhutan,BTN,,,,,,,,,,186.0,181.2,176.2,171.2,166.4,161.6,157.1,152.4,147.8,143.3,138.8,134.3,130.0,125.6,121.1,117.0,112.9,108.9,104.9,101.0,97.1,93.3,89.6,85.9,82.4,78.8,75.3,71.8,68.4,65.2,62.0,59.0,56.1,53.3,50.6,47.9,45.3,42.8,40.4,38.2,36.1,34.1,32.3,30.8,29.5,28.3,27.2
Botswana,BWA,115.5,112.2,109.0,105.8,102.8,99.8,97.0,94.1,91.2,88.3,85.3,82.2,79.1,75.9,72.7,69.5,66.3,63.2,60.2,57.4,54.7,52.3,50.0,47.9,46.0,44.4,43.0,42.0,41.4,41.3,41.8,42.9,44.2,45.7,47.3,48.9,50.2,51.3,52.0,53.1,52.4,51.4,50.3,49.8,49.1,44.8,43.8,45.5,45.3,42.3,39.8,39.9,38.2,36.4,35.6,34.8
Central African Republic,CAF,165.5,162.9,160.4,157.6,154.7,151.7,148.6,145.6,142.6,139.8,137.0,134.5,132.1,129.9,127.9,126.0,124.2,122.6,121.0,119.6,118.4,117.4,116.7,116.2,115.9,115.7,115.6,115.5,115.4,115.4,115.3,115.2,115.1,115.2,115.4,115.4,115.4,115.1,114.7,114.2,113.6,112.9,112.1,111.3,110.4,109.3,108.1,106.9,105.5,103.6,101.7,99.7,97.7,96.1,93.5,91.5
Canada,CAN,27.8,27.0,26.0,25.1,24.0,23.1,22.1,21.2,20.2,19.4,18.5,17.7,16.7,15.9,15.0,14.2,13.3,12.5,11.8,11.0,10.3,9.7,9.2,8.7,8.3,8.0,7.7,7.5,7.2,7.1,6.8,6.6,6.4,6.1,6.0,5.7,5.6,5.4,5.4,5.3,5.2,5.3,5.3,5.2,5.2,5.3,5.2,5.1,5.0,5.0,4.9,4.7,4.7,4.6,4.4,4.3
Central Europe and the Baltics,CEB,,,,,,,,,44.6581508642,42.9592357014,40.887994068,38.6254221518,36.5711448023,34.7695662018,33.1671515926,31.7431037004,30.3688435709,29.0319187608,27.7215592379,26.3221259938,25.1838300939,23.2388090956,22.5299957205,21.8991628491,21.3728060406,20.8527780732,20.3931708721,19.9882622157,19.5113721734,19.002676753,18.4067178521,17.9247016314,17.3763498451,16.8200710904,16.2262092236,15.5032434345,14.7825657069,14.035223879,13.305435544,12.6844325746,12.1148499966,11.5697605166,11.0965764881,10.5473949441,9.97926646605,9.44190965118,8.81833908111,8.21534911043,7.71658330052,7.17279787725,6.74670752058,6.38276310334,6.12970463903,5.92001130729,5.75444679938,5.5975539333
Switzerland,CHE,21.6,21.2,20.7,20.1,19.3,18.4,17.6,16.9,16.2,15.6,15.0,14.3,13.6,12.8,12.0,11.2,10.4,9.8,9.2,8.7,8.4,8.1,7.8,7.6,7.4,7.3,7.2,7.1,7.0,6.8,6.7,6.4,6.1,5.8,5.5,5.2,5.0,4.9,4.8,4.7,4.6,4.7,4.6,4.4,4.4,4.3,4.2,4.1,4.0,3.9,3.9,3.8,3.7,3.6,3.5,3.4
Channel Islands,CHI,,,,,,,,,,,,,,,,,,,,,,,,,,,,,,,,,,,,,,,,,,,,,,,,,,,,,,,,
Chile,CHL,127.6,121.1,116.7,111.9,105.1,96.5,87.4,79.0,72.7,69.1,67.6,66.7,65.7,63.7,60.4,55.3,48.8,41.7,35.6,31.4,28.2,25.6,22.9,20.8,19.5,18.9,18.6,18.4,18.0,17.1,16.0,14.8,13.7,12.7,11.7,11.0,10.5,10.2,10.1,9.6,9.2,8.7,8.3,8.0,7.9,7.7,7.6,7.6,7.6,7.5,7.6,7.5,7.4,7.3,7.2,7.0
China,CHN,,,,,,,,,,84.1,80.4,76.8,73.3,69.7,66.2,62.6,59.1,55.8,52.9,50.2,48.0,46.1,44.6,43.4,42.6,42.2,42.0,42.0,42.2,42.2,42.1,41.8,41.2,40.2,39.0,37.7,36.4,35.0,33.5,31.9,30.2,28.3,26.2,24.2,22.2,20.3,18.7,17.2,15.8,14.6,13.5,12.5,11.5,10.6,9.8,9.2
Cote d'Ivoire,CIV,208.4,203.0,197.7,192.8,188.0,183.3,178.7,174.2,169.9,165.4,161.0,156.4,151.3,146.1,140.7,135.1,129.7,124.7,120.2,116.6,113.7,111.4,109.5,108.0,106.9,106.1,105.5,105.2,104.9,104.9,104.9,104.8,104.7,104.7,104.6,104.4,104.0,103.3,102.3,101.0,99.5,97.7,95.7,93.6,91.4,88.9,86.7,84.1,81.3,79.0,76.9,75.0,72.8,70.6,68.5,66.6
Cameroon,CMR,166.9,163.3,160.5,158.1,155.5,152.2,148.1,143.1,137.3,131.5,126.2,121.6,118.2,116.0,114.7,114.3,114.2,113.9,113.0,111.4,109.2,106.3,103.1,99.5,95.8,92.4,89.4,87.2,85.8,85.2,85.6,86.7,88.2,89.9,91.5,93.0,94.1,94.7,94.7,93.8,91.9,89.3,86.2,83.1,80.3,77.8,75.3,73.1,70.8,68.8,66.2,64.4,62.4,60.4,58.6,57.1
"Congo, Dem. Rep.",COD,,,,,,,,,,150.7,149.0,147.5,145.9,144.2,142.5,140.7,138.9,137.1,135.4,133.7,132.0,130.5,129.0,127.7,126.3,125.2,124.0,122.9,121.8,120.8,119.8,118.7,117.7,116.8,115.8,114.9,113.8,112.5,110.9,109.3,107.4,105.3,103.1,100.9,98.7,96.3,93.9,91.5,89.2,86.9,84.8,82.6,80.5,78.3,76.5,74.5
"Congo, Rep.",COG,110.6,108.4,106.1,104.2,102.1,99.7,97.3,94.9,92.7,90.6,88.5,86.5,84.4,82.5,80.9,79.2,77.6,76.0,74.4,72.8,71.2,69.6,68.0,66.3,64.6,63.1,61.8,60.9,60.4,60.4,60.9,61.8,63.0,64.6,66.6,68.8,71.2,73.5,75.3,76.5,76.6,75.5,73.3,70.0,66.1,61.8,57.4,53.1,49.0,45.3,42.2,39.6,37.6,35.9,34.4,33.2
Colombia,COL,89.3,87.6,85.9,84.3,82.6,80.9,79.0,77.1,74.9,72.7,70.4,68.1,65.9,63.5,61.0,58.4,55.6,52.8,50.0,47.2,44.6,42.0,39.7,37.6,35.7,34.1,32.7,31.5,30.5,29.7,28.9,28.2,27.4,26.6,25.8,25.0,24.2,23.4,22.6,21.9,21.2,20.6,20.0,19.4,18.9,18.4,17.8,17.3,16.9,16.4,15.9,15.4,14.9,14.5,14.1,13.6
Comoros,COM,,,,,,,,,,,151.5,148.1,145.1,142.2,139.3,136.2,133.0,129.6,126.2,122.5,119.0,115.4,111.9,108.4,105.0,101.8,98.7,95.8,93.0,90.4,87.9,85.4,82.9,80.6,78.7,76.9,75.6,74.5,73.7,73.1,72.7,72.5,72.5,72.2,71.6,70.5,69.2,67.9,66.4,64.6,63.1,61.3,59.8,58.2,56.6,55.1
Cabo Verde,CPV,,,,,,,,,,121.4,112.4,104.2,96.5,89.6,83.4,78.0,73.3,69.5,66.4,64.1,62.6,61.6,60.9,60.3,59.4,58.0,56.2,54.0,51.8,49.7,48.2,47.0,46.3,45.8,45.1,43.7,41.6,38.8,35.5,32.1,29.1,26.7,24.9,23.8,23.3,23.2,23.4,23.6,23.6,23.6,23.3,22.9,22.4,21.9,21.3,20.7
Costa Rica,CRI,,,,,,68.8,66.3,64.6,63.5,62.7,61.2,57.8,52.5,47.0,42.3,38.0,33.2,28.1,23.9,21.3,19.8,19.3,19.2,19.1,18.8,18.2,17.3,16.3,15.5,14.8,14.3,14.0,13.7,13.5,13.2,13.0,12.8,12.7,12.3,11.8,11.2,10.5,10.0,9.5,9.2,9.0,8.9,8.9,8.9,8.9,8.9,8.8,8.8,8.7,8.6,8.5
Caribbean small states,CSS,62.0713990792,59.7501051075,57.6744571162,55.7800864412,54.0869817953,52.6116834142,51.2320026484,51.0251147137,49.0770774747,48.1506480318,47.4206766837,46.3096555545,45.185352188,44.1009750506,43.1012320373,42.1131243416,41.1285874529,40.0968956772,39.1372135369,38.1901756779,37.2378891051,36.3325075184,35.4240834223,35.4778090209,34.3107015339,33.540685543,32.7469907894,31.9438050014,31.1743372161,30.4015211653,29.5915506446,28.8050425422,28.0559012935,27.2961049952,26.5514370833,25.8723096178,25.191068797,24.5526135396,23.972594257,23.4191147741,22.8937130991,22.4362452143,21.9843336732,21.5437621911,21.1360194396,20.7601789012,20.3901181951,20.0276711282,19.6227928236,19.2218792137,18.796829053,18.3980320706,18.0205421503,17.618756045,17.1730674653,16.7678741569
Cuba,CUB,,,,41.8,40.4,39.5,39.2,39.3,39.5,39.0,37.4,34.5,30.9,27.8,26.0,24.7,23.1,20.8,18.7,17.4,16.7,16.5,16.3,16.1,15.7,15.0,14.1,13.3,12.2,11.4,10.6,9.8,9.3,8.8,8.6,8.4,8.2,7.8,7.3,6.9,6.5,6.1,5.9,5.6,5.4,5.1,4.9,4.8,4.7,4.7,4.9,4.8,4.6,4.4,4.1,4.0
Curacao,CUW,,,,,,,,,,,,,,,,,,,,,,,,,,,,,,,,,,,,,,,,,,,,,,,,,,,,,,,,
Cayman Islands,CYM,,,,,,,,,,,,,,,,,,,,,,,,,,,,,,,,,,,,,,,,,,,,,,,,,,,,,,,,
Cyprus,CYP,,,,,,,,,,,,,,,,,,,,21.0,19.4,17.8,16.3,14.8,13.5,12.2,11.3,10.7,10.3,10.0,9.9,9.7,9.3,8.9,8.4,7.8,7.4,6.9,6.4,5.9,5.5,5.1,4.7,4.4,4.2,3.9,3.7,3.5,3.3,3.1,3.0,2.9,2.8,2.7,2.6,2.5
Czech Republic,CZE,,,,,,,,,,,,,,,,,,,,,,16.4,16.0,15.6,15.4,15.1,14.7,14.3,13.7,13.3,12.7,12.2,11.5,10.7,9.7,8.8,7.9,7.2,6.5,6.0,5.6,5.3,5.1,4.8,4.6,4.4,4.2,3.9,3.8,3.6,3.4,3.2,3.2,3.0,2.9,2.8
Germany,DEU,,,,,,,,,23.5,22.7,22.1,21.4,20.6,19.7,18.8,17.7,16.5,15.5,14.4,13.5,12.6,11.8,11.0,10.4,9.8,9.2,8.7,8.3,7.8,7.4,7.0,6.5,6.2,5.9,5.5,5.3,5.0,4.8,4.6,4.5,4.4,4.3,4.2,4.1,4.0,3.9,3.8,3.7,3.6,3.6,3.5,3.4,3.3,3.3,3.2,3.1
Djibouti,DJI,,,,,,,,,,,,,,,,,131.0,127.6,124.3,121.1,118.1,115.2,112.2,109.4,106.5,103.8,101.2,98.9,96.6,94.5,92.7,91.0,89.6,88.3,87.2,86.2,85.1,83.9,82.6,81.2,79.7,78.1,76.4,74.6,72.9,71.1,69.4,67.5,65.7,63.9,62.2,60.5,58.9,57.4,55.8,54.2
Dominica,DMA,85.3,79.2,73.6,68.7,64.2,60.4,57.0,53.9,51.1,48.1,44.7,41.0,37.0,32.9,29.0,25.5,22.4,19.9,17.9,16.4,15.3,14.5,14.1,13.8,13.7,13.7,13.8,13.9,14.0,14.1,14.2,14.3,14.3,14.3,14.2,14.1,14.0,13.8,13.7,13.5,13.4,13.4,13.4,13.4,13.7,14.0,14.4,14.9,15.5,16.3,17.2,17.9,18.7,19.3,19.5,19.6
Denmark,DNK,21.3,20.8,20.2,19.5,18.7,17.8,17.0,16.1,15.2,14.6,13.9,13.3,12.5,11.6,10.9,10.3,9.7,9.2,8.8,8.6,8.3,8.0,8.0,8.0,8.0,8.0,8.0,8.0,7.9,7.7,7.3,6.9,6.5,6.1,5.7,5.4,5.1,5.0,4.8,4.7,4.6,4.5,4.5,4.4,4.2,4.1,3.9,3.7,3.6,3.5,3.3,3.2,3.2,3.1,3.0,2.9
Dominican Republic,DOM,102.1,101.0,99.6,98.1,96.4,94.6,92.8,91.1,89.3,87.5,85.7,83.7,81.6,79.4,77.2,74.9,72.6,70.3,68.2,66.1,64.0,62.0,60.0,58.2,56.4,54.6,52.9,51.3,49.6,48.1,46.5,44.9,43.3,41.8,40.3,38.9,37.6,36.4,35.2,34.2,33.3,32.5,31.8,31.2,30.6,30.1,29.6,29.1,28.7,28.3,27.9,27.5,27.1,26.7,26.2,25.7
Algeria,DZA,148.2,148.1,148.2,148.4,148.7,149.1,149.3,149.2,148.7,147.7,146.0,143.6,140.6,137.0,133.0,128.7,124.0,119.0,113.6,107.8,101.1,93.4,84.6,75.0,65.5,57.2,50.9,46.3,43.1,41.0,39.7,38.8,38.1,37.5,36.9,36.3,35.7,35.1,34.7,34.4,33.9,33.3,32.4,31.3,30.1,28.8,27.6,26.4,25.3,24.3,23.5,22.8,22.4,22.1,22.0,21.9
East Asia & Pacific (excluding high income),EAP,,,,,,,,,,86.0,82.7,79.5,76.5,73.3,70.4,68.5,65.6,63.0,61.1,59.0,57.0,55.1,53.3,51.6,50.1,48.6,47.6,46.7,46.1,45.4,44.9,44.3,43.6,42.7,41.8,40.9,39.7,38.4,36.9,35.3,33.6,31.8,30.0,28.2,26.7,25.0,23.6,22.4,21.4,20.2,19.2,18.2,17.3,16.4,15.6,14.9
Early-demographic dividend,EAR,160.306944739,156.956834573,153.793454133,148.708239684,145.800850597,143.09544843,140.508436351,137.9771801,135.421297892,132.280495345,130.082563632,127.791728949,125.314070433,122.855576896,119.634429906,117.315595149,114.511819368,111.628400893,108.76009318,105.777685094,102.814571712,99.9271563029,97.0923524362,94.3296265121,91.6545600858,89.0890023779,86.5829511468,84.1486385161,81.796837702,79.560153584,77.4065758093,75.3891407734,73.4280174263,71.5034658661,69.7002467757,67.7952689917,65.8655521027,63.9040109379,61.979413366,59.9761234167,58.0073975304,56.0512757082,54.0902478664,52.1841793496,50.3856214326,48.4769213098,46.7563673802,45.0236304417,43.438654217,41.7135481317,40.2374572144,38.6158290404,37.1921021318,35.8772463678,34.6582419622,33.553852103
East Asia & Pacific,EAS,,,,,,,,,,81.5483763803,78.2241519143,75.0151166294,71.9523623319,68.9058499828,66.0234355231,64.0690466187,61.3665272062,58.8496483052,57.0443206731,54.9391002769,53.0533217981,51.2810919308,49.6895184698,48.2646002689,47.0753132072,45.9816652501,45.2948894171,44.7086097306,44.280106829,43.738377601,43.1515963515,42.4477628778,41.5674647722,40.4701917262,39.295583705,38.0920982903,36.9185485822,35.6947086622,34.4041397625,33.0706603699,31.656347242,30.1335706072,28.5130597456,26.9595062472,25.6182164582,23.9601449334,22.6767365944,21.4541270688,20.4421479015,19.2098247713,18.2117071902,17.27266022,16.3632085231,15.5324990928,14.8024072438,14.1840701883
Europe & Central Asia (excluding high income),ECA,,,,,,,,,,,70.5,62.0,60.5,58.0,55.8,54.7,53.6,53.4,52.6,55.4,52.9,51.1,50.0,48.1,45.8,44.1,42.6,41.2,40.1,39.1,38.7,38.6,38.8,39.1,39.2,38.7,37.7,36.1,34.2,32.4,30.7,29.1,27.6,26.3,25.0,23.8,22.6,21.4,20.4,19.4,18.5,17.7,16.9,16.2,15.5,14.9
Europe & Central Asia,ECS,,,,,,,,,,,41.3668002522,40.3870342334,40.1302872404,39.0147979552,37.9079525841,37.4711998481,36.6221102542,36.1457910917,35.2782761796,36.9555337046,35.5244278471,33.994981274,33.5355453709,32.4418971143,31.3894259059,30.3201725388,29.3042483144,28.3254413269,27.4412521078,26.6231165363,25.9797635666,25.4759999997,25.0502415814,24.5715604272,23.9879247025,23.2698518693,22.4471938486,21.5482512384,20.6246749042,19.7152592133,18.7768544382,17.8979800293,17.0189582405,16.1730487577,15.3836853951,14.6819359498,14.0062162747,13.3853802157,12.8246937795,12.3110903575,11.8172122652,11.34265023,10.8915830964,10.4732631361,10.0556824678,9.66680455822
Ecuador,ECU,121.4,118.2,115.3,112.3,109.6,107.0,104.6,102.4,100.3,98.2,96.0,93.7,91.2,88.4,85.5,82.5,79.5,76.5,73.6,70.9,68.1,65.3,62.5,59.7,57.1,54.6,52.3,50.1,48.1,46.1,44.2,42.3,40.5,38.7,36.9,35.2,33.6,32.1,30.7,29.5,28.4,27.4,26.5,25.7,25.0,24.3,23.7,23.1,22.5,21.9,21.3,20.7,20.1,19.5,19.0,18.4
"Egypt, Arab Rep.",EGY,209.6,202.7,195.9,189.4,183.4,178.1,173.6,169.9,166.9,164.3,162.0,159.6,156.8,153.2,148.8,143.7,138.0,132.1,126.0,120.0,114.3,108.5,102.6,96.3,90.0,83.9,78.4,73.5,69.4,66.0,63.0,60.3,57.6,55.0,52.2,49.4,46.6,44.0,41.4,39.1,37.0,35.1,33.4,31.9,30.5,29.2,28.1,27.1,26.1,25.1,24.3,23.4,22.6,21.8,21.0,20.3
Euro area,EMU,38.8680464379,37.0908611148,35.3535689109,33.6663234393,32.0425415778,30.6200105405,29.3660773413,28.174662005,26.162026459,25.0654331043,23.9437097952,22.8332197001,21.6701147268,20.4672033318,19.3166045664,18.4240278365,17.4490972983,16.4407293794,15.3663535822,14.4309713811,13.5701770971,13.0171932884,12.280625142,11.6489502104,11.0488695306,10.4702048594,9.94743967783,9.51434169457,9.10926952618,8.72166673583,8.35097499443,7.96754403272,7.62305158229,7.21530489258,6.74699891421,6.30916201331,5.92448217612,5.62615752162,5.36903273079,5.17286660943,4.98320622592,4.83938728476,4.67333961247,4.47457448406,4.33294883527,4.19000362501,4.06998812727,3.93593901838,3.81084494319,3.74992723756,3.64883454115,3.5627782968,3.48326730102,3.45272817971,3.3775113092,3.27224038441
Eritrea,ERI,,,,,,,,,,,,,,,126.3,123.9,121.6,119.5,117.5,115.8,114.2,112.7,111.1,109.5,107.8,106.0,103.9,101.6,99.1,96.2,93.0,89.5,85.8,81.9,78.0,74.2,70.6,67.2,64.1,61.1,58.3,55.8,53.4,51.2,49.2,47.2,45.4,43.7,42.1,40.7,39.4,38.2,37.0,36.0,35.0,34.1
Spain,ESP,47.7,44.4,41.7,39.3,37.3,35.6,33.9,32.1,30.1,27.8,25.5,24.0,22.6,21.3,20.0,20.4,20.4,19.7,18.4,16.8,15.3,14.1,13.2,12.6,12.0,11.4,10.9,10.4,10.1,9.7,9.3,8.8,8.5,8.0,7.5,6.9,6.4,6.1,5.8,5.6,5.4,5.3,5.2,5.1,5.0,4.8,4.6,4.4,4.2,4.1,3.9,3.8,3.7,3.7,3.6,3.5
Estonia,EST,,,,,,,,,,,,,,,,,,,,,22.4,21.6,20.9,20.2,19.6,19.0,18.5,18.0,17.6,17.1,16.5,15.9,15.2,14.5,13.6,12.8,12.0,11.1,10.3,9.6,8.8,8.2,7.5,6.9,6.3,5.8,5.3,4.8,4.4,4.0,3.6,3.2,2.9,2.7,2.5,2.3
Ethiopia,ETH,,,,,,,143.1,142.7,142.4,142.5,142.5,142.5,142.5,142.4,142.4,142.7,143.1,143.4,143.7,143.5,142.8,141.4,139.5,137.1,134.5,132.0,129.7,127.6,125.7,123.7,121.6,119.2,116.4,113.1,109.4,105.6,102.1,98.7,95.6,92.6,89.5,86.2,82.5,78.4,74.1,69.6,65.3,61.0,57.1,53.6,50.8,48.3,46.2,44.5,42.9,41.4
European Union,EUU,38.2528791709,36.1727190429,34.3380288133,32.832766698,31.2413019689,29.7908459148,28.5541377037,27.4611009461,28.2539832412,27.2808878942,26.2053383315,25.1034923414,23.961376557,22.8133202633,21.72938772,20.842959063,19.8903213562,18.9218875629,17.8873179921,16.9269326921,16.0346652863,15.406255735,14.687457187,14.0713506295,13.5083382246,12.9726300793,12.4991135233,12.0763213025,11.6246513111,11.1583171852,10.6375392499,10.1298761472,9.646862858,9.14192454369,8.61592011865,8.10275004962,7.63868984044,7.24357071986,6.90054592633,6.61214077693,6.34909675112,6.11480397876,5.89996927061,5.666660077,5.45733095393,5.25722459798,5.04953833204,4.8392036037,4.63821461098,4.48274461303,4.30798423372,4.15216174704,4.04071542675,3.9502746229,3.83930209779,3.71158090978
Fragile and conflict affected situations,FCS,,,,,,,,,145.404643457,143.444372683,140.621588503,137.868044704,135.079723836,132.465746048,129.826550018,126.824476405,124.253084593,121.649936038,119.070602504,118.118573185,115.666194472,113.288481183,110.942222199,108.844338542,106.692924113,104.754334603,103.166391479,101.540800462,100.061639841,98.7095326531,97.4602911953,96.208384157,95.0132992021,93.858474335,92.6474341909,91.4437771016,90.143917622,88.720154241,87.1255762537,85.4692384326,83.6671293513,81.7647085053,79.7907311655,77.807733458,75.8324154192,73.8380304679,71.8860809382,69.8617222411,68.281808135,66.074115996,64.8135764148,62.5942162181,60.7490757409,59.1428655625,57.6471572977,56.2257513885
Finland,FIN,21.9,20.6,19.5,18.4,17.4,16.6,15.8,15.1,14.4,13.9,13.2,12.6,12.0,11.3,10.8,10.0,9.4,8.7,8.1,7.6,7.2,6.7,6.5,6.3,6.1,6.0,6.0,5.9,5.8,5.7,5.5,5.3,5.0,4.8,4.5,4.3,4.0,3.9,3.8,3.6,3.5,3.4,3.4,3.3,3.2,3.1,2.9,2.9,2.7,2.6,2.5,2.4,2.2,2.1,2.0,1.9
Fiji,FJI,54.0,52.1,50.3,48.8,47.5,46.3,45.3,44.5,43.9,43.5,43.1,42.9,42.7,42.4,42.0,41.4,40.6,39.5,38.2,36.8,35.3,33.8,32.4,31.2,30.1,29.1,28.2,27.3,26.4,25.6,24.8,24.1,23.5,22.9,22.4,22.1,21.8,21.5,21.2,21.0,20.8,20.5,20.3,20.1,20.1,20.1,20.2,20.3,20.3,20.3,20.3,20.1,20.0,19.7,19.4,19.1
France,FRA,23.7,22.4,21.3,20.3,19.4,18.5,17.7,17.1,16.5,15.8,15.1,14.4,13.7,13.1,12.7,12.4,12.0,11.5,11.0,10.6,10.2,9.8,9.5,9.1,8.8,8.5,8.2,8.1,7.9,7.7,7.4,7.1,6.7,6.3,5.8,5.3,5.0,4.8,4.6,4.5,4.4,4.4,4.2,4.0,3.9,3.8,3.7,3.6,3.5,3.5,3.5,3.5,3.5,3.6,3.6,3.5
Faroe Islands,FRO,,,,,,,,,,,,,,,,,,,,,,,,,,,,,,,,,,,,,,,,,,,,,,,,,,,,,,,,
"Micronesia, Fed. Sts.",FSM,,,,,,,,,,,,,,,,,,,,,,44.4,45.0,45.4,45.7,45.6,45.4,45.0,44.4,43.9,43.4,43.1,43.0,43.0,43.1,43.3,43.5,43.6,43.3,42.9,42.2,41.5,40.6,39.6,38.6,37.7,36.6,35.7,34.7,33.8,32.9,32.0,31.1,30.2,29.4,28.6
Gabon,GAB,,,,,,,,,,,,,,,,,,,79.0,76.6,74.2,71.9,69.8,67.9,66.2,64.7,63.5,62.5,61.7,61.1,60.5,60.0,59.6,59.1,58.6,58.2,57.8,57.3,56.8,56.3,55.6,54.7,53.7,52.6,51.4,50.2,49.0,47.4,45.7,44.2,42.8,41.3,39.7,38.0,37.0,36.1
United Kingdom,GBR,22.9,22.5,22.0,21.4,20.8,20.1,19.6,19.1,18.7,18.4,18.0,17.7,17.2,16.6,16.0,15.4,14.7,14.1,13.4,12.7,12.0,11.4,10.8,10.4,10.0,9.7,9.5,9.2,8.8,8.4,7.9,7.4,7.0,6.6,6.3,6.1,5.9,5.8,5.8,5.7,5.6,5.4,5.3,5.3,5.2,5.1,5.0,4.9,4.7,4.6,4.4,4.2,4.1,3.9,3.7,3.5
Georgia,GEO,,,,,,,,,,,,,,,,56.6,55.0,53.5,52.0,50.5,49.0,47.6,46.3,45.1,44.1,43.2,42.5,41.9,41.5,41.1,40.8,40.4,40.0,39.5,38.9,38.1,37.1,35.9,34.5,32.9,31.2,29.3,27.4,25.5,23.6,21.9,20.2,18.6,17.2,16.0,14.9,13.8,12.8,12.0,11.3,10.6
Ghana,GHA,125.1,123.8,122.7,121.8,121.2,120.8,120.7,120.6,120.6,120.5,120.1,119.5,118.2,116.5,114.2,111.5,108.7,106.0,103.8,102.1,100.9,100.1,99.3,98.4,96.8,94.7,92.1,89.0,85.8,82.7,79.8,77.5,75.6,74.1,73.0,72.0,71.0,69.8,68.4,66.7,64.9,63.0,61.2,59.6,58.1,56.8,55.6,54.4,53.1,51.7,50.2,48.6,47.0,45.5,44.2,42.8
Gibraltar,GIB,,,,,,,,,,,,,,,,,,,,,,,,,,,,,,,,,,,,,,,,,,,,,,,,,,,,,,,,
Guinea,GIN,,210.5,209.1,207.6,206.1,204.5,202.6,200.9,199.0,197.1,195.2,193.2,191.1,189.1,186.8,184.5,181.9,179.1,176.2,173.2,170.2,167.3,164.3,161.4,158.5,155.7,152.8,150.0,147.1,144.0,140.8,137.3,133.7,129.9,126.2,122.3,118.5,114.7,110.9,106.9,103.1,99.2,95.4,91.7,88.2,84.9,81.9,79.0,76.3,73.7,71.2,68.9,66.8,64.7,62.8,61.0
"Gambia, The",GMB,148.4,146.1,143.8,141.5,139.3,137.1,134.9,132.6,130.5,128.3,126.0,123.8,121.5,119.1,116.7,114.4,112.1,109.8,107.6,105.4,103.2,100.9,98.6,96.2,93.7,91.3,88.9,86.5,84.3,82.1,80.0,78.0,76.1,74.3,72.6,70.9,69.3,67.7,66.2,64.8,63.3,62.0,60.6,59.3,58.0,56.8,55.6,54.5,53.6,52.6,51.7,50.9,50.1,49.4,48.6,47.9
Guinea-Bissau,GNB,,,,,,,,,,,,,,,,,,,,,,,,,,,145.9,143.1,140.4,137.9,135.5,132.9,130.2,127.6,124.8,122.1,119.1,116.2,113.1,110.1,106.9,103.8,100.5,97.1,93.7,90.1,86.7,83.3,79.9,76.6,73.4,70.3,67.4,64.8,62.4,60.3
Equatorial Guinea,GNQ,,,,,,,,,,,,,,,,,,,,,,,,145.4,142.7,140.1,137.7,135.3,132.9,130.4,127.9,125.5,123.1,120.8,118.5,116.5,114.3,112.1,109.7,107.3,104.8,102.3,99.7,97.1,94.4,91.7,89.0,86.3,83.7,81.2,78.9,76.6,74.3,72.2,70.3,68.2
Greece,GRC,48.3,47.3,46.2,45.0,43.6,42.3,41.2,39.9,38.3,36.1,33.7,31.9,30.8,30.1,29.4,28.5,27.3,25.9,24.3,22.8,21.3,19.9,18.7,17.7,16.7,15.8,14.9,13.9,12.9,12.0,11.3,10.7,10.3,9.8,9.4,9.1,8.7,8.3,7.8,7.4,6.9,6.5,6.0,5.5,5.2,4.8,4.6,4.4,4.3,4.2,4.1,4.0,3.9,3.8,3.7,3.6
Grenada,GRD,,,,,,,,,,,,,,,,,,,,,,,,,19.5,19.4,19.3,19.2,18.9,18.5,18.0,17.4,16.7,16.1,15.6,15.1,14.7,14.3,14.0,13.8,13.6,13.3,13.1,12.9,12.6,12.4,12.3,12.1,12.0,12.0,11.9,11.8,11.5,11.4,11.1,10.8
Greenland,GRL,,,,,,,,,,,,,,,,,,,,,,,,,,,,,,,,,,,,,,,,,,,,,,,,,,,,,,,,
Guatemala,GTM,146.0,143.3,140.7,138.0,135.3,132.6,129.9,127.1,124.2,121.2,118.2,115.2,112.1,109.1,106.0,102.9,99.9,96.8,93.7,90.7,87.7,84.7,81.8,78.9,76.1,73.2,70.4,67.7,65.0,62.4,59.8,57.3,55.0,52.7,50.6,48.5,46.6,44.7,43.0,41.4,39.9,38.5,37.1,35.9,34.6,33.5,32.3,31.2,30.2,29.3,28.4,27.5,26.6,25.9,25.1,24.3
Guam,GUM,,,,,,,,,,,,,,,,,,,,,,,,,,,,,,,,,,,,,,,,,,,,,,,,,,,,,,,,
Guyana,GUY,67.7,65.1,62.9,61.0,59.5,58.3,57.3,56.6,56.0,55.6,55.4,55.2,55.0,54.9,54.8,54.6,54.4,54.1,53.8,53.5,53.2,52.8,52.4,51.9,51.4,50.8,50.2,49.4,48.6,47.6,46.6,45.5,44.5,43.4,42.3,41.4,40.5,39.6,38.8,37.9,37.2,36.5,35.8,35.3,34.8,34.4,34.1,33.9,33.8,33.7,33.5,33.5,33.3,33.0,32.6,32.0
High income,HIC,36.4,34.8,33.3,32.4,31.0,29.6,28.4,27.2,25.9,24.8,23.8,22.6,23.3,22.0,20.8,19.8,18.8,17.9,17.1,16.3,15.6,14.9,14.2,13.5,12.9,12.3,11.9,11.5,11.1,10.6,10.2,9.7,9.2,8.7,8.3,7.9,7.5,7.2,6.9,6.8,6.6,6.4,6.3,6.1,6.0,5.9,5.8,5.6,5.5,5.4,5.3,5.1,5.0,4.9,4.7,4.6
"Hong Kong SAR, China",HKG,,,,,,,,,,,,,,,,,,,,,,,,,,,,,,,,,,,,,,,,,,,,,,,,,,,,,,,,
Honduras,HND,140.9,136.6,132.4,128.4,124.5,120.5,116.7,113.1,109.5,105.8,102.2,98.7,95.2,91.7,88.3,85.0,81.7,78.5,75.3,72.2,69.2,66.3,63.5,60.8,58.2,55.8,53.4,51.2,49.1,47.1,45.1,43.3,41.5,39.9,38.4,36.9,35.6,34.3,36.8,31.8,30.5,29.4,28.2,27.1,26.0,25.0,24.1,23.2,22.3,21.4,20.7,19.9,19.2,18.6,18.0,17.4
Heavily indebted poor countries (HIPC),HPC,,,,,,157.104951855,152.979100956,150.603072158,146.790998461,145.804808459,144.278317875,142.735413648,140.982215508,139.364640883,137.619226279,135.966362563,134.287339909,132.534359011,130.734216595,128.868769084,126.969859872,125.074194249,123.152774123,121.11736507,119.308676645,117.660113113,116.152594439,114.596693683,113.078816731,111.578710945,110.084365102,108.56887803,107.056627747,105.542002451,104.186527481,102.363545249,100.384747855,98.4647655542,96.3902040307,93.9591957264,91.308444647,88.3950464797,85.2606097114,82.0502065721,78.856562551,75.7350884998,72.8212481245,69.8934271858,67.2208558883,64.7427915463,62.7709720156,60.3075589228,58.2080397232,56.480482363,54.801426475,53.3169104275
Croatia,HRV,,,,,,,,,,,,,,,,,,,,,,19.2,18.4,17.5,16.7,15.7,14.8,13.8,12.9,11.9,11.2,10.5,9.9,9.5,9.0,8.7,8.3,8.0,7.7,7.4,7.1,6.9,6.6,6.3,6.1,5.8,5.6,5.3,5.0,4.8,4.6,4.3,4.1,4.0,3.8,3.6
Haiti,HTI,194.8,191.5,188.3,185.2,182.2,179.1,176.0,172.9,169.8,166.6,163.4,160.1,156.6,153.0,149.5,146.0,142.6,139.2,135.8,132.5,129.4,126.2,123.0,120.0,117.1,114.3,111.5,108.8,106.1,103.5,101.0,98.4,95.8,93.1,90.4,87.8,85.1,82.4,79.9,77.4,75.0,72.8,70.7,68.9,67.2,65.6,64.1,62.7,61.3,60.0,85.5,57.5,56.2,54.8,53.5,52.2
Hungary,HUN,53.4,51.0,49.0,47.3,45.8,44.4,43.2,42.0,41.0,39.9,39.0,38.5,38.4,38.6,38.1,35.8,32.5,29.4,27.1,25.3,23.8,22.6,22.0,22.0,21.9,21.4,20.6,19.4,18.4,17.6,16.9,16.2,15.4,14.2,13.0,12.1,11.5,11.1,10.7,10.2,9.7,9.1,8.6,8.0,7.5,7.2,6.8,6.5,6.2,5.9,5.7,5.5,5.4,5.4,5.3,5.3
IBRD only,IBD,,,,,,,,,,104.680516859,100.524619138,97.7576432682,95.3833067744,93.0058492423,90.66694207,88.2542312322,85.8225961157,83.4165534299,80.9833707281,78.5435610918,76.3105202211,73.787981536,71.3625184421,68.9730267977,66.6347788345,64.6054561339,62.7686235089,61.1522581048,59.7697992651,58.4944954094,57.3245197998,56.2636427957,55.1669348936,53.9897954,52.7879469071,51.534001634,50.2425815906,48.817526445,47.355342677,45.8184131569,44.2373234503,42.5999157372,40.9043818785,39.251426426,37.683526777,35.9977399489,34.4974430657,32.996044656,31.5506842846,30.138061746,28.7871857132,27.5205647466,26.3597807683,25.2853179547,24.3332044386,23.530539804
IDA & IBRD total,IBT,,,,,,,,,,113.579585481,109.77947101,107.055648816,104.976584312,102.854464471,100.711173033,98.7897420912,96.6082773552,94.4168209639,92.266014437,90.2334785246,88.0307663677,85.6462394332,83.3231019861,81.1250897407,78.8895160515,76.9663345177,75.2825414924,73.7733395819,72.4991616909,71.369858849,70.3823424726,69.5233173371,68.6799725855,67.790349134,66.8965349639,65.8678014332,64.7256994627,63.4436213185,62.0430590836,60.4742140426,58.7913467496,56.9813571652,55.0674202038,53.1643863286,51.3165318717,49.3933445254,47.6378567553,45.8786265796,44.2347820275,42.5781993413,41.1080131776,39.5985392133,38.2344916922,37.0294455949,35.9160239644,34.9587386705
IDA total,IDA,,,,,164.933397549,162.098505628,157.734344101,154.622983921,149.617122791,147.352081409,144.989111001,142.429248985,139.981505299,137.727793712,135.438952806,133.579611868,131.204095452,128.79962883,126.488423108,124.049829413,121.673845455,119.39349159,117.231991483,115.161071913,113.227640858,111.494121335,109.944808322,108.367624855,106.848244169,105.385405896,103.971210186,102.565636296,101.193556591,99.8060395562,98.4530048166,96.8265516113,95.0203059226,93.1698699784,91.1482335724,88.8945463033,86.5072135339,83.9544397777,81.2761169611,78.5874040465,75.9235203734,73.2789042316,70.7888066286,68.314739757,66.0832721699,63.7780012444,61.8801383365,59.7365173413,57.8028981998,56.1410525004,54.5110717451,53.0370003612
IDA blend,IDB,,,,,167.755477634,163.219076612,158.956493415,154.937991634,150.989427389,147.086315615,143.224885974,138.66782995,135.231244869,131.887719797,128.714495044,125.772452358,123.006882168,120.422168174,118.120773064,114.955519506,112.84639439,110.952834614,109.348824878,107.89391646,106.652112779,105.644328244,104.938951718,104.200162108,103.561029789,103.022459139,102.581348014,102.235351685,101.87851151,101.502673985,100.972183982,100.281326626,99.2666833329,97.9655843044,96.3906639682,94.5790436295,92.6201896322,90.5083988122,88.2731689657,86.0345690582,83.7532732852,81.4081024845,79.1174209201,76.9155078739,74.6416576831,72.5289291667,70.4590373489,68.4393515797,66.432504112,64.6434362636,62.8037652873,61.1364094263
Indonesia,IDN,148.4,144.8,141.2,137.7,134.1,130.6,127.0,123.4,119.8,116.4,113.1,109.9,106.7,103.6,100.6,97.8,95.1,92.5,90.0,87.7,85.4,83.1,80.8,78.5,76.2,74.0,71.6,69.3,67.0,64.6,62.2,59.8,57.4,55.1,52.9,50.8,48.7,46.7,44.7,42.9,41.1,39.4,37.8,36.3,36.0,33.4,32.1,30.9,29.7,28.5,27.4,26.3,25.3,24.4,23.6,22.8
IDA only,IDX,,,,,,,157.073209929,154.456145083,148.966445306,147.470412951,145.777442957,144.136219093,142.105074536,140.35390611,138.4641236,137.034330993,134.855744928,132.558497853,130.270279347,128.399030337,125.925216227,123.487896366,121.085469725,118.692687231,116.447784421,114.378626272,112.428109167,110.44234679,108.487082042,106.562651238,104.661826788,102.729052824,100.856434314,98.9756609732,97.2269105017,95.1541283788,92.9753459912,90.8718654283,88.6476161638,86.1931780486,83.6088182352,80.8475059417,77.9520065486,75.0337007913,72.162781951,69.341624334,66.7153690707,64.064201879,61.8101383475,59.3672197962,57.5213179563,55.2879540473,53.3741621919,51.7690644012,50.2470561475,48.8801404716
Isle of Man,IMN,,,,,,,,,,,,,,,,,,,,,,,,,,,,,,,,,,,,,,,,,,,,,,,,,,,,,,,,
India,IND,165.1,162.5,160.1,157.6,155.3,153.2,151.0,148.9,146.9,144.8,142.8,140.6,138.3,135.8,133.1,130.3,127.2,124.0,120.7,117.5,114.3,111.3,108.4,105.7,103.1,100.6,98.1,95.6,93.1,90.7,88.3,86.1,83.9,81.7,79.6,77.5,75.4,73.1,70.9,68.6,66.4,64.2,62.0,59.9,57.8,55.8,53.9,51.9,50.0,48.2,46.3,44.4,42.6,40.9,39.3,37.9
Not classified,INX,,,,,,,,,,,,,,,,,,,,,,,,,,,,,,,,,,,,,,,,,,,,,,,,,,,,,,,,
Ireland,IRL,30.4,29.2,28.0,27.0,26.0,24.7,23.3,21.9,20.7,19.7,19.0,18.5,18.3,18.0,17.5,17.0,16.2,15.2,14.2,13.0,12.0,11.2,10.4,9.8,9.3,8.9,8.7,8.4,8.3,8.0,7.7,7.2,6.8,6.4,6.2,6.1,6.1,6.1,6.1,6.1,5.9,5.8,5.4,5.1,4.7,4.4,4.1,3.9,3.8,3.6,3.5,3.4,3.4,3.2,3.1,3.0
"Iran, Islamic Rep.",IRN,,,,,,,,,,,,126.0,120.7,115.9,110.9,105.8,100.5,95.0,89.4,83.7,78.3,73.2,68.5,64.4,60.8,57.6,54.7,51.9,49.3,46.9,44.6,42.6,40.8,39.2,37.7,36.2,34.7,33.2,31.7,30.1,28.6,27.1,25.6,24.3,23.0,21.7,20.5,19.4,18.3,17.3,16.4,15.7,15.1,14.5,13.9,13.4
Iraq,IRQ,131.7,124.7,118.3,112.5,107.1,102.1,97.4,93.0,88.9,85.1,81.5,78.1,74.9,71.9,68.9,66.2,63.6,61.2,58.9,56.9,55.0,53.3,51.6,50.1,48.7,47.4,46.1,45.1,44.0,43.1,42.3,41.6,40.8,40.2,39.5,38.9,38.3,37.6,37.0,36.4,35.8,35.2,34.6,34.1,33.5,33.0,32.4,31.8,31.2,30.6,30.0,29.3,28.7,27.9,27.2,26.5
Iceland,ISL,17.5,17.2,16.9,16.4,16.0,15.5,15.0,14.4,13.9,13.4,12.8,12.3,11.8,11.3,10.8,10.3,9.8,9.2,8.7,8.3,7.8,7.4,7.0,6.7,6.4,6.1,5.9,5.6,5.5,5.2,5.1,4.9,4.7,4.5,4.3,4.1,3.9,3.7,3.5,3.3,3.1,3.0,2.8,2.7,2.6,2.4,2.3,2.2,2.1,1.9,1.9,1.8,1.7,1.6,1.6,1.6
Israel,ISR,,,,,,,,,,,,,,,25.0,22.4,20.3,18.6,17.2,16.1,15.3,14.6,14.0,13.5,12.8,12.1,11.5,11.0,10.4,10.1,9.7,9.2,8.7,8.2,7.6,7.2,6.7,6.4,6.1,5.9,5.6,5.4,5.2,4.9,4.7,4.5,4.3,4.1,3.9,3.8,3.7,3.5,3.4,3.3,3.3,3.2
Italy,ITA,44.2,42.7,41.0,39.2,37.3,35.7,34.3,33.1,32.0,30.9,29.7,28.2,26.5,24.5,22.5,20.5,18.7,17.3,16.1,15.1,14.3,13.4,12.6,11.9,11.2,10.5,9.9,9.4,9.1,8.7,8.3,8.0,7.7,7.3,6.9,6.4,6.0,5.6,5.3,5.0,4.7,4.4,4.3,4.0,3.8,3.7,3.7,3.6,3.5,3.5,3.4,3.3,3.2,3.1,3.0,2.9
Jamaica,JAM,62.0,59.8,57.7,55.8,54.0,52.4,50.8,49.3,47.9,46.3,44.8,43.3,41.8,40.3,39.0,37.8,36.7,35.6,34.7,33.8,32.9,32.1,31.3,30.5,29.7,29.0,28.3,27.5,26.8,26.1,25.4,24.7,24.0,23.3,22.6,21.9,21.2,20.5,19.9,19.3,18.7,18.2,17.8,17.4,17.1,16.9,16.7,16.5,16.2,15.9,15.5,15.1,14.8,14.4,13.9,13.5
Jordan,JOR,107.5,101.9,96.6,91.6,87.1,82.8,78.9,75.2,71.8,68.6,65.7,62.9,60.2,57.8,55.5,53.3,51.2,49.1,47.2,45.3,43.5,41.8,40.2,38.6,37.1,35.7,34.3,33.1,32.0,30.9,30.0,29.1,28.3,27.5,26.8,26.2,25.5,24.9,24.3,23.8,23.2,22.6,22.1,21.5,20.9,20.4,19.9,19.3,18.8,18.3,17.8,17.3,16.8,16.3,15.8,15.4
Japan,JPN,30.4,27.9,25.5,23.2,21.0,19.1,17.5,16.3,15.1,14.2,13.4,12.6,11.9,11.3,10.6,10.0,9.4,8.8,8.3,7.9,7.4,6.9,6.5,6.2,5.8,5.5,5.2,5.0,4.8,4.7,4.6,4.5,4.4,4.3,4.3,4.1,4.0,3.8,3.6,3.4,3.3,3.1,3.0,2.9,2.9,2.7,2.7,2.6,2.5,2.4,2.4,2.3,2.2,2.1,2.1,2.0
Kazakhstan,KAZ,,,,,,,,,,,,68.2,66.9,65.6,64.5,63.4,62.4,61.4,60.3,59.2,57.8,56.3,54.7,53.0,51.4,49.9,48.5,47.1,46.0,45.2,44.7,44.5,44.7,44.9,45.0,44.8,44.0,42.7,41.1,39.4,37.5,35.7,33.9,32.1,30.3,28.6,26.8,24.8,23.0,21.1,19.3,17.5,16.0,14.6,13.5,12.6
Kenya,KEN,118.6,114.0,109.9,106.5,103.6,101.2,99.0,97.1,95.2,93.3,91.3,89.3,87.3,85.2,83.0,80.7,78.4,76.0,73.7,71.5,69.4,67.5,65.8,64.4,63.4,62.7,62.5,62.7,63.4,64.5,65.8,67.4,68.9,70.4,71.4,71.9,71.7,71.1,69.9,68.4,66.5,64.5,62.2,59.7,57.2,54.3,51.8,49.5,46.2,44.3,42.4,40.3,39.2,38.0,36.6,35.5
Kyrgyz Republic,KGZ,,,,,,,,,,,,,,,,87.9,86.1,84.5,82.8,80.9,78.8,76.4,73.7,70.7,67.5,64.4,61.4,58.7,56.5,54.9,54.1,53.8,53.6,53.3,52.6,51.3,49.5,47.5,45.5,43.5,41.6,39.8,38.2,36.7,35.3,34.2,33.0,31.7,30.1,28.4,26.5,24.6,22.9,21.4,20.1,19.0
Cambodia,KHM,,,,,,,,,,,,,,,,178.2,166.4,155.4,143.3,130.0,117.3,106.5,98.1,92.3,89.0,87.5,86.6,86.0,85.6,85.5,85.4,85.5,85.7,86.2,86.9,87.6,88.2,88.2,87.1,84.5,80.4,74.7,68.3,62.3,57.4,53.3,49.8,46.5,43.3,40.0,36.7,33.6,30.7,28.3,26.3,24.6
Kiribati,KIR,,,,122.2,117.8,113.9,110.1,106.5,103.2,100.0,97.3,94.8,92.6,90.8,89.5,88.5,87.7,87.2,86.8,86.5,86.1,85.7,85.1,84.2,83.0,81.4,79.5,77.2,74.7,72.0,69.4,67.0,65.0,63.2,61.6,60.3,58.9,57.5,56.1,54.6,53.2,51.9,50.9,50.1,49.7,49.5,49.5,49.5,49.3,48.9,48.3,47.5,46.6,45.6,44.6,43.6
St. Kitts and Nevis,KNA,,,,,,,,,,,57.5,55.6,53.8,52.1,50.5,49.2,47.8,46.6,45.2,43.6,41.9,39.8,37.7,35.4,33.2,31.1,29.2,27.4,25.8,24.4,23.1,22.0,21.0,20.1,19.3,18.5,17.8,17.0,16.3,15.6,15.0,14.3,13.7,13.1,12.6,12.2,11.7,11.2,10.8,10.4,10.0,9.6,9.3,9.0,8.7,8.4
"Korea, Rep.",KOR,80.2,76.1,72.4,68.8,65.3,61.6,57.8,54.0,49.9,45.7,41.4,37.3,33.3,29.5,26.0,22.8,19.9,17.4,15.4,13.7,12.3,11.3,10.5,9.8,9.2,8.5,7.9,7.4,6.9,6.5,6.1,5.8,5.5,5.2,5.0,4.7,4.5,4.5,4.7,4.9,5.2,5.5,5.6,5.4,5.2,4.8,4.5,4.1,3.9,3.7,3.5,3.4,3.3,3.2,3.0,2.9
Kuwait,KWT,101.6,95.2,89.0,83.3,77.8,72.6,68.0,63.7,60.0,56.6,53.5,50.6,47.9,45.3,42.8,40.5,38.2,36.0,33.9,31.8,29.6,27.4,25.2,23.0,21.1,19.7,18.5,17.6,16.8,16.1,15.3,15.3,14.0,13.5,13.1,12.7,12.3,11.9,11.5,11.1,10.9,10.7,10.6,10.4,10.3,10.1,10.0,9.8,9.7,9.5,9.2,8.9,8.5,8.1,7.7,7.3
Latin America & Caribbean (excluding high income),LAC,120.9,118.0,115.1,105.7,103.2,100.7,98.6,96.5,94.4,90.5,88.3,86.0,83.6,81.3,79.0,76.8,74.6,72.3,70.0,67.6,65.1,62.5,60.1,57.7,55.5,53.3,51.2,49.1,47.2,45.3,43.5,41.8,40.2,38.5,36.9,35.2,33.5,31.8,30.2,28.6,27.0,25.6,24.3,23.1,22.0,21.0,20.1,19.4,18.8,18.2,18.3,17.1,16.5,16.1,15.7,15.4
Lao PDR,LAO,,,,,,,,,,,,,,,,,,,139.6,137.1,134.7,132.3,130.0,127.7,125.3,123.0,120.6,118.4,116.1,113.6,111.1,108.6,105.9,103.1,100.2,97.4,94.4,91.5,88.7,86.0,83.2,80.5,77.8,75.2,72.7,70.2,67.8,65.5,63.2,61.0,59.0,57.1,55.4,53.7,52.3,50.7
Lebanon,LBN,57.6,56.1,54.7,53.4,52.3,51.4,50.5,49.8,49.1,48.6,48.1,47.6,47.2,46.6,46.1,45.4,44.6,43.6,42.6,41.5,40.3,39.1,37.8,36.4,35.0,33.6,32.2,30.8,29.4,28.2,26.9,25.8,24.7,23.7,22.7,21.8,20.8,19.9,19.0,18.1,17.1,16.1,15.1,14.1,13.1,12.1,11.2,10.4,9.7,9.2,8.7,8.3,7.9,7.6,7.3,7.1
Liberia,LBR,212.0,212.1,211.4,210.4,208.8,206.8,204.6,201.7,198.5,194.9,191.3,187.8,184.4,181.0,177.5,174.2,171.3,168.3,165.7,163.1,160.8,158.7,157.1,156.1,155.9,156.7,158.6,161.5,164.6,167.7,170.1,171.2,170.3,167.8,163.7,158.3,151.9,145.2,138.1,130.6,123.0,115.6,108.2,101.0,94.0,87.6,81.9,76.9,72.5,68.6,65.2,62.1,59.4,56.9,54.7,52.8
Libya,LBY,164.5,156.1,148.4,140.9,133.5,126.6,119.8,113.3,107.1,101.4,96.0,90.9,86.0,81.3,76.9,72.8,69.0,65.6,62.5,59.6,57.0,54.6,52.2,49.9,47.6,45.5,43.4,41.3,39.3,37.3,35.5,33.8,32.2,30.8,29.6,28.4,27.4,26.5,25.7,24.9,24.2,23.4,22.7,21.9,20.9,19.8,18.6,17.3,16.1,15.1,14.3,13.9,12.9,12.4,11.9,11.4
St. Lucia,LCA,,,,,,,,,,,57.5,52.6,47.9,43.7,39.8,36.3,33.4,31.0,29.3,27.9,26.7,25.8,24.9,24.0,23.2,22.2,21.3,20.4,19.7,19.1,18.7,18.3,18.0,17.7,17.3,16.9,16.5,16.1,15.8,15.5,15.2,15.1,14.9,14.9,14.9,14.8,14.8,14.6,14.5,14.3,14.1,13.9,13.6,13.3,13.0,12.7
Latin America & Caribbean,LCN,120.531795855,117.501291258,114.635478108,105.495001359,103.030790623,100.367338928,98.052078384,95.7777887187,93.4742597954,89.6272531795,87.4604123543,85.2553771558,82.9938176637,80.7797202662,78.5582676607,76.3440717178,74.0416892085,71.6357976171,69.1838572367,66.6493916482,64.0912892531,61.5235453039,59.0647741954,56.6382087822,54.4087508871,52.2621523,50.2292059254,48.3018523283,46.4979863669,44.7239366103,43.0171673168,41.3300533524,39.6461472642,37.9653938348,36.2677266319,34.5517553743,32.8723483719,31.2187797725,29.6639187438,28.0936598463,26.5879662845,25.22885438,23.9713578686,22.7591063488,21.7258214521,20.739092355,19.8696965484,19.1248332922,18.4725521832,17.8690118972,17.9440755526,16.7748435567,16.312727965,15.9157997523,15.55731552,15.2216669379
Least developed countries: UN classification,LDC,,,,,,,160.795933376,158.087201586,151.872961328,150.274264983,148.675466014,147.145579144,145.421431036,143.831971433,142.089790559,141.114101341,139.073553602,136.884750754,134.638521828,132.793790149,130.495775102,128.064257366,125.649832816,123.164310586,120.937408626,118.885182858,117.00544676,115.036174055,113.080202025,111.127326064,109.171119918,107.14964463,105.172355975,103.17772178,101.335463673,99.1660775015,96.8986726295,94.7226779822,92.3941161216,89.9016808188,87.2450403559,84.4079270395,81.439213279,78.4493366339,75.5174109917,72.6328083501,69.9373212729,67.2038731779,64.8913487167,62.3557825926,60.4402309663,58.0976902961,56.0942062594,54.4148388649,52.8149989789,51.3725269241
Low income,LIC,,,,,170.3,169.3,161.9,159.0,154.5,152.8,151.3,149.8,148.0,146.5,144.7,143.2,141.6,139.9,138.0,136.9,134.8,132.7,130.5,128.0,125.9,119.8,118.2,116.8,115.6,114.3,113.0,111.4,109.6,107.8,106.1,104.1,102.0,99.9,97.6,95.1,92.3,89.2,85.9,82.6,79.3,76.1,73.2,70.2,67.6,65.1,63.1,60.5,58.2,56.4,54.7,53.2
Liechtenstein,LIE,,,,,,,,,,,,,,,,,,,,,,,,,,,,,,,,,,,,,,,,,,,,,,,,,,,,,,,,
Sri Lanka,LKA,72.7,69.8,67.1,64.6,62.4,60.4,58.6,57.0,55.7,54.6,53.6,52.7,51.9,51.0,50.0,48.7,47.3,45.6,43.7,41.6,39.4,36.8,34.1,31.2,28.2,25.2,22.6,20.5,19.2,18.4,18.1,18.1,18.2,18.0,17.7,17.2,16.7,16.0,15.3,14.6,14.0,13.6,13.2,13.0,15.3,12.1,11.4,10.7,10.2,9.7,9.4,9.1,8.9,8.7,8.6,8.4
Lower middle income,LMC,161.3,157.8,154.7,152.4,148.7,145.9,143.2,140.6,137.8,135.4,133.0,129.0,126.4,123.8,121.1,118.7,115.8,113.0,110.4,107.7,105.0,102.5,99.9,97.5,95.2,93.0,90.9,88.8,86.8,84.9,83.1,81.3,79.6,77.9,76.2,74.6,72.9,71.2,69.5,67.6,65.7,63.6,61.6,59.5,57.6,55.6,53.9,52.1,50.6,48.9,47.3,45.6,44.0,42.5,41.1,39.8
Low & middle income,LMY,153.6,151.3,148.1,143.2,140.6,138.1,135.7,133.3,130.3,114.0,110.2,107.5,105.2,103.0,100.8,99.0,97.0,95.1,93.3,91.5,89.4,86.9,84.4,81.9,79.4,77.0,75.0,73.0,71.4,70.1,69.1,68.5,68.1,67.8,67.5,66.9,65.8,64.3,62.6,60.6,58.7,56.7,54.6,52.6,50.7,48.8,47.2,45.6,44.2,42.7,41.3,39.7,38.2,36.8,35.6,34.6
Lesotho,LSO,143.3,142.3,141.7,141.5,141.3,140.9,140.1,138.9,137.0,134.5,131.6,128.7,125.4,122.0,118.4,114.6,110.4,106.2,101.8,97.6,93.5,89.5,85.8,82.7,79.8,77.4,75.3,73.7,72.3,71.4,70.8,70.6,71.1,72.3,74.3,76.6,78.8,80.5,81.8,83.0,84.1,85.2,86.3,87.3,87.9,88.1,87.5,84.3,84.5,78.8,75.2,71.9,72.3,71.9,70.5,69.2
Late-demographic dividend,LTE,,,,,,,,,,83.1301973121,77.7778683149,74.4759324855,71.3664416211,68.2157742808,65.1671722669,62.1632220264,59.2650761247,56.4984348522,54.1628271471,51.7393187143,49.6194845174,47.6077389615,46.0829928361,44.566146157,43.3272421781,42.2726131861,41.5728000789,41.0667311258,40.7583218263,40.3372080536,39.8961331342,39.3401151955,38.5850378048,37.5575124888,36.3784346644,35.0848560771,33.757596937,32.3355184075,30.8293818532,29.2810484607,27.6881056248,26.0187538895,24.2880933182,22.6433262496,21.0954261141,19.5774175404,18.2869246058,17.1000264715,16.0082665219,15.0413622333,14.1622629249,13.3590581179,12.5999050445,11.9219224176,11.3233433402,10.8537612856
Lithuania,LTU,,,,,,,,24.1,23.3,22.1,20.5,18.9,18.4,18.9,19.8,20.2,20.1,19.7,19.3,18.8,18.1,17.6,17.1,16.6,16.1,15.4,14.5,13.6,12.8,12.5,13.4,14.9,16.1,16.0,14.9,13.5,12.0,11.0,10.4,10.0,9.6,9.2,8.9,8.7,8.4,8.1,7.7,7.2,6.7,6.1,5.6,5.0,4.5,4.0,3.6,3.3
Luxembourg,LUX,,,,,25.4,24.4,23.4,22.4,21.3,20.3,19.3,18.1,17.1,16.1,15.1,14.2,13.4,12.8,12.2,11.7,11.2,10.9,10.5,10.1,9.7,9.4,8.9,8.5,8.1,7.7,7.3,6.8,6.3,6.0,5.6,5.2,4.9,4.6,4.4,4.1,3.9,3.7,3.4,3.3,3.0,2.8,2.6,2.4,2.2,2.0,1.9,1.8,1.6,1.6,1.6,1.5
Latvia,LVA,,,,,,,,,,,,,,,,,,,,19.4,19.4,19.4,19.1,18.7,17.8,16.8,15.7,15.0,14.8,15.4,16.6,18.0,19.1,19.6,19.9,19.7,19.1,18.1,16.9,15.7,14.5,13.6,12.8,12.2,11.4,10.7,10.1,9.6,9.1,8.6,8.2,7.8,7.6,7.4,7.2,6.9
"Macao SAR, China",MAC,,,,,,,,,,,,,,,,,,,,,,,,,,,,,,,,,,,,,,,,,,,,,,,,,,,,,,,,
St. Martin (French part),MAF,,,,,,,,,,,,,,,,,,,,,,,,,,,,,,,,,,,,,,,,,,,,,,,,,,,,,,,,
Morocco,MAR,145.0,142.7,140.4,138.0,135.5,133.0,130.4,127.9,125.4,123.0,120.8,118.8,116.8,114.7,112.4,109.9,107.1,104.0,100.7,97.4,94.0,90.6,87.3,83.9,80.6,77.2,74.1,71.0,68.2,65.6,63.1,60.8,58.5,56.2,54.1,51.8,49.7,47.7,45.8,43.9,42.2,40.5,38.9,37.4,35.9,34.5,33.2,31.9,30.7,29.6,28.5,27.4,26.4,25.5,24.6,23.7
Monaco,MCO,,,,,,,,,,,,,,,,,,,,,,,,,,,,,,6.6,6.4,6.0,5.8,5.5,5.3,5.1,4.9,4.7,4.5,4.3,4.2,4.1,3.9,3.8,3.7,3.7,3.6,3.5,3.4,3.3,3.2,3.2,3.1,3.0,2.9,2.8
Moldova,MDA,,,,,,,,,,,,49.7,48.5,47.3,46.1,44.9,43.8,42.6,41.6,40.6,39.7,38.7,37.4,36.0,34.5,32.9,31.4,29.9,28.7,27.8,27.3,27.5,28.2,29.2,30.2,31.0,31.3,30.8,29.8,28.1,26.0,23.7,21.5,19.5,18.0,16.9,16.0,15.5,15.2,14.9,14.7,14.5,14.3,14.1,13.9,13.6
Madagascar,MDG,,,,,,,,,91.5,92.4,93.2,94.2,95.3,96.7,98.2,99.5,100.8,101.9,103.0,104.1,105.4,107.0,108.5,109.6,110.0,109.6,108.3,106.4,103.9,101.0,98.1,95.4,92.9,90.7,88.4,85.9,83.1,80.0,76.7,73.2,69.7,66.2,62.9,59.7,56.5,53.5,50.6,47.9,45.7,43.8,42.1,40.6,39.3,38.1,37.0,35.9
Maldives,MDV,,,,217.1,211.1,205.3,199.2,193.1,186.9,180.5,174.0,167.1,159.7,152.0,144.4,137.2,130.3,123.7,117.7,112.1,106.8,101.9,97.3,92.9,88.8,84.9,81.2,77.7,74.4,71.2,68.2,65.3,62.5,59.5,56.5,53.4,50.1,46.7,43.1,39.4,35.6,31.8,28.3,24.9,22.6,19.4,17.2,15.3,13.7,12.4,11.2,10.1,9.2,8.4,7.8,7.4
Middle East & North Africa,MEA,,,157.375922169,161.976582939,157.406789555,153.098455376,149.018949002,145.191004996,141.56610954,137.973649647,134.568828746,130.076862103,125.423160432,121.350483032,115.794102766,111.020746726,106.402930093,101.625347483,96.7589368624,91.8945275598,87.1132055237,82.3332992163,77.5691270564,72.8564570951,68.3782548913,64.2328506203,60.6005795838,57.3696501666,54.5998728455,52.211529035,50.1120603919,48.2496549839,46.4659406787,44.8241739549,43.196641858,41.5926043667,40.0215362426,38.4988723013,37.0137264338,35.5844712652,34.1934170721,32.8566789489,31.5526709484,30.3375408411,29.133442981,27.9778768925,26.8951577297,25.8621274541,24.8565792058,23.9138997252,23.064004381,22.2483101185,21.5545012398,20.8658412968,20.2325768194,19.6592789037
Mexico,MEX,,,,90.8,89.3,87.6,86.0,84.1,82.0,79.8,77.5,75.1,72.7,70.5,68.5,66.6,64.7,62.8,60.7,58.5,56.1,53.7,51.4,49.2,47.3,45.5,43.8,42.1,40.5,38.8,37.1,35.4,33.7,32.0,30.4,28.8,27.3,25.8,24.3,22.9,21.6,20.4,19.3,18.2,17.4,16.7,16.2,15.8,15.4,15.0,14.4,13.8,13.1,12.5,11.9,11.3
Marshall Islands,MHL,90.4,87.0,83.8,80.8,77.9,75.2,72.6,70.2,68.0,65.9,64.0,62.3,60.7,59.5,58.4,57.5,56.7,55.9,55.1,54.2,53.2,52.1,50.9,49.6,48.2,46.8,45.5,44.1,42.6,41.1,39.7,38.3,37.0,35.8,34.9,34.2,33.8,33.6,33.5,33.5,33.5,33.3,33.2,33.0,32.7,32.5,32.4,32.2,32.1,31.9,31.8,31.6,31.2,30.8,30.2,29.6
Middle income,MIC,148.6,145.3,142.3,137.2,134.6,131.9,129.5,127.1,124.4,108.3,104.5,101.7,99.4,97.1,94.8,92.9,90.8,88.8,86.9,85.0,82.9,80.5,78.1,75.6,73.2,71.0,69.0,67.1,65.4,64.0,63.0,62.3,61.8,61.4,60.9,60.2,59.1,57.6,55.9,54.0,52.2,50.3,48.5,46.7,45.0,43.3,41.9,40.5,39.3,37.9,36.6,35.2,33.9,32.6,31.4,30.4
"Macedonia, FYR",MKD,,,,,,,,,,,,,,,,,,,,,,51.6,50.2,48.3,46.2,45.0,44.3,42.9,39.7,35.9,33.0,31.5,30.1,27.9,24.9,22.0,19.5,17.5,16.1,15.0,14.2,13.5,12.8,12.6,12.4,12.1,11.6,11.0,10.4,9.6,8.7,7.5,6.5,5.8,5.2,4.8
Mali,MLI,,,,216.5,212.8,209.2,206.1,203.0,200.3,197.9,195.7,193.5,191.1,188.2,184.8,180.9,176.9,172.8,168.7,164.8,161.2,157.7,154.2,150.5,147.0,143.7,140.7,137.8,135.2,132.8,130.6,128.7,127.3,126.2,125.3,124.5,123.6,122.6,121.0,118.9,116.0,112.6,108.8,104.7,100.6,96.7,93.2,90.1,87.5,85.0,82.9,81.0,79.2,77.6,75.9,74.5
Malta,MLT,36.4,34.9,33.7,32.6,31.6,30.6,29.5,28.3,27.2,26.0,24.7,23.6,22.3,21.2,20.1,19.0,17.9,17.0,16.2,15.6,15.0,14.4,13.9,13.4,12.8,12.3,11.7,11.3,10.9,10.4,10.0,9.7,9.3,9.0,8.7,8.4,8.0,7.6,7.4,7.1,6.8,6.6,6.4,6.2,6.1,6.0,5.9,5.9,5.8,5.7,5.6,5.6,5.5,5.3,5.2,5.1
Myanmar,MMR,,,,,,,,,126.6,123.9,121.4,118.9,116.5,114.0,111.6,109.1,106.8,104.3,101.9,99.6,97.3,95.2,93.1,91.2,89.2,87.3,85.5,83.7,81.9,80.1,78.3,76.4,74.6,72.7,70.8,69.0,67.3,65.6,63.9,62.3,60.7,59.2,57.7,56.2,54.7,53.2,51.7,50.2,53.4,47.3,45.8,44.5,43.2,41.9,40.7,39.5
Middle East & North Africa (excluding high income),MNA,168.4,163.3,159.0,161.2,155.8,151.1,147.2,143.7,140.6,137.6,134.5,130.1,126.2,122.2,117.9,113.2,108.7,104.1,99.3,94.5,89.7,84.8,79.8,74.9,70.2,66.0,62.3,59.2,56.5,54.2,52.2,50.4,48.8,47.3,45.7,44.2,42.6,40.9,39.2,37.5,36.0,34.6,33.3,32.2,31.0,29.8,28.6,27.5,26.3,25.3,24.4,23.5,22.8,22.0,21.4,20.8
Montenegro,MNE,,,,,,,,,,,,,,,,,,,,,,,,,23.8,21.8,19.9,18.2,16.8,15.7,14.9,14.3,14.0,13.8,13.7,13.6,13.6,13.5,13.2,13.0,12.5,12.0,11.5,10.9,10.1,9.5,8.8,8.2,7.4,6.8,6.3,5.7,5.3,4.9,4.6,4.3
Mongolia,MNG,,,,,,,,,,,,,,,,,,,121.8,117.4,113.3,109.3,105.6,101.9,98.3,94.6,91.0,87.3,83.7,80.3,76.9,73.8,70.7,67.8,65.0,62.2,59.4,56.6,53.8,51.0,48.2,45.3,42.5,39.8,37.3,34.9,32.7,30.6,28.6,26.8,25.0,23.4,22.1,20.9,19.9,19.0
Northern Mariana Islands,MNP,,,,,,,,,,,,,,,,,,,,,,,,,,,,,,,,,,,,,,,,,,,,,,,,,,,,,,,,
Mozambique,MOZ,,,,,,185.6,185.0,184.1,183.5,182.6,181.9,181.2,180.5,179.8,179.0,178.0,177.2,176.4,175.7,175.1,174.6,174.1,173.3,172.3,170.9,169.2,167.5,165.7,163.8,161.8,159.7,157.4,154.7,151.5,147.8,143.4,138.3,132.7,126.6,120.7,115.0,109.3,104.0,99.1,94.6,90.4,86.6,81.5,78.0,74.3,71.9,68.1,63.6,60.9,58.5,56.7
Mauritania,MRT,135.0,131.9,128.9,126.0,123.1,120.3,117.6,114.8,112.2,110.0,108.5,107.5,107.0,106.6,106.1,105.1,103.6,102.0,100.1,98.1,96.3,94.4,92.5,90.6,88.5,86.3,84.1,82.1,80.4,79.0,77.9,77.2,76.7,76.4,76.3,76.3,76.3,76.3,76.3,76.2,76.2,76.0,75.9,75.7,75.3,74.7,74.0,73.1,72.1,71.1,70.1,69.2,68.1,67.2,66.1,65.1
Mauritius,MUS,67.8,66.3,63.6,59.9,58.1,60.5,65.5,68.4,66.5,62.8,60.3,59.4,58.7,57.4,54.5,49.6,44.1,39.5,36.3,34.0,32.3,30.5,28.3,25.7,23.9,23.7,24.4,24.4,23.1,21.3,19.9,18.8,18.4,18.4,18.8,19.4,19.9,19.8,19.0,17.8,16.4,15.1,14.2,13.8,13.7,13.8,14.0,14.1,13.9,13.6,13.3,13.1,12.8,12.6,12.2,11.8
Malawi,MWI,,,,,214.3,213.3,212.3,211.5,210.8,209.6,207.7,204.8,200.6,195.5,189.9,184.0,177.5,170.6,163.8,157.4,151.8,147.3,144.4,143.4,144.6,146.9,149.0,149.6,148.6,146.2,142.5,137.9,133.1,128.6,124.9,121.9,119.5,117.1,113.9,109.4,103.5,96.5,88.8,81.6,75.5,70.7,67.1,64.5,61.7,59.6,57.5,53.8,50.2,47.3,45.1,43.4
Malaysia,MYS,67.4,64.2,61.1,58.3,55.8,53.4,51.2,49.1,47.2,45.3,43.5,41.7,39.8,38.0,36.1,34.2,32.4,30.5,28.8,27.0,25.4,23.8,22.4,21.0,19.7,18.6,17.5,16.6,15.7,15.0,14.3,13.6,13.0,12.4,11.9,11.5,11.1,10.7,10.1,9.4,8.7,8.1,7.6,7.3,7.1,7.0,6.9,6.9,6.9,6.9,6.8,6.7,6.6,6.4,6.2,6.0
North America,NAC,26.0842098168,25.5558839472,25.0073869899,24.4682493023,23.8194109712,23.2807299122,22.642701224,21.9242769382,21.1966374044,20.4877650441,19.7692030425,18.9688357134,18.1492525657,17.3481850361,16.5374880171,15.8268195456,15.0164732374,14.3066624705,13.6071783811,12.9891791288,12.3815831939,11.8746371433,11.4680798776,10.970810354,10.6642148201,10.366322127,10.1588851597,9.95986051923,9.75152429487,9.46951091559,9.1697418444,8.87912402732,8.58898906061,8.29069011035,8.01034379854,7.80473444482,7.52504444947,7.32869253691,7.14830559173,7.05135192862,6.9538463223,6.87073818275,6.77901991639,6.67896292456,6.7705864516,6.68447005379,6.58257073416,6.4802883451,6.37781501524,6.2836196886,6.18143923433,5.97961226516,5.97823727927,5.78613581738,5.58584622632,5.48602955945
Namibia,NAM,,,,,,,,62.3,62.3,62.5,62.6,62.8,62.9,63.1,63.3,63.4,63.6,63.7,63.7,63.6,63.2,62.5,61.5,60.2,58.7,57.1,55.4,53.8,52.3,50.8,49.6,48.5,47.8,47.5,47.4,47.6,48.0,48.4,48.9,49.2,49.4,49.2,48.7,48.1,47.1,45.3,44.1,42.7,41.3,39.2,37.5,36.0,35.5,34.3,33.4,32.8
New Caledonia,NCL,,,,,,,,,,,,,,,,,,,,,,,,,,,,,,,,,,,,,,,,,,,,,,,,,,,,,,,,
Niger,NER,,,,,,,,133.1,134.5,136.1,137.6,139.1,140.4,141.4,141.8,141.4,140.5,138.9,137.2,135.7,134.8,134.6,135.3,136.7,138.3,139.8,140.9,141.4,140.9,139.8,138.1,135.6,132.6,128.9,124.6,119.9,115.4,111.3,107.7,104.3,101.1,97.7,94.1,90.2,86.2,82.3,78.7,75.2,71.9,68.9,66.1,63.7,61.6,59.8,58.4,57.1
Nigeria,NGA,,,,,195.4,191.0,186.8,182.6,178.2,173.7,168.9,164.1,159.2,154.1,149.2,144.4,139.9,135.8,132.2,129.3,127.0,125.4,124.4,123.9,123.9,124.3,124.9,125.4,125.8,126.0,125.9,125.8,125.5,125.1,124.4,123.4,121.9,119.9,117.5,114.8,112.0,109.0,105.9,102.9,99.8,96.6,93.4,90.3,87.3,84.3,81.5,78.8,76.2,73.8,71.5,69.4
Nicaragua,NIC,134.0,132.5,131.1,129.7,128.2,126.6,125.0,123.1,121.1,118.9,116.6,114.0,111.2,107.9,104.2,100.3,95.9,91.3,86.7,82.1,77.8,73.7,69.9,66.6,63.6,60.9,58.6,56.5,54.5,52.7,50.9,49.0,47.1,45.2,43.3,41.4,39.5,37.6,37.0,34.2,32.6,31.2,29.8,28.6,27.4,26.3,25.3,24.4,23.5,22.7,22.0,21.3,20.6,20.0,19.4,18.8
Netherlands,NLD,16.4,16.1,15.6,15.3,14.9,14.5,14.2,13.8,13.4,13.1,12.6,12.2,11.7,11.3,10.9,10.5,10.1,9.7,9.3,9.0,8.8,8.6,8.4,8.2,8.0,7.9,7.7,7.5,7.2,7.0,6.8,6.5,6.3,6.1,5.8,5.7,5.5,5.3,5.3,5.2,5.1,5.0,4.9,4.7,4.6,4.5,4.3,4.2,4.0,3.8,3.7,3.6,3.5,3.3,3.3,3.2
Norway,NOR,18.4,18.0,17.5,17.1,16.6,16.0,15.4,14.8,14.2,13.7,13.1,12.7,12.2,11.6,11.0,10.5,9.9,9.3,8.8,8.4,8.2,8.0,8.0,8.1,8.2,8.3,8.3,8.2,7.9,7.5,7.0,6.4,5.8,5.3,4.9,4.6,4.4,4.2,4.1,4.0,4.0,3.8,3.6,3.5,3.4,3.2,3.1,3.0,2.9,2.7,2.6,2.5,2.3,2.3,2.2,2.0
Nepal,NPL,219.6,216.7,213.3,209.4,205.2,200.7,195.9,191.3,186.8,182.6,178.6,174.6,170.9,167.2,163.6,159.9,156.2,152.3,148.3,144.3,140.3,136.2,132.1,128.0,123.9,119.7,115.4,111.1,106.7,102.3,97.7,93.2,88.9,84.7,80.7,76.8,73.1,69.6,66.2,62.8,59.6,56.7,53.8,51.2,48.7,46.3,44.1,42.0,40.0,38.1,36.3,34.6,33.1,31.7,30.5,29.4
Nauru,NRU,,,,,,,,,,,,,,,,,,,,,,,,,,,,,,,44.3,42.9,41.6,40.4,39.2,38.1,37.0,35.9,34.9,34.0,33.3,32.6,32.1,31.7,31.5,31.5,31.7,32.0,32.2,32.2,32.0,31.5,31.0,30.4,29.7,29.1
New Zealand,NZL,22.6,21.7,20.9,20.0,19.3,18.7,18.3,17.9,17.5,17.2,16.9,16.5,16.2,15.8,15.4,14.9,14.4,13.9,13.5,13.1,12.7,12.4,12.1,11.9,11.6,11.3,11.0,10.6,10.2,9.7,9.2,8.7,8.2,7.8,7.5,7.1,6.9,6.6,6.4,6.2,6.1,5.9,5.8,5.7,5.5,5.4,5.3,5.3,5.3,5.2,5.1,5.0,4.9,4.9,4.8,4.7
OECD members,OED,48.5089442774,46.6143167664,44.8719243775,48.5269085081,47.0221395997,45.6156971496,44.3239080898,43.1339158565,40.7294318367,39.7058109052,38.6768116415,37.6025679658,36.4589402152,35.3011724071,34.0707103389,32.9263563955,31.6858013332,30.426622294,29.1221781909,27.850440588,26.5718008514,25.2417938084,24.1064892806,23.003881338,22.0113568733,21.0626222393,20.2037808931,19.3924806764,18.6063332292,17.8211940321,17.0396809532,16.2851633545,15.5668192068,14.8545008606,14.1747720431,13.5123671542,12.8809103468,12.2865827097,11.7237310338,11.2043059805,10.7053024231,10.2288160406,9.76611025692,9.29200318559,8.95370117528,8.575436784,8.25840930553,7.95311025778,7.68209774984,7.42781086318,7.15870725115,6.86156920532,6.62297619425,6.35579541346,6.0887479859,5.8521722994
Oman,OMN,,,,218.7,207.9,197.6,187.8,178.5,169.3,160.4,151.8,143.9,136.1,128.6,121.2,114.2,107.1,100.1,92.9,86.1,79.4,72.8,66.6,60.7,55.3,50.4,45.8,41.8,38.2,35.0,32.0,29.3,26.8,24.5,22.5,20.7,19.2,17.7,16.4,15.3,14.3,13.3,12.5,11.9,11.4,10.9,10.6,10.4,10.2,10.1,10.0,10.0,10.0,10.0,10.0,9.9
Other small states,OSS,,,,,,,,,,,,,,,,,,,,76.4176068271,71.1142513258,68.9414166623,65.9137661106,66.045273079,63.2224184831,61.5925158426,72.3894368077,70.7060248036,69.18603151,67.8725194668,66.8360205583,66.0232474997,65.4452343012,65.069446254,64.8270250455,64.6321387623,64.354051389,63.9062843146,63.3040662374,62.6493605054,61.7312241558,60.7187970447,59.5939967875,58.4648504795,57.1767431377,55.4257110709,53.7082765426,52.1807180783,50.8759501073,48.4751553483,46.4692303735,44.822068216,43.7047444235,42.4519007692,41.3310923922,40.379533391
Pakistan,PAK,192.0,184.8,178.0,171.7,165.8,160.5,155.7,151.5,147.7,144.3,141.1,138.3,135.7,133.4,131.2,129.4,127.7,126.1,124.7,123.4,122.1,120.7,119.4,117.9,116.4,114.8,113.1,111.4,109.6,107.8,106.1,104.3,102.5,100.7,98.9,97.1,95.2,93.3,91.4,89.5,87.7,86.0,84.4,82.9,81.4,80.0,78.7,77.4,76.1,74.8,73.5,72.1,70.6,69.1,67.4,65.8
Panama,PAN,66.9,65.3,63.6,61.9,60.4,59.0,57.6,56.2,54.7,53.2,51.4,49.5,47.4,45.4,43.5,41.8,40.3,39.0,37.9,36.8,35.7,34.6,33.4,32.3,31.1,30.1,29.1,28.1,27.2,26.4,25.7,25.1,24.6,24.2,23.8,23.5,23.3,23.0,22.7,22.3,21.9,21.4,20.9,20.4,19.9,19.4,19.0,18.5,18.0,17.5,17.0,16.5,16.0,15.5,15.1,14.6
Peru,PER,135.9,132.6,129.1,125.4,121.8,118.2,114.8,111.6,108.7,106.0,103.4,100.9,98.3,95.8,93.3,91.0,88.9,87.0,85.5,83.9,82.4,80.7,78.7,76.3,73.7,70.7,67.6,64.6,61.7,58.9,56.3,53.7,51.0,48.2,45.4,42.5,39.7,36.9,34.3,31.8,29.6,27.6,25.7,24.1,22.6,21.3,20.1,19.0,18.0,17.1,16.3,15.6,14.9,14.2,13.6,13.1
Philippines,PHL,67.9,65.9,64.2,62.7,61.4,60.2,59.1,58.0,57.0,56.1,55.4,54.9,54.7,54.5,54.4,54.4,54.3,54.2,54.0,53.7,53.2,52.8,52.3,51.7,50.9,49.8,48.4,46.7,44.8,42.8,40.8,39.0,37.3,35.9,34.6,33.5,32.6,31.8,31.1,30.5,29.9,29.4,28.9,28.4,27.9,27.4,26.9,26.4,25.9,25.4,24.9,24.4,23.9,23.3,22.8,22.2
Palau,PLW,,,,,,,,,,,,,,,,,,,,,,,,,35.1,34.3,33.7,33.0,32.3,31.7,31.0,30.2,29.4,28.7,27.8,27.0,26.2,25.3,24.4,23.7,22.9,22.0,21.3,20.7,20.1,19.5,18.8,18.2,17.6,17.2,16.6,16.2,15.7,15.1,14.7,14.2
Papua New Guinea,PNG,134.6,130.7,126.9,123.2,119.6,116.1,112.7,109.5,106.3,103.1,100.1,97.1,94.4,91.7,89.2,86.9,84.6,82.5,80.6,78.8,77.1,75.5,74.0,72.6,71.3,70.2,69.1,68.1,67.1,66.2,65.3,64.4,63.4,62.6,61.9,61.2,60.5,59.9,59.3,58.8,58.3,57.8,57.3,56.7,56.2,55.6,54.7,53.8,52.7,51.6,50.3,49.2,48.0,47.0,45.7,44.5
Poland,POL,57.8,53.0,49.6,46.8,43.9,40.8,37.9,35.7,34.4,33.4,32.2,30.6,28.8,26.9,25.4,24.5,23.9,23.3,22.5,21.7,21.0,20.5,20.0,19.3,18.6,17.8,17.1,16.6,16.1,15.7,15.1,14.7,14.3,13.9,13.5,12.6,11.6,10.4,9.4,8.6,8.1,7.6,7.3,7.0,6.7,6.6,6.3,6.0,5.8,5.3,5.0,4.7,4.6,4.5,4.5,4.5
Pre-demographic dividend,PRE,,,,,166.036775744,163.906068384,160.841875834,157.166600581,152.19651601,149.568667461,146.889512806,144.227059774,141.378962879,138.649727743,135.856761125,133.144127296,130.490460491,127.912278811,125.469982483,124.12373946,122.599248208,120.88610238,119.346578131,117.939481916,116.779711767,115.851834239,115.158684003,114.332040795,113.495632337,112.63924435,111.711357214,110.767386002,109.770187775,108.760224668,107.60968322,106.3376005,104.832486061,103.08706062,101.037889303,98.7490091451,96.1999966464,93.4064047768,90.4517444639,87.4832909023,84.5294085433,81.5913905805,78.8065353279,76.02206398,73.3693706835,70.8992626235,68.5697627854,66.2983361091,64.1152869748,62.2184151146,60.3611263887,58.7055758397
Puerto Rico,PRI,,,,,,,,,,,,,,,,,,,,,,,,,,,,,,,,,,,,,,,,,,,,,,,,,,,,,,,,
"Korea, Dem. Peoples Rep.",PRK,,,,,,,,,,,,,,,,,,,,,,,,,,27.7,27.4,27.8,28.9,30.7,33.4,36.9,41.1,45.5,49.8,53.2,55.1,55.0,53.1,49.4,44.5,39.1,34.1,30.2,27.5,26.2,25.8,25.8,25.8,25.4,24.8,23.8,22.7,21.7,20.7,19.7
Portugal,PRT,84.6,82.3,78.7,74.4,70.1,66.4,63.6,61.7,60.2,58.1,55.4,51.8,47.6,43.3,39.4,36.0,32.7,29.5,26.8,24.6,22.8,21.3,19.9,18.6,17.6,16.5,15.5,14.5,13.5,12.5,11.5,10.6,9.7,8.8,8.1,7.4,7.0,6.6,6.3,5.9,5.5,5.2,4.7,4.3,4.0,3.7,3.5,3.3,3.3,3.2,3.1,3.1,3.1,3.1,3.0,3.0
Paraguay,PRY,62.6,62.0,61.4,60.9,60.5,60.0,59.6,59.3,58.9,58.4,58.0,57.4,56.8,56.1,55.3,54.5,53.6,52.6,51.6,50.5,49.4,48.3,47.0,45.7,44.4,43.2,41.9,40.7,39.4,38.3,37.1,35.9,34.8,33.8,32.8,31.8,30.9,30.1,29.3,28.5,27.7,26.9,26.1,25.3,24.6,23.8,23.1,22.4,21.7,21.0,20.4,19.8,19.2,18.6,18.1,17.5
West Bank and Gaza,PSE,,,,,,,,,,,,,,,,78.0,73.7,69.8,66.0,62.5,59.2,56.2,53.3,50.6,48.1,45.6,43.3,41.1,39.1,37.2,35.6,34.1,32.7,31.5,30.4,29.3,28.3,27.3,26.4,25.6,24.9,24.2,23.6,23.1,22.6,22.1,21.7,21.3,20.9,20.5,20.2,19.8,19.4,19.0,18.5,18.0
Pacific island small states,PSS,,,,70.4928854626,68.238169587,66.1025786359,64.1027805332,62.1554195696,60.2793818849,58.5080750235,56.7209641725,55.0494970588,53.4518889145,51.8813401044,50.3442867771,48.7737586364,47.1959438909,45.5161737618,43.840173461,42.1582703364,40.5216077989,39.3263515007,38.054107692,36.9230520181,35.4200725883,34.4228599148,33.5070820294,32.6085721311,31.7444142717,30.8897882494,30.0779087388,29.3292624325,28.6461885155,28.0128276219,27.4579526601,27.0138948685,26.6306229327,26.3530290792,25.8515443874,25.5190145491,25.1888648965,24.8343640415,24.6013628744,24.3994331395,24.3373827205,24.3325159799,24.3765999208,24.398348637,24.2957730552,24.2912012777,24.069194151,23.8240345666,23.5447803786,23.162660454,22.732720354,22.2932575023
Post-demographic dividend,PST,34.5560275767,33.1102248029,31.6968939877,30.6505489959,29.2744766197,28.0189372473,26.8399400885,25.7306200429,24.5102952905,23.4106953538,22.267954516,21.4549590489,20.286766473,19.1596821148,18.0769491285,17.1440188064,16.171639182,15.2552316414,14.3809954857,13.608832243,12.9637602225,12.410372581,11.8585991218,11.3405088938,10.9846371831,10.5335858305,10.1409418097,9.78362918396,9.4254881355,9.08112284442,8.73825006174,8.40406786628,8.0963916334,7.76757831866,7.45416298661,7.1607324107,6.86950316918,6.63852838524,6.43368560839,6.27073816739,6.11969024235,5.97923274954,5.8428989309,5.69002144664,5.64175846782,5.5005503154,5.38089500756,5.24492984104,5.10945845162,4.9989569801,4.88108507536,4.71295349895,4.63400733535,4.49225597482,4.33703938921,4.21572622539
French Polynesia,PYF,,,,,,,,,,,,,,,,,,,,,,,,,,,,,,,,,,,,,,,,,,,,,,,,,,,,,,,,
Qatar,QAT,,,,,,,,,,53.5,50.4,47.5,44.8,42.2,39.9,37.7,35.8,34.0,32.4,31.0,29.7,28.4,27.2,26.0,24.8,23.7,22.5,21.3,20.1,18.9,17.8,16.7,15.6,14.7,13.9,13.2,12.5,12.0,11.5,11.1,10.6,10.2,9.8,9.5,9.2,8.9,8.6,8.4,8.1,7.9,7.7,7.5,7.3,7.2,7.0,6.8
Romania,ROU,,,,,,,,,64.1,60.9,57.2,53.4,50.1,47.3,44.8,42.8,41.0,39.3,37.8,36.3,34.9,33.6,32.5,31.8,31.6,31.8,32.2,32.6,32.6,32.0,31.0,30.1,29.1,28.5,27.9,27.3,26.7,26.0,25.0,24.2,23.2,22.4,21.6,20.6,19.5,18.2,16.7,15.3,14.0,13.0,12.1,11.5,10.9,10.5,10.1,9.7
Russian Federation,RUS,,,,,,,,,,,35.4,34.1,32.9,31.8,30.8,29.9,29.2,28.7,28.2,27.8,27.3,26.9,26.5,26.0,25.6,25.0,24.3,23.5,22.8,22.2,21.9,21.9,22.0,22.1,22.2,22.2,22.0,21.6,21.1,20.5,19.7,18.8,17.7,16.6,15.4,14.4,13.3,12.4,11.6,10.9,10.3,9.8,9.3,8.9,8.5,8.2
Rwanda,RWA,127.9,125.3,123.4,122.4,122.0,122.2,123.0,124.0,125.5,127.3,129.4,131.5,134.1,137.3,141.1,144.8,147.5,148.0,144.9,138.0,129.1,120.0,111.8,105.3,100.9,97.8,95.1,93.1,91.9,91.8,93.2,96.3,101.3,109.0,132.3,129.6,120.3,121.7,121.4,115.2,109.2,102.3,94.1,86.0,77.7,70.2,63.1,56.8,51.5,47.3,43.8,40.0,37.1,34.7,32.7,31.1
South Asia,SAS,168.0,166.3,163.3,160.3,157.6,155.1,152.6,150.3,148.1,146.0,144.0,141.9,139.7,137.4,134.9,132.4,129.6,126.6,123.6,120.7,117.7,114.8,112.0,109.2,106.6,104.0,101.5,99.0,96.5,94.1,91.6,89.3,86.9,84.6,82.3,80.1,77.9,75.5,73.3,71.0,68.8,66.6,64.4,62.3,60.3,58.3,56.5,54.8,53.1,51.5,49.8,48.1,46.5,44.8,43.3,41.9
Saudi Arabia,SAU,,,,,,,,,,,,,110.3,104.1,98.5,93.1,88.2,83.4,79.0,74.8,70.7,66.8,63.1,59.4,55.9,52.3,48.8,45.2,41.8,38.5,35.5,32.8,30.3,28.2,26.4,24.8,23.4,22.1,21.1,20.2,19.4,18.7,18.2,17.6,17.2,16.8,16.4,16.0,15.5,15.1,14.7,14.2,13.8,13.3,12.9,12.5
Sudan,SDN,107.4,105.7,104.1,102.6,101.1,99.8,98.6,97.4,96.4,95.5,94.7,94.0,93.4,92.7,92.0,91.3,90.6,89.8,89.1,88.5,87.9,87.3,86.7,86.1,85.4,84.6,83.8,82.8,81.9,80.9,79.9,78.9,77.9,76.9,75.8,74.7,73.6,72.3,70.9,69.4,67.8,66.2,64.6,63.0,61.4,59.9,58.5,57.1,55.8,54.5,53.3,52.2,51.1,49.9,48.8,47.6
Senegal,SEN,126.3,126.0,126.0,125.9,125.9,125.7,125.3,124.7,124.0,123.1,121.7,119.8,117.5,114.7,111.5,108.0,104.3,100.7,97.3,94.3,91.7,89.5,87.4,85.4,83.2,80.8,78.1,75.5,73.2,71.5,70.3,69.7,69.6,69.9,70.3,70.8,71.2,71.2,70.9,70.0,68.5,66.4,63.9,61.3,58.8,56.3,54.0,51.9,50.0,48.3,46.7,45.3,44.1,43.1,42.3,41.7
Singapore,SGP,35.5,32.9,30.8,29.3,28.3,27.3,26.4,25.3,24.1,22.9,22.0,21.0,19.6,17.8,16.0,14.3,13.0,12.3,12.3,12.3,12.0,11.4,10.7,10.0,9.4,8.8,8.4,7.9,7.4,6.7,6.2,5.5,5.0,4.6,4.3,4.1,3.9,3.8,3.6,3.4,3.1,2.9,2.6,2.5,2.3,2.3,2.3,2.3,2.2,2.2,2.2,2.2,2.2,2.2,2.2,2.1
Solomon Islands,SLB,131.8,125.4,119.3,113.7,108.4,103.3,98.2,92.8,87.3,81.9,76.5,71.4,66.8,62.6,58.7,55.1,51.9,48.9,46.3,43.9,41.9,40.2,38.8,37.6,36.5,35.6,34.8,34.1,33.5,32.8,32.2,31.6,30.9,30.3,29.7,29.1,28.7,28.3,27.9,27.6,27.4,27.2,27.2,27.2,27.3,27.5,27.6,27.6,27.3,27.0,26.6,26.1,25.5,24.9,24.2,23.6
Sierra Leone,SLE,223.6,220.5,217.5,214.2,211.0,207.6,204.2,200.8,197.3,194.1,191.0,188.0,185.2,182.6,180.0,177.5,175.3,173.2,171.2,169.2,167.3,165.6,164.1,162.8,161.5,160.4,159.4,158.3,157.6,157.0,156.5,156.1,155.7,155.2,154.5,153.4,152.0,150.1,148.1,145.8,143.3,140.5,137.7,134.6,131.4,128.1,124.5,120.5,116.2,111.7,107.0,102.3,97.9,93.8,90.2,87.1
El Salvador,SLV,126.2,123.9,121.6,119.4,117.4,115.5,113.6,111.8,110.1,108.4,106.7,104.9,102.9,100.8,98.4,95.6,92.7,89.6,86.2,82.6,78.8,74.8,70.8,66.9,63.1,59.5,56.2,53.3,50.6,48.2,45.9,43.8,41.7,39.7,37.6,35.6,33.7,31.8,30.0,28.4,26.8,25.5,24.2,23.1,22.0,20.9,20.0,19.2,18.4,17.7,17.1,16.5,16.0,15.4,14.9,14.4
San Marino,SMR,,,,,,,,,,,,,,,,,,,,,,,,,,,12.8,11.9,11.2,10.4,9.7,9.1,8.5,7.9,7.4,6.9,6.4,6.0,5.6,5.3,4.9,4.6,4.3,4.1,3.9,3.7,3.6,3.4,3.3,3.2,3.1,3.0,2.9,2.8,2.7,2.6
Somalia,SOM,,,,,,,,,,,,,,,,,,,,,,,,113.2,112.1,111.5,111.2,110.9,110.5,109.7,108.4,106.8,105.8,105.4,105.3,105.3,105.3,105.3,105.3,105.3,105.3,105.3,105.3,105.3,105.3,105.3,104.9,103.9,102.2,100.0,97.8,95.1,92.6,90.1,87.4,85.0
Serbia,SRB,,,,,,,,,,,,,,,,,,,,,,,,,34.5,33.5,32.5,31.1,29.1,26.8,24.5,22.3,20.9,19.9,18.8,17.0,15.1,13.3,12.0,11.4,10.9,10.6,10.1,9.2,8.3,7.7,7.3,7.1,7.0,6.8,6.6,6.4,6.2,6.0,6.0,5.9
Sub-Saharan Africa (excluding high income),SSA,,,,,158.2,156.9,152.8,149.8,146.0,144.5,142.4,140.3,138.1,135.9,130.8,128.6,126.4,124.2,122.1,120.9,119.5,117.8,116.2,114.8,113.5,112.4,111.5,110.6,109.8,109.0,108.2,107.4,106.6,105.8,104.9,103.7,102.2,100.5,98.6,96.5,94.0,91.4,88.5,85.5,82.5,79.5,76.6,73.7,71.0,68.2,65.8,63.6,61.5,59.7,57.9,56.3
South Sudan,SSD,,,,,,,,,,,,,,,,,,,,177.1,174.9,172.9,171.1,168.8,166.2,163.8,160.9,158.2,155.4,152.5,149.7,146.7,143.3,139.8,136.1,132.0,127.9,123.8,119.2,114.4,109.5,104.5,99.7,95.0,90.6,86.4,82.4,78.9,75.7,73.1,70.6,68.3,66.1,64.0,62.0,60.3
Sub-Saharan Africa,SSF,,,,,,,152.967452151,149.997585066,146.160943911,144.590891131,142.502968509,140.420415841,138.202857814,136.012012384,131.059385509,128.768965966,126.573697038,124.400502078,122.260596426,121.042715813,119.646896476,117.9683449,116.405250297,114.975495798,113.722303305,112.682407835,111.831025787,110.960097727,110.136182856,109.338880614,108.5165761,107.714432709,106.885866399,106.039354055,105.224297965,103.975349902,102.459049731,100.846304484,98.9372972141,96.7253073126,94.2579985502,91.5305110206,88.6005534706,85.5889625155,82.557750937,79.5256268832,76.6425539677,73.7735013737,71.0357432253,68.3617828675,65.9588670715,63.6950699233,61.5400752024,59.706946858,57.9324117272,56.3534727743
Small states,SST,,,,,,,,,,,,,,,,,70.1868729109,68.0965859754,66.7675243985,63.7993914321,60.4081803479,58.5908054491,56.407362553,56.3476787099,54.0632460514,52.8353989018,61.3966382615,60.1477683601,59.0070288717,57.9948126461,57.1173949761,56.4363691137,55.9271163027,55.5614547023,55.2979024471,55.0854534713,54.8111881098,54.4223060611,53.9109053187,53.3779562527,52.6527784326,51.8684466045,51.010061173,50.1537950435,49.1907795828,47.8778442361,46.5927892269,45.450722681,44.4624226513,42.6109994936,41.0368846514,39.7336597826,38.8383972649,37.813200922,36.8735359115,36.0657579117
Sao Tome and Principe,STP,,,,,,62.9,61.1,59.5,58.2,57.4,57.1,57.1,57.5,58.0,58.5,58.9,59.2,59.4,59.5,59.9,60.4,61.2,62.1,63.3,64.6,66.0,67.2,68.4,69.2,70.0,70.5,70.8,70.7,70.2,69.4,68.1,66.6,64.8,62.8,60.7,58.5,56.2,54.0,51.8,49.6,47.5,45.6,43.9,42.4,41.0,39.8,38.7,37.5,36.6,35.5,34.6
Suriname,SUR,,,,,,,,,,,,,,,,,,,,,,,,48.1,46.9,45.9,44.7,43.8,42.8,41.8,40.7,39.7,38.6,37.5,36.5,35.4,34.3,33.3,32.2,31.2,30.2,29.2,28.2,27.4,26.6,25.8,25.0,24.3,23.5,22.7,22.1,21.4,20.8,20.1,19.5,19.0
Slovak Republic,SVK,,,,,,,,,,,,,,,,,,,,,,23.2,22.2,21.3,20.3,19.4,18.6,17.7,17.0,16.2,15.6,15.0,14.3,13.7,13.1,12.6,12.0,11.6,11.0,10.6,10.2,9.8,9.5,9.1,8.8,8.4,8.2,7.8,7.6,7.3,7.0,6.8,6.5,6.3,6.1,5.8
Slovenia,SVN,,,,,,,,,,,,,,,,,,,,,,15.5,14.6,13.8,13.1,12.3,11.5,10.8,10.1,9.4,8.8,8.2,7.7,7.1,6.6,6.2,5.8,5.4,5.2,4.8,4.5,4.3,4.1,3.9,3.7,3.5,3.3,3.2,3.0,2.8,2.7,2.6,2.4,2.3,2.2,2.1
Sweden,SWE,16.3,16.0,15.6,15.0,14.4,13.7,13.0,12.6,12.1,11.7,11.3,10.9,10.4,9.8,9.2,8.7,8.3,8.0,7.6,7.4,7.2,6.9,6.8,6.6,6.5,6.4,6.3,6.2,6.2,6.1,5.8,5.5,5.1,4.8,4.4,4.0,3.8,3.6,3.5,3.4,3.4,3.4,3.3,3.2,3.1,3.0,2.8,2.7,2.6,2.5,2.5,2.4,2.4,2.4,2.4,2.4
Swaziland,SWZ,141.7,140.1,138.1,136.0,133.7,131.3,128.9,126.5,124.1,121.7,119.3,116.6,113.4,109.7,105.8,101.6,97.7,93.9,90.4,87.2,83.8,80.3,76.5,72.7,68.9,65.3,62.0,59.4,57.5,56.3,56.0,56.7,58.6,61.4,64.9,68.7,72.5,76.0,79.1,81.8,84.0,85.4,85.9,85.9,84.8,83.0,76.8,74.7,73.2,65.8,59.1,53.6,51.5,48.4,45.8,44.5
Sint Maarten (Dutch part),SXM,,,,,,,,,,,,,,,,,,,,,,,,,,,,,,,,,,,,,,,,,,,,,,,,,,,,,,,,
Seychelles,SYC,73.6,72.3,70.9,69.5,67.8,66.0,64.0,61.8,59.3,56.8,54.1,51.4,48.6,45.8,42.8,39.7,36.6,33.5,30.5,27.8,25.3,23.2,21.4,19.8,18.6,17.5,16.7,15.9,15.3,14.7,14.2,13.7,13.3,13.0,12.7,12.5,12.3,12.2,12.2,12.2,12.3,12.3,12.3,12.3,12.3,12.3,12.2,12.2,12.2,12.2,12.2,12.2,12.2,12.1,11.9,11.7
Syrian Arab Republic,SYR,121.8,116.0,110.6,105.6,100.8,96.2,91.7,87.4,83.2,79.2,75.3,71.7,68.2,65.0,62.0,59.1,56.4,53.9,51.5,49.1,46.9,44.8,42.7,40.8,39.1,37.4,35.8,34.3,33.0,31.6,30.4,29.2,28.0,26.8,25.7,24.6,23.6,22.6,21.6,20.7,19.8,19.0,18.2,17.5,16.8,16.1,15.4,14.8,14.2,13.7,13.2,12.8,12.6,12.1,11.7,11.1
Turks and Caicos Islands,TCA,,,,,,,,,,,,,,,,,,,,,,,,,,,,,,,,,,,,,,,,,,,,,,,,,,,,,,,,
Chad,TCD,,,,,,,,,,,,,131.8,131.2,130.6,130.0,129.4,128.8,128.1,127.4,126.6,125.7,124.8,123.8,122.7,121.5,120.4,119.3,118.1,117.0,115.8,114.7,113.7,112.6,111.7,110.9,110.0,109.1,108.0,106.9,105.7,104.6,103.4,102.3,101.3,100.4,99.4,98.1,96.7,95.1,93.6,91.9,90.2,88.4,86.7,85.0
East Asia & Pacific (IDA & IBRD countries),TEA,,,,,,,,,,86.1579273571,82.8318073717,79.6276796623,76.5629152959,73.4801385152,70.5421949127,68.5293887903,65.6961992339,63.029274301,61.0756967071,58.792485833,56.7236635881,54.7401878259,52.9268735581,51.2673479058,49.863609726,48.773327498,47.9382712583,47.2389473168,46.7410991604,46.1499164917,45.5369654388,44.8188542135,43.9182098623,42.782957793,41.5508892768,40.2919835861,39.0555475313,37.7717947571,36.4172441472,35.0239450778,33.5420289592,31.9448879342,30.2330410843,28.5879434577,27.1571606283,25.3806775893,23.9923528321,22.6720375477,21.5751021288,20.2456581655,19.167889559,18.1649969626,17.1970434495,16.3160614476,15.5450864692,14.8999494887
Europe & Central Asia (IDA & IBRD countries),TEC,,,,,,,,,,,,59.176248588,58.4651649063,56.531738308,54.6735272326,53.5337378822,52.146605261,51.4144496071,50.1083103074,52.2267354488,49.8187502538,47.9052367007,47.0615877623,45.4392850738,43.5628165204,42.1047245519,40.7801660967,39.5631436379,38.5602130823,37.7110662523,37.2045454888,36.9778419815,36.8873032187,36.7531312046,36.4483837588,35.8336895897,34.9372681813,33.7776829034,32.4828446142,31.132474243,29.6679338749,28.2455783395,26.7837685898,25.3642917555,24.0007105605,22.7775497251,21.5781226878,20.4757497382,19.4828663881,18.5366952967,17.671166074,16.856691191,16.0862412189,15.3867936938,14.7363998654,14.1710243059
Togo,TGO,162.4,159.4,156.4,153.5,150.5,147.7,144.7,141.8,138.8,135.8,132.8,130.0,127.2,124.4,121.8,119.2,116.6,114.1,111.7,109.2,106.9,104.8,102.7,100.7,98.9,97.1,95.5,94.0,92.6,91.4,90.2,89.0,87.9,86.8,85.5,84.2,82.8,81.2,79.6,77.9,76.2,74.4,72.6,70.8,69.1,67.4,65.7,64.1,62.5,60.9,59.3,57.9,56.5,55.0,53.6,52.3
Thailand,THA,102.2,99.0,95.8,92.7,89.7,86.8,83.8,80.8,77.8,74.8,71.8,68.7,65.8,62.9,60.2,57.6,55.2,52.9,50.8,48.9,47.0,45.1,43.4,41.6,40.0,38.3,36.7,35.1,33.5,31.9,30.3,28.8,27.3,26.0,24.8,23.7,22.7,21.7,20.8,19.9,19.1,18.3,17.5,16.7,16.0,15.3,14.6,14.0,13.4,12.9,12.5,12.0,11.6,11.2,10.9,10.5
Tajikistan,TJK,,,,,,,,,,,,,116.0,112.8,109.4,106.7,104.3,102.5,101.3,100.6,100.4,100.4,100.0,99.0,97.3,94.9,91.9,88.6,86.0,84.8,85.0,86.9,90.1,93.0,94.1,93.0,90.4,87.0,83.0,78.8,74.3,69.7,65.3,61.0,57.3,54.1,51.4,49.2,47.4,46.0,44.7,43.3,42.1,40.9,39.7,38.5
Turkmenistan,TKM,,,,,,,,,,,,,,,,,,106.2,102.8,99.6,96.5,93.4,90.3,87.3,84.4,81.7,79.2,76.9,75.0,73.5,72.5,72.0,71.9,71.9,71.9,71.7,71.2,70.4,69.2,67.8,66.1,64.4,62.7,61.1,59.4,57.8,56.2,54.7,53.2,51.7,50.4,48.9,47.6,46.2,45.0,43.7
Latin America & the Caribbean (IDA & IBRD countries),TLA,120.586969902,117.555929924,114.688879339,107.449328378,104.961258068,102.218531021,99.8155886046,97.4357136642,95.053705568,90.9952335667,88.7719568148,86.5337083554,84.2412986201,81.9726860848,79.6607225059,77.3465831946,74.9555611156,72.4826942576,69.9746014062,67.3876316732,64.7854366986,62.181281523,59.6967285939,57.2480534294,55.0038012105,52.8467798054,50.8051435289,48.865597257,47.0522409555,45.2602953768,43.5330093936,41.823008809,40.1107843935,38.4022904663,36.6736251909,34.927756649,33.2205283926,31.5431447749,29.967800221,28.3762410157,26.8509059038,25.4749559357,24.2003522238,22.973620959,21.9275102211,20.9303058731,20.0510306064,19.2970034305,18.6367536217,18.0246676243,18.0972622135,16.9137871518,16.4471457873,16.0466109508,15.6860851569,15.3465144026
Timor-Leste,TLS,,,,,,,,,,,,,,,,,,,,,,,,,,,155.9,149.6,143.5,137.6,132.0,126.8,121.7,116.7,112.0,107.3,102.9,98.5,94.4,90.3,86.3,82.4,78.6,74.8,71.0,67.4,63.9,60.7,57.8,55.3,53.1,51.1,49.3,47.6,46.1,44.7
Middle East & North Africa (IDA & IBRD countries),TMN,166.406882205,161.529864655,158.06148413,162.302231437,157.816395113,153.597117693,149.609331096,145.876786557,142.349156283,138.926773463,135.618244182,130.944338777,127.122858386,123.222914962,119.042084237,114.641303399,110.013918989,105.192401745,100.240937592,95.2658877283,90.3678787819,85.4505213833,80.5279691439,75.6533669831,71.0175699537,66.7511348459,63.0456262117,59.7891470029,57.0346859679,54.6977015857,52.6672940116,50.8812578069,49.179295596,47.6014368834,46.0123763527,44.4244864033,42.8450438192,41.2962281437,39.7495188507,38.2397206685,36.7526291361,35.3117527342,33.8844175837,32.5666139671,31.2425433201,29.9761727255,28.7875443745,27.6541363709,26.5571516194,25.5211466017,24.591435909,23.7116039127,22.9641156756,22.2312270696,21.5557394967,20.9517101682
Tonga,TON,,,,60.4,57.0,53.8,50.7,47.8,44.9,42.1,39.6,37.4,35.3,33.5,31.9,30.4,29.0,27.7,26.6,25.5,24.6,23.7,23.0,22.4,21.9,21.4,20.9,20.5,19.9,19.3,18.7,18.0,17.4,16.9,16.5,16.2,15.9,15.7,15.5,15.3,15.1,14.8,14.6,14.4,14.3,14.3,14.4,14.5,14.6,14.8,15.0,15.0,15.0,14.9,14.7,14.4
South Asia (IDA & IBRD),TSA,168.034237418,166.310690539,163.366791423,160.407348786,157.666655328,155.169034688,152.683456226,150.376376333,148.238337775,146.132980167,144.120300929,142.01677627,139.843420938,137.529172292,135.043733242,132.492362886,129.659166775,126.709618253,123.672010775,120.688389871,117.68278507,114.806658282,112.013273394,109.337390062,106.733960774,104.199308381,101.654085983,99.1068904059,96.5489181379,94.0680741821,91.6016048672,89.2551831935,86.9369401139,84.6137245477,82.3807815385,80.1647217103,77.9445613898,75.6012293968,73.3339123949,71.0132187288,68.8013121409,66.6109185384,64.4576202531,62.4216442654,60.4442542646,58.5096827338,56.7288800293,54.8870003026,53.1500909399,51.4902620663,49.7804313715,48.0602095545,46.4003727628,44.8071504346,43.2803300051,41.8962785741
Sub-Saharan Africa (IDA & IBRD countries),TSS,,,,,,,152.967452151,149.997585066,146.160943911,144.590891131,142.502968509,140.420415841,138.202857814,136.012012384,131.059385509,128.768965966,126.573697038,124.400502078,122.260596426,121.042715813,119.646896476,117.9683449,116.405250297,114.975495798,113.722303305,112.682407835,111.831025787,110.960097727,110.136182856,109.338880614,108.5165761,107.714432709,106.885866399,106.039354055,105.224297965,103.975349902,102.459049731,100.846304484,98.9372972141,96.7253073126,94.2579985502,91.5305110206,88.6005534706,85.5889625155,82.557750937,79.5256268832,76.6425539677,73.7735013737,71.0357432253,68.3617828675,65.9588670715,63.6950699233,61.5400752024,59.706946858,57.9324117272,56.3534727743
Trinidad and Tobago,TTO,56.6,54.7,53.1,51.5,50.1,48.8,47.7,46.7,45.7,44.8,43.9,43.1,42.2,41.3,40.4,39.5,38.5,37.4,36.3,35.3,34.3,33.3,32.3,31.4,30.5,29.8,29.0,28.4,27.8,27.3,26.9,26.5,26.2,25.9,25.7,25.6,25.5,25.5,25.4,25.4,25.3,25.3,25.1,24.7,24.3,23.8,23.3,22.8,22.2,21.6,21.0,20.4,19.7,19.2,18.7,18.2
Tunisia,TUN,,,178.7,170.9,163.2,155.7,148.4,141.4,134.8,128.4,122.2,116.4,110.9,105.4,99.9,94.2,88.6,83.2,78.1,73.4,69.2,65.5,62.2,59.2,56.4,53.9,51.6,49.5,47.6,45.9,44.3,42.8,41.2,39.6,37.8,35.9,33.9,31.9,29.9,28.1,26.3,24.7,23.3,22.0,20.7,19.6,18.5,17.5,16.6,15.7,14.9,14.2,13.6,13.1,12.6,12.1
Turkey,TUR,166.0,161.6,157.1,152.6,148.2,144.1,140.2,136.6,133.1,129.6,126.2,122.8,119.3,115.9,112.4,108.8,105.2,101.5,97.7,94.0,90.2,86.4,82.6,78.8,75.1,71.5,68.1,64.8,61.6,58.6,55.8,53.1,50.5,48.0,45.5,43.1,40.8,38.5,36.3,34.2,32.1,30.2,28.3,26.5,24.8,23.2,21.7,20.2,18.9,17.6,16.4,15.3,14.2,13.2,12.3,11.6
Tuvalu,TUV,,,,,,,,,,,,,,,,61.7,59.5,57.2,55.2,53.3,51.6,50.2,48.9,47.9,47.0,46.4,45.9,45.5,45.2,44.9,44.4,43.9,43.2,42.4,41.5,40.4,39.3,38.0,36.7,35.4,34.3,33.2,32.3,31.5,30.7,30.0,29.3,28.5,27.7,27.0,26.3,25.6,24.9,24.1,23.4,22.8
Tanzania,TZA,144.3,143.0,141.9,140.5,139.0,137.3,135.4,133.5,131.4,129.5,127.6,125.8,124.0,122.1,120.2,118.2,116.1,114.0,111.9,110.2,108.9,108.1,107.6,107.4,107.0,106.4,105.4,104.2,102.8,101.5,100.4,99.6,98.9,98.1,97.1,95.8,93.8,91.4,88.2,84.5,80.3,75.9,71.4,67.0,62.7,58.7,55.2,51.5,48.3,45.6,42.4,40.4,38.8,37.6,36.2,35.2
Uganda,UGA,132.3,129.6,127.3,125.0,122.9,120.9,119.0,117.2,115.5,114.2,113.5,113.2,113.7,114.7,116.3,118.4,120.9,123.3,125.6,127.2,127.7,127.1,125.0,122.1,119.3,117.2,115.7,114.7,114.0,113.0,111.4,109.3,106.8,104.5,102.5,101.0,99.6,98.1,96.0,93.4,90.0,86.0,81.6,76.9,72.2,67.6,63.4,59.2,55.4,52.3,49.5,46.3,42.5,41.6,39.1,37.7
Ukraine,UKR,,,,,,,,,,,,27.9,27.0,26.2,25.5,25.0,24.6,24.2,23.8,23.4,23.0,22.4,21.7,20.9,20.1,19.3,18.6,17.9,17.3,16.9,16.7,16.7,16.8,17.0,17.3,17.5,17.5,17.4,17.0,16.5,15.8,15.1,14.3,13.6,13.0,12.5,12.0,11.6,11.1,10.6,10.1,9.6,9.1,8.6,8.1,7.7
Upper middle income,UMC,,,,,,,,,,85.7,80.6,78.6,75.4,72.3,69.8,66.9,64.2,61.7,59.4,57.0,55.4,53.1,51.1,49.0,47.2,45.7,44.6,43.6,43.0,42.3,41.8,41.1,40.3,39.3,38.2,37.0,35.8,34.6,33.2,31.9,30.5,29.1,27.6,26.1,24.7,23.3,22.2,21.2,20.3,19.3,18.4,17.6,16.8,16.0,15.3,14.7
Uruguay,URY,57.7,56.4,54.9,53.6,52.7,52.1,51.7,51.2,50.5,49.6,48.6,47.9,47.8,48.5,49.3,49.4,48.6,46.5,43.2,39.5,35.5,32.0,29.4,27.6,26.4,25.3,24.3,23.2,22.1,21.1,20.3,19.6,19.1,18.9,18.5,18.0,17.5,16.8,16.0,15.3,14.6,14.1,13.7,13.3,12.8,12.4,12.0,11.5,11.2,11.0,10.6,10.3,10.0,9.5,9.1,8.7
United States,USA,25.9,25.4,24.9,24.4,23.8,23.3,22.7,22.0,21.3,20.6,19.9,19.1,18.3,17.5,16.7,16.0,15.2,14.5,13.8,13.2,12.6,12.1,11.7,11.2,10.9,10.6,10.4,10.2,10.0,9.7,9.4,9.1,8.8,8.5,8.2,8.0,7.7,7.5,7.3,7.2,7.1,7.0,6.9,6.8,6.9,6.8,6.7,6.6,6.5,6.4,6.3,6.1,6.1,5.9,5.7,5.6
Uzbekistan,UZB,,,,,,,,,,,,,,,,,,,,97.7,91.8,86.2,81.2,76.7,72.5,68.8,65.6,63.0,61.0,59.5,58.8,58.5,58.4,58.1,57.8,57.3,56.8,56.0,55.1,54.0,52.7,51.4,50.0,48.6,47.3,45.9,44.6,43.3,42.0,40.8,39.6,38.4,37.2,36.1,35.0,33.9
St. Vincent and the Grenadines,VCT,,,,,,,,,,57.5,58.6,59.6,60.3,60.5,60.1,59.0,57.3,55.0,52.1,48.7,45.2,41.5,37.7,34.2,31.0,28.1,25.8,23.9,22.4,21.2,20.3,19.6,19.2,19.0,18.9,19.0,19.1,19.1,19.2,19.2,19.2,19.2,19.2,19.2,19.1,19.2,19.2,19.2,19.0,18.8,18.6,18.2,17.8,17.4,17.0,16.6
"Venezuela, RB",VEN,59.9,58.1,56.6,55.3,54.2,53.1,52.2,51.3,50.3,49.2,48.1,46.8,45.5,44.2,42.9,41.7,40.5,39.2,37.9,36.6,35.2,33.9,32.7,31.5,30.5,29.6,28.6,27.6,26.6,25.6,24.7,23.9,23.3,22.9,22.6,22.1,21.5,20.8,20.0,20.2,18.5,17.9,17.4,16.9,16.4,15.9,15.4,15.0,14.7,14.5,14.3,14.1,13.8,13.5,13.2,12.9
British Virgin Islands,VGB,,,,,,,,,,,,,,,,,,,,,,,,,,,,,,,,,,,,,,,,,,,,,,,,,,,,,,,,
Virgin Islands (U.S.),VIR,,,,,,,,,,,,,,,,,,,,,,,,,,,,,,,,,,,,,,,,,,,,,,,,,,,,,,,,
Vietnam,VNM,,,,,61.7,60.7,59.9,59.0,58.2,57.3,56.4,55.5,54.7,53.8,52.8,51.8,50.9,49.8,48.8,47.8,46.8,45.8,44.8,43.9,43.0,42.0,41.0,40.0,38.9,37.7,36.6,35.4,34.3,33.1,32.0,30.9,29.9,28.9,27.9,27.0,26.1,25.3,24.6,23.9,23.2,22.6,22.0,21.4,20.8,20.3,19.8,19.3,18.8,18.3,17.8,17.3
Vanuatu,VUT,106.7,104.1,101.6,98.8,95.9,92.8,89.8,86.6,83.4,80.4,77.5,74.6,71.9,69.3,66.9,64.6,62.3,59.9,57.4,54.8,52.0,49.2,46.3,43.4,40.6,38.0,35.7,33.6,32.0,30.5,29.2,28.1,27.2,26.4,25.8,25.3,24.9,25.5,24.3,24.1,23.8,23.6,23.4,23.4,23.4,23.4,23.5,23.6,23.7,23.8,23.9,24.0,24.0,23.8,23.5,23.1
World,WLD,121.9,120.4,118.4,116.3,116.2,114.8,113.4,111.8,108.6,100.6,97.6,95.4,93.5,91.4,89.5,87.9,86.2,84.6,83.1,81.7,80.0,77.7,75.6,73.5,71.3,69.3,67.6,66.1,64.8,63.7,62.8,62.1,61.6,61.1,60.6,60.0,59.0,57.8,56.4,54.8,53.1,51.4,49.5,47.7,46.0,44.3,42.8,41.4,40.1,38.7,37.5,36.2,34.9,33.7,32.6,31.7
Samoa,WSM,,,,,,,,,,,,,,,,,,,,,,,,,31.7,30.5,29.4,28.4,27.5,26.6,25.8,25.0,24.2,23.4,22.6,21.8,21.1,20.4,19.7,19.1,18.5,17.9,17.5,17.1,16.8,16.5,16.4,16.2,16.1,17.0,16.0,16.0,15.8,15.6,15.4,15.0
Kosovo,XKX,,,,,,,,,,,,,,,,,,,,,,,,,,,,,,,,,,,,,,,,,,,,,,,,,,,,,,,,
"Yemen, Rep.",YEM,,,,276.9,270.7,263.6,256.0,247.8,239.2,230.0,221.1,212.5,204.3,196.7,189.0,181.2,173.1,164.6,156.1,147.7,139.7,131.9,124.4,117.6,111.5,106.2,101.7,97.7,94.3,91.2,88.7,86.4,84.4,82.7,81.1,79.7,78.2,76.5,74.4,71.9,69.0,66.1,63.0,60.1,57.2,54.5,51.9,49.4,47.0,44.7,42.4,40.3,38.4,36.7,35.1,33.8
South Africa,ZAF,,,,,,,,,,,,,,,91.1,86.6,82.6,78.6,74.9,71.4,68.0,65.0,62.2,59.6,57.3,55.1,53.2,51.4,49.8,48.5,47.4,46.7,46.4,46.6,47.2,48.2,49.4,50.9,52.2,53.2,54.0,54.5,54.7,54.1,52.8,51.5,50.0,48.6,46.6,41.1,38.2,37.1,36.8,35.3,34.4,33.6
Zambia,ZMB,123.2,120.9,118.7,116.7,115.1,114.0,113.3,112.9,112.2,111.1,109.3,106.7,103.7,100.7,98.1,96.3,95.3,95.1,95.3,95.6,96.1,97.0,98.3,100.2,102.7,105.6,108.3,110.6,112.2,113.1,113.3,113.0,112.4,111.3,109.7,107.8,106.1,104.6,103.1,100.9,97.6,92.7,86.5,80.0,73.9,68.7,64.9,61.3,58.7,55.6,52.9,51.1,49.0,46.5,44.7,43.3
Zimbabwe,ZWE,92.6,90.1,87.6,85.3,82.8,80.5,78.3,76.3,74.7,73.4,72.4,71.6,71.1,70.7,70.5,70.3,70.1,69.8,69.2,68.1,66.4,64.2,61.6,58.8,56.0,53.6,51.7,50.4,49.8,50.2,51.2,52.6,54.5,56.4,58.1,60.1,61.6,62.7,63.3,63.5,63.5,63.2,62.7,61.9,61.5,61.0,60.3,59.9,58.9,57.7,55.8,54.0,49.4,48.8,47.6,46.6
