Country Name,Country Code,ImpSanit_Acc_1960,ImpSanit_Acc_1961,ImpSanit_Acc_1962,ImpSanit_Acc_1963,ImpSanit_Acc_1964,ImpSanit_Acc_1965,ImpSanit_Acc_1966,ImpSanit_Acc_1967,ImpSanit_Acc_1968,ImpSanit_Acc_1969,ImpSanit_Acc_1970,ImpSanit_Acc_1971,ImpSanit_Acc_1972,ImpSanit_Acc_1973,ImpSanit_Acc_1974,ImpSanit_Acc_1975,ImpSanit_Acc_1976,ImpSanit_Acc_1977,ImpSanit_Acc_1978,ImpSanit_Acc_1979,ImpSanit_Acc_1980,ImpSanit_Acc_1981,ImpSanit_Acc_1982,ImpSanit_Acc_1983,ImpSanit_Acc_1984,ImpSanit_Acc_1985,ImpSanit_Acc_1986,ImpSanit_Acc_1987,ImpSanit_Acc_1988,ImpSanit_Acc_1989,ImpSanit_Acc_1990,ImpSanit_Acc_1991,ImpSanit_Acc_1992,ImpSanit_Acc_1993,ImpSanit_Acc_1994,ImpSanit_Acc_1995,ImpSanit_Acc_1996,ImpSanit_Acc_1997,ImpSanit_Acc_1998,ImpSanit_Acc_1999,ImpSanit_Acc_2000,ImpSanit_Acc_2001,ImpSanit_Acc_2002,ImpSanit_Acc_2003,ImpSanit_Acc_2004,ImpSanit_Acc_2005,ImpSanit_Acc_2006,ImpSanit_Acc_2007,ImpSanit_Acc_2008,ImpSanit_Acc_2009,ImpSanit_Acc_2010,ImpSanit_Acc_2011,ImpSanit_Acc_2012,ImpSanit_Acc_2013,ImpSanit_Acc_2014,ImpSanit_Acc_2015,ImpSanit_Acc_2016
Aruba,ABW,,,,,,,,,,,,,,,,,,,,,,,,,,,,,,,98.6,98.6,98.5,98.5,98.4,98.4,98.3,98.3,98.3,98.2,98.2,98.1,98.1,98.0,98.0,98.0,97.9,97.9,97.8,97.8,97.7,97.7,97.7,97.7,97.7,97.7,
Afghanistan,AFG,,,,,,,,,,,,,,,,,,,,,,,,,,,,,,,,20.5,20.5,20.5,20.6,20.6,21.1,21.7,22.2,22.8,23.4,23.9,24.5,25.1,25.7,26.3,26.9,27.4,28.0,28.7,29.3,29.9,30.5,31.1,31.8,31.9,
Angola,AGO,,,,,,,,,,,,,,,,,,,,,,,,,,,,,,,22.4,22.8,23.1,23.5,24.2,25.5,26.8,28.1,29.4,30.8,32.1,33.5,34.8,36.2,37.6,39.0,40.4,41.8,43.3,44.7,46.2,47.6,49.1,50.6,51.1,51.6,
Albania,ALB,,,,,,,,,,,,,,,,,,,,,,,,,,,,,,,78.1,78.2,78.3,78.4,78.6,79.4,80.2,81.0,81.8,82.6,83.4,84.2,85.0,85.8,86.6,87.4,88.1,88.9,89.6,90.2,90.9,91.5,92.1,92.7,93.2,93.2,
Andorra,AND,,,,,,,,,,,,,,,,,,,,,,,,,,,,,,,100.0,100.0,100.0,100.0,100.0,100.0,100.0,100.0,100.0,100.0,100.0,100.0,100.0,100.0,100.0,100.0,100.0,100.0,100.0,100.0,100.0,100.0,100.0,100.0,100.0,100.0,
Arab World,ARB,,,,,,,,,,,,,,,,,,,,,,,,,,,,,,,66.8911569733,68.0720900219,68.3485359575,67.4181518212,68.0111885473,68.7940465239,69.3940781965,70.0857759367,70.8629228737,71.4986316827,72.134086804,72.8041293415,73.4154170419,74.0476071437,74.7163380051,75.4100720796,76.0803922451,76.7356819135,77.4074506219,77.9699814701,78.3093380045,78.6555417263,80.8519289273,83.1146902867,83.1453247797,90.3704943974,
United Arab Emirates,ARE,,,,,,,,,,,,,,,,,,,,,,,,,,,,,,,97.4,97.4,97.4,97.4,97.4,97.4,97.4,97.4,97.4,97.4,97.4,97.4,97.4,97.4,97.5,97.5,97.5,97.5,97.5,97.5,97.5,97.5,97.5,97.5,97.5,97.6,
Argentina,ARG,,,,,,,,,,,,,,,,,,,,,,,,,,,,,,,87.4,87.9,88.3,88.7,89.1,89.5,89.9,90.2,90.6,91.0,91.4,91.7,92.1,92.5,92.8,93.2,93.5,93.9,94.2,94.5,94.9,95.2,95.5,95.8,96.1,96.4,
Armenia,ARM,,,,,,,,,,,,,,,,,,,,,,,,,,,,,,,,,89.6,89.5,89.5,89.4,89.4,89.4,89.4,89.4,89.3,89.3,89.3,89.4,89.4,89.4,89.5,89.5,89.5,89.5,89.5,89.5,89.5,89.5,89.5,89.5,
American Samoa,ASM,,,,,,,,,,,,,,,,,,,,,,,,,,,,,,,61.0,61.0,61.0,61.0,61.1,61.1,61.2,61.3,61.4,61.5,61.5,61.6,61.7,61.8,61.8,61.9,62.0,62.1,62.1,62.2,62.3,62.4,62.5,62.5,62.5,62.5,
Antigua and Barbuda,ATG,,,,,,,,,,,,,,,,,,,,,,,,,,,,,,,74.7,75.7,76.7,77.7,78.7,79.6,80.6,81.6,82.6,83.6,84.6,85.5,86.5,87.5,88.5,89.5,90.4,91.4,91.4,91.4,91.4,91.4,,,,,
Australia,AUS,,,,,,,,,,,,,,,,,,,,,,,,,,,,,,,100.0,100.0,100.0,100.0,100.0,100.0,100.0,100.0,100.0,100.0,100.0,100.0,100.0,100.0,100.0,100.0,100.0,100.0,100.0,100.0,100.0,100.0,100.0,100.0,100.0,100.0,
Austria,AUT,,,,,,,,,,,,,,,,,,,,,,,,,,,,,,,100.0,100.0,100.0,100.0,100.0,100.0,100.0,100.0,100.0,100.0,100.0,100.0,100.0,100.0,100.0,100.0,100.0,100.0,100.0,100.0,100.0,100.0,100.0,100.0,100.0,100.0,
Azerbaijan,AZE,,,,,,,,,,,,,,,,,,,,,,,,,,,,,,,,,,,62.7,62.7,62.6,62.5,62.4,64.0,65.6,67.2,68.8,70.5,72.1,73.7,75.3,76.8,78.4,80.0,81.6,83.2,84.7,86.3,87.9,89.3,
Burundi,BDI,,,,,,,,,,,,,,,,,,,,,,,,,,,,,,,41.7,42.0,42.2,42.5,42.7,43.0,43.3,43.5,43.8,44.0,44.3,44.6,44.8,45.1,45.3,45.6,45.9,46.1,46.4,46.7,46.9,47.2,47.5,47.8,48.0,48.0,
Belgium,BEL,,,,,,,,,,,,,,,,,,,,,,,,,,,,,,,99.5,99.5,99.5,99.5,99.5,99.5,99.5,99.5,99.5,99.5,99.5,99.5,99.5,99.5,99.5,99.5,99.5,99.5,99.5,99.5,99.5,99.5,99.5,99.5,99.5,99.5,
Benin,BEN,,,,,,,,,,,,,,,,,,,,,,,,,,,,,,,6.8,7.3,7.9,8.4,8.9,9.4,9.9,10.4,10.9,11.4,11.9,12.4,12.9,13.4,14.0,14.5,15.1,15.6,16.2,16.7,17.3,17.8,18.4,19.0,19.6,19.7,
Burkina Faso,BFA,,,,,,,,,,,,,,,,,,,,,,,,,,,,,,,7.7,7.8,8.2,8.5,8.9,9.2,9.6,10.0,10.5,11.0,11.6,12.1,12.7,13.2,13.8,14.4,15.0,15.6,16.2,16.8,17.4,18.0,18.6,19.0,19.4,19.7,
Bangladesh,BGD,,,,,,,,,,,,,,,,,,,,,,,,,,,,,,,34.4,35.6,36.7,37.8,38.9,40.0,41.1,42.2,43.3,44.3,45.4,46.5,47.6,48.6,49.7,50.7,51.8,52.8,53.8,54.8,55.8,56.8,57.7,58.7,59.6,60.6,
Bulgaria,BGR,,,,,,,,,,,,,,,,,,,,,,,,,,,,,,,85.3,85.3,85.4,85.4,85.4,85.5,85.5,85.5,85.6,85.6,85.6,85.7,85.8,85.8,85.8,85.9,85.9,85.9,85.9,85.9,85.9,85.9,86.0,86.0,86.0,86.0,
Bahrain,BHR,,,,,,,,,,,,,,,,,,,,,,,,,,,,,,,99.0,99.0,99.0,99.0,99.0,99.1,99.1,99.1,99.1,99.1,99.1,99.2,99.2,99.2,99.2,99.2,99.2,99.2,99.2,99.2,99.2,99.2,99.2,99.2,99.2,99.2,
"Bahamas, The",BHS,,,,,,,,,,,,,,,,,,,,,,,,,,,,,,,,,,,88.0,88.0,88.0,88.0,88.0,88.3,88.6,88.9,89.2,89.4,89.7,90.0,90.3,90.6,90.9,91.2,91.4,91.7,92.0,92.0,92.0,92.0,
Bosnia and Herzegovina,BIH,,,,,,,,,,,,,,,,,,,,,,,,,,,,,,,,,,,95.0,95.0,95.0,95.0,95.0,94.9,94.9,94.9,94.9,94.9,94.9,94.9,94.8,94.8,94.8,94.8,94.8,94.8,94.8,94.8,94.8,94.8,
Belarus,BLR,,,,,,,,,,,,,,,,,,,,,,,,,,,,,,,95.1,95.1,95.1,95.0,95.0,95.0,95.0,95.0,94.9,94.9,94.8,94.8,94.8,94.7,94.7,94.6,94.6,94.6,94.5,94.5,94.5,94.4,94.4,94.4,94.3,94.3,
Belize,BLZ,,,,,,,,,,,,,,,,,,,,,,,,,,,,,,,75.9,76.6,77.3,77.9,78.6,79.3,80.0,80.6,81.3,82.0,82.7,83.3,84.0,84.6,85.3,86.0,86.6,87.3,87.9,88.6,89.2,89.9,90.2,90.6,90.5,90.5,
Bermuda,BMU,,,,,,,,,,,,,,,,,,,,,,,,,,,,,,,,,,,,,,,,,,,,,,,,,,,,,,,,,
Bolivia,BOL,,,,,,,,,,,,,,,,,,,,,,,,,,,,,,,28.4,29.4,30.4,31.4,32.3,33.2,34.1,35.0,35.9,36.8,37.7,38.6,39.5,40.4,41.3,42.2,43.1,44.0,44.9,45.8,46.7,47.5,48.4,49.3,50.2,50.3,
Brazil,BRA,,,,,,,,,,,,,,,,,,,,,,,,,,,,,,,66.6,67.5,68.3,69.1,70.0,70.8,71.5,72.4,73.1,73.9,74.7,75.3,75.9,76.5,77.1,77.7,78.2,78.8,79.4,79.9,80.5,81.1,81.6,82.1,82.7,82.8,
Barbados,BRB,,,,,,,,,,,,,,,,,,,,,,,,,,,,,,,80.0,80.7,81.3,82.0,82.7,83.4,84.0,84.7,85.4,86.1,86.8,87.4,88.1,88.8,89.5,90.1,90.8,91.5,92.2,92.8,93.5,94.2,94.9,95.5,96.2,96.2,
Brunei Darussalam,BRN,,,,,,,,,,,,,,,,,,,,,,,,,,,,,,,,,,,,,,,,,,,,,,,,,,,,,,,,,
Bhutan,BTN,,,,,,,,,,,,,,,,,,,,,,,,,,,,,,,18.9,19.2,19.4,20.8,22.2,23.6,25.0,26.4,27.9,29.4,31.0,32.5,34.1,35.7,37.4,39.0,40.5,42.1,43.6,45.2,46.8,48.3,49.4,49.7,50.1,50.4,
Botswana,BWA,,,,,,,,,,,,,,,,,,,,,,,,,,,,,,,39.3,41.4,42.7,43.8,44.9,46.1,47.2,48.3,49.4,50.5,51.6,52.7,53.7,54.5,55.4,56.3,57.2,58.0,58.9,59.8,60.6,61.5,62.4,63.3,63.3,63.4,
Central African Republic,CAF,,,,,,,,,,,,,,,,,,,,,,,,,,,,,,,14.6,14.6,14.6,15.0,15.3,15.6,15.9,16.2,16.5,16.9,17.2,17.5,17.8,18.2,18.5,18.9,19.2,19.6,19.9,20.3,20.7,21.1,21.5,21.6,21.7,21.8,
Canada,CAN,,,,,,,,,,,,,,,,,,,,,,,,,,,,,,,99.8,99.8,99.8,99.8,99.8,99.8,99.8,99.8,99.8,99.8,99.8,99.8,99.8,99.8,99.8,99.8,99.8,99.8,99.8,99.8,99.8,99.8,99.8,99.8,99.8,99.8,
Central Europe and the Baltics,CEB,,,,,,,,,,,,,,,,,,,,,,,,,,,,,,,,,,,,,87.3835913464,87.3477401544,87.428086548,87.5115134702,87.5767516751,87.9773612267,88.3690479011,88.7435215453,89.1092221041,89.4932855269,89.842110411,90.2796265224,90.6859562471,91.0713238379,91.4812205039,91.8451575488,92.2192998823,92.601321475,92.9681162297,93.0171079777,
Switzerland,CHE,,,,,,,,,,,,,,,,,,,,,,,,,,,,,,,99.9,99.9,99.9,99.9,99.9,99.9,99.9,99.9,99.9,99.9,99.9,99.9,99.9,99.9,99.9,99.9,99.9,99.9,99.9,99.9,99.9,99.9,99.9,99.9,99.9,99.9,
Channel Islands,CHI,,,,,,,,,,,,,,,,,,,,,,,,,,,,,,,,,,,,,,,,,,,,,,,,,,,,,,,,,
Chile,CHL,,,,,,,,,,,,,,,,,,,,,,,,,,,,,,,84.8,85.5,86.2,86.9,87.6,88.3,89.0,89.7,90.3,91.0,91.7,92.3,92.9,93.6,94.2,94.8,95.4,96.0,96.6,97.1,97.7,98.3,98.8,99.0,99.0,99.1,
China,CHN,,,,,,,,,,,,,,,,,,,,,,,,,,,,,,,47.5,48.6,49.8,50.9,52.0,53.2,54.3,55.4,56.6,57.7,58.8,60.0,61.2,62.4,63.7,64.9,66.1,67.2,68.4,69.6,70.8,71.9,73.1,74.2,75.4,76.5,
Cote d'Ivoire,CIV,,,,,,,,,,,,,,,,,,,,,,,,,,,,,,,14.9,15.2,15.4,15.7,15.9,16.2,16.4,16.7,17.0,17.3,17.6,17.9,18.2,18.6,18.9,19.2,19.5,19.9,20.2,20.6,20.9,21.3,21.6,22.0,22.3,22.5,
Cameroon,CMR,,,,,,,,,,,,,,,,,,,,,,,,,,,,,,,39.9,40.1,40.3,40.6,40.8,41.0,41.3,41.5,41.7,42.0,42.2,42.4,42.7,42.9,43.2,43.4,43.7,43.9,44.2,44.4,44.7,44.9,45.2,45.4,45.6,45.8,
"Congo, Dem. Rep.",COD,,,,,,,,,,,,,,,,,,,,,,,,,,,,,,,19.2,19.2,19.3,19.4,19.9,20.3,20.8,21.3,21.8,22.2,22.7,23.1,23.5,24.0,24.4,24.8,25.2,25.6,26.0,26.4,26.8,27.2,27.6,27.9,28.3,28.7,
"Congo, Rep.",COG,,,,,,,,,,,,,,,,,,,,,,,,,,,,,,,,,,,,,,12.5,12.6,12.6,12.7,12.8,12.9,13.1,13.2,13.4,13.6,13.7,13.9,14.1,14.3,14.4,14.6,14.8,14.9,15.0,
Colombia,COL,,,,,,,,,,,,,,,,,,,,,,,,,,,,,,,69.0,69.6,70.2,70.9,71.5,72.0,72.5,73.1,73.6,74.1,74.6,75.1,75.6,76.1,76.6,77.1,77.5,78.0,78.4,78.9,79.3,79.8,80.2,80.6,81.1,81.1,
Comoros,COM,,,,,,,,,,,,,,,,,,,,,,,,,,,,,,,18.2,18.9,19.5,20.0,20.5,21.3,22.1,22.8,23.6,24.3,25.1,25.8,26.6,27.4,28.1,28.9,29.6,30.4,31.2,31.9,32.7,33.5,34.2,35.0,35.8,35.8,
Cabo Verde,CPV,,,,,,,,,,,,,,,,,,,,,,,,,,,,,,,,,33.5,33.9,34.2,34.6,35.0,37.1,39.3,41.5,43.6,45.7,47.8,49.9,52.0,54.0,56.1,58.1,60.2,62.2,64.2,66.2,68.1,70.1,72.0,72.2,
Costa Rica,CRI,,,,,,,,,,,,,,,,,,,,,,,,,,,,,,,88.4,88.7,89.1,89.4,89.7,90.0,90.3,90.6,90.9,91.2,91.4,91.7,92.0,92.3,92.6,92.8,93.0,93.3,93.5,93.7,93.9,94.1,94.3,94.5,94.5,94.5,
Caribbean small states,CSS,,,,,,,,,,,,,,,,,,,,,,,,,,,,,,,81.3289166546,81.5048059103,81.7299992279,81.9543823704,82.3452804894,82.5579406203,82.7087911549,82.9001032847,83.0829863913,83.2794312138,83.4741569613,83.6739886298,83.8644993079,84.0691112332,84.2267805406,84.4171064276,84.5926692834,84.7889795702,85.1423388655,85.3275575917,85.4952157587,85.6407762144,85.6717990464,85.7691135728,85.8106704375,85.8260261906,
Cuba,CUB,,,,,,,,,,,,,,,,,,,,,,,,,,,,,,,81.5,82.0,82.6,83.1,83.6,84.1,84.6,85.2,85.7,86.2,86.7,87.2,87.7,88.3,88.7,89.2,89.7,90.2,90.7,91.2,91.7,92.2,92.7,93.1,93.2,93.2,
Curacao,CUW,,,,,,,,,,,,,,,,,,,,,,,,,,,,,,,,,,,,,,,,,,,,,,,,,,,,,,,,,
Cayman Islands,CYM,,,,,,,,,,,,,,,,,,,,,,,,,,,,,,,95.6,95.5,95.5,95.6,95.5,95.6,95.6,95.5,95.6,95.5,95.5,95.6,95.5,95.5,95.6,95.5,95.6,95.6,95.5,95.6,95.6,95.6,95.6,95.6,95.5,95.6,
Cyprus,CYP,,,,,,,,,,,,,,,,,,,,,,,,,,,,,,,100.0,100.0,100.0,100.0,100.0,100.0,100.0,100.0,100.0,100.0,100.0,100.0,100.0,100.0,100.0,100.0,100.0,100.0,100.0,100.0,100.0,100.0,100.0,100.0,100.0,100.0,
Czech Republic,CZE,,,,,,,,,,,,,,,,,,,,,,,,,,,,,,,99.1,99.1,99.1,99.1,99.1,99.1,99.1,99.1,99.1,99.1,99.1,99.1,99.1,99.1,99.1,99.1,99.1,99.1,99.1,99.1,99.1,99.1,99.1,99.1,99.1,99.1,
Germany,DEU,,,,,,,,,,,,,,,,,,,,,,,,,,,,,,,99.2,99.2,99.2,99.2,99.2,99.2,99.2,99.2,99.2,99.2,99.2,99.2,99.2,99.2,99.2,99.2,99.2,99.2,99.2,99.2,99.2,99.2,99.2,99.2,99.2,99.2,
Djibouti,DJI,,,,,,,,,,,,,,,,,,,,,,,,,,,,,,,66.1,66.2,66.2,66.2,66.2,65.1,64.0,62.9,61.7,60.6,59.5,58.4,57.3,56.1,55.0,53.9,52.8,51.7,50.6,49.5,48.4,47.3,47.3,47.3,47.4,47.4,
Dominica,DMA,,,,,,,,,,,,,,,,,,,,,,,,,,,,,,,,,,,,81.1,81.1,81.1,81.1,81.1,81.1,81.1,81.1,81.1,81.1,81.1,81.1,81.1,,,,,,,,,
Denmark,DNK,,,,,,,,,,,,,,,,,,,,,,,,,,,,,,,99.6,99.6,99.6,99.6,99.6,99.6,99.6,99.6,99.6,99.6,99.6,99.6,99.6,99.6,99.6,99.6,99.6,99.6,99.6,99.6,99.6,99.6,99.6,99.6,99.6,99.6,
Dominican Republic,DOM,,,,,,,,,,,,,,,,,,,,,,,,,,,,,,,73.0,73.4,73.8,74.2,74.7,75.2,75.6,76.1,76.6,77.0,77.5,77.9,78.4,78.9,79.4,79.9,80.4,80.8,81.3,81.7,82.1,82.5,82.9,83.3,83.6,84.0,
Algeria,DZA,,,,,,,,,,,,,,,,,,,,,,,,,,,,,,,80.3,80.5,80.7,80.9,81.3,81.7,82.1,82.5,82.9,83.3,83.6,84.0,84.3,84.7,85.0,85.3,85.6,85.8,86.1,86.4,86.6,86.8,87.0,87.2,87.4,87.6,
East Asia & Pacific (excluding high income),EAP,,,,,,,,,,,,,,,,,,,,,,,,,,,,,,,47.5279339464,48.7310249388,49.8845252203,50.9135567651,51.8675918423,52.9568369556,54.0394752497,55.1437057311,56.3158124932,57.4267529048,58.5249659183,59.6784323927,60.8390140662,61.9886310038,63.1971922989,64.3327342637,65.4670691626,66.5237642563,67.6519590547,68.7619990412,69.8781979519,70.9155568895,71.995915953,72.9700806829,74.0056788808,74.8852678122,
Early-demographic dividend,EAR,,,,,,,,,,,,,,,,,,,,,,,,,,,,,,,34.8911974182,35.7332656571,36.4836030184,37.4225820121,38.3539108904,39.2749710391,40.1854697689,41.1831861928,42.1667843721,43.1093132857,44.0964193534,45.0673841947,46.0390108571,47.0115065348,47.9749518515,48.9417957822,49.9139396848,50.8579445366,51.8262444415,52.7712539022,53.6659469921,54.5684032605,55.4612256899,56.3467946738,57.1933486861,57.5597581939,
East Asia & Pacific,EAS,,,,,,,,,,,,,,,,,,,,,,,,,,,,,,,53.228518765,54.1290325699,55.0565591583,55.9442992904,56.7587348355,57.709580043,58.6568875508,59.6241514509,60.6548881696,61.6307409307,62.6000735824,63.6255391717,64.6564620474,65.6775665821,66.7506331276,67.7590068276,68.7726000285,69.7168069116,70.7321994948,71.7281173549,72.7288146831,73.6571189715,74.6251869165,75.49714823,76.4260112777,77.2139443411,
Europe & Central Asia (excluding high income),ECA,,,,,,,,,,,,,,,,,,,,,,,,,,,,,,,79.129847283,79.2397884484,79.4219480226,79.6812682593,81.3976739143,81.552928429,81.7060617863,81.8475903234,82.0299617982,82.25767903,82.535216573,82.7419979922,83.0048746161,83.2976717522,83.5576980968,83.8416770575,84.0836187897,84.6437447,84.8355575674,85.0483896674,85.2563139227,85.4507507681,85.6116629607,85.7884900681,85.9802107302,86.1344216463,
Europe & Central Asia,ECS,,,,,,,,,,,,,,,,,,,,,,,,,,,,,,,90.3015035414,90.3551894203,90.3370472932,90.3807001336,90.3290137429,90.4205525002,90.352217278,90.4072226817,90.4993251023,90.620314954,90.751876903,90.9060123009,91.0911150354,91.2855499704,91.4600700653,91.6474712171,91.8117221254,92.1670801241,92.3040784277,92.4392747126,92.5744398473,92.6861266067,92.7914388437,92.9040547528,93.0178464526,93.0837146463,
Ecuador,ECU,,,,,,,,,,,,,,,,,,,,,,,,,,,,,,,57.0,58.4,59.7,61.0,62.3,63.5,64.8,66.0,67.2,68.5,69.7,70.8,72.0,73.1,74.2,75.3,76.4,77.4,78.5,79.6,80.7,81.7,82.8,83.8,84.7,84.7,
"Egypt, Arab Rep.",EGY,,,,,,,,,,,,,,,,,,,,,,,,,,,,,,,73.4,74.5,75.5,76.6,77.7,78.8,79.8,81.0,82.1,83.2,84.3,85.5,86.6,87.7,88.8,90.0,91.1,92.2,93.3,94.4,94.7,94.7,94.7,94.7,94.7,94.7,
Euro area,EMU,,,,,,,,,,,,,,,,,,,,,,,,,,,,,,,98.4477493534,98.4713035546,98.4958587471,98.5253315302,98.5525177245,98.5777836765,98.5997722201,98.4971781057,98.5221639769,98.5458847031,98.5737136654,98.5945409891,98.6305354221,98.6629989453,98.6867199067,98.7192261481,98.747485149,98.7766058902,98.8020237895,98.8255571268,98.8564224497,98.8816911373,98.9069920737,98.9191871494,98.9262380143,98.9317312997,
Eritrea,ERI,,,,,,,,,,,,,,,,,,,,,,,,,,,,,,,9.3,9.4,9.4,9.5,9.5,9.8,10.1,10.4,10.7,11.1,11.4,11.7,12.0,12.4,12.7,13.0,13.3,13.7,14.0,14.3,14.6,14.9,15.3,15.4,15.6,15.7,
Spain,ESP,,,,,,,,,,,,,,,,,,,,,,,,,,,,,,,99.9,99.9,99.9,99.9,99.9,99.9,99.9,99.9,99.9,99.9,99.9,99.9,99.9,99.9,99.9,99.9,99.9,99.9,99.9,99.9,99.9,99.9,99.9,99.9,99.9,99.9,
Estonia,EST,,,,,,,,,,,,,,,,,,,,,,,,,,,,,,,97.0,96.9,96.9,96.9,96.9,96.9,96.9,96.9,96.9,96.9,97.0,97.0,97.0,97.0,97.0,97.1,97.1,97.1,97.1,97.1,97.2,97.2,97.2,97.2,97.2,97.2,
Ethiopia,ETH,,,,,,,,,,,,,,,,,,,,,,,,,,,,,,,2.6,2.6,2.7,2.8,2.9,3.0,3.0,4.6,5.9,7.3,8.6,9.9,11.2,12.6,13.9,15.2,16.5,17.8,19.1,20.4,21.7,23.0,24.3,25.5,26.8,28.0,
European Union,EUU,,,,,,,,,,,,,,,,,,,,,,,,,,,,,,,96.818191257,96.8860718402,96.9473702481,96.9932688754,97.0351106628,97.0778875544,96.3073961422,96.2741018913,96.3132459635,96.3504065398,96.3981197046,96.5145499782,96.63840706,96.7493533739,96.851581278,96.9615511366,97.0615773377,97.1817861629,97.290767933,97.3892088125,97.4974736191,97.5882496851,97.6832832024,97.7715470667,97.8524724078,97.8679374314,
Fragile and conflict affected situations,FCS,,,,,,,,,,,,,,,,,,,,,,,,,,,,,,,,35.2830895667,35.439031685,35.0811658313,34.9527622703,35.1179657666,35.6135328994,35.9250672749,36.8780710169,37.3543072568,37.8188517905,38.2847617272,38.7022461546,39.1439042517,39.5818571632,40.0143005265,40.4303676705,40.8676969212,41.3132929311,41.6579695273,41.9603952904,41.5025186008,42.2782878617,41.6888231332,41.6497724006,43.2762540203,
Finland,FIN,,,,,,,,,,,,,,,,,,,,,,,,,,,,,,,97.1,97.2,97.2,97.2,97.3,97.3,97.3,97.4,97.4,97.4,97.4,97.4,97.5,97.5,97.5,97.5,97.5,97.5,97.5,97.6,97.6,97.6,97.6,97.6,97.6,97.6,
Fiji,FJI,,,,,,,,,,,,,,,,,,,,,,,,,,,,,,,56.8,58.8,60.7,62.6,64.5,66.3,68.1,69.8,71.4,73.0,74.6,76.2,77.7,79.3,80.8,82.3,83.8,85.3,86.8,88.2,89.6,91.0,91.1,91.1,91.1,91.1,
France,FRA,,,,,,,,,,,,,,,,,,,,,,,,,,,,,,,98.7,98.7,98.7,98.7,98.7,98.7,98.7,98.7,98.7,98.7,98.7,98.7,98.7,98.7,98.7,98.7,98.7,98.7,98.7,98.7,98.7,98.7,98.7,98.7,98.7,98.7,
Faroe Islands,FRO,,,,,,,,,,,,,,,,,,,,,,,,,,,,,,,,,,,,,,,,,,,,,,,,,,,,,,,,,
"Micronesia, Fed. Sts.",FSM,,,,,,,,,,,,,,,,,,,,,,,,,,,,,,,19.4,19.4,19.4,21.3,23.2,25.0,26.7,28.4,30.1,31.9,33.6,35.6,37.5,39.5,41.4,43.4,45.3,47.3,49.2,51.2,53.1,55.1,57.0,57.0,57.1,57.1,
Gabon,GAB,,,,,,,,,,,,,,,,,,,,,,,,,,,,,,,,,,,38.2,38.3,38.3,38.3,38.4,38.6,38.8,39.0,39.2,39.4,39.6,39.8,40.0,40.3,40.5,40.7,40.9,41.2,41.4,41.6,41.8,41.9,
United Kingdom,GBR,,,,,,,,,,,,,,,,,,,,,,,,,,,,,,,99.2,99.2,99.2,99.2,99.2,99.2,99.2,99.2,99.2,99.2,99.2,99.2,99.2,99.2,99.2,99.2,99.2,99.2,99.2,99.2,99.2,99.2,99.2,99.2,99.2,99.2,
Georgia,GEO,,,,,,,,,,,,,,,,,,,,,,,,,,,,,,,97.8,97.8,97.8,97.8,97.8,97.8,97.7,97.6,96.9,96.3,95.7,95.0,94.4,93.7,93.1,92.5,91.8,91.2,90.5,89.9,89.3,88.7,88.1,87.5,86.9,86.3,
Ghana,GHA,,,,,,,,,,,,,,,,,,,,,,,,,,,,,,,7.0,7.3,7.6,8.0,8.3,8.6,9.0,9.3,9.6,10.0,10.3,10.6,11.0,11.3,11.6,12.0,12.3,12.6,13.0,13.3,13.7,14.0,14.4,14.7,14.8,14.9,
Gibraltar,GIB,,,,,,,,,,,,,,,,,,,,,,,,,,,,,,,,,,,,,,,,,,,,,,,,,,,,,,,,,
Guinea,GIN,,,,,,,,,,,,,,,,,,,,,,,,,,,,,,,8.3,8.8,9.2,9.7,10.1,10.6,11.0,11.5,11.9,12.4,12.9,13.4,13.8,14.3,14.8,15.3,15.8,16.3,16.8,17.3,17.9,18.4,18.9,19.4,20.0,20.1,
"Gambia, The",GMB,,,,,,,,,,,,,,,,,,,,,,,,,,,,,,,,,60.4,60.4,60.4,60.3,60.3,60.1,60.0,59.8,59.7,59.6,59.5,59.4,59.3,59.2,59.1,59.0,58.9,58.9,58.8,58.8,58.7,58.8,58.8,58.9,
Guinea-Bissau,GNB,,,,,,,,,,,,,,,,,,,,,,,,,,,,,,,,,,,10.5,10.6,10.8,11.0,11.2,11.8,12.4,13.0,13.7,14.3,15.0,15.6,16.3,16.9,17.6,18.2,18.9,19.6,20.2,20.5,20.7,20.8,
Equatorial Guinea,GNQ,,,,,,,,,,,,,,,,,,,,,,,,,,,,,,,,,,,81.1,81.1,81.1,81.1,81.1,80.6,80.2,79.7,79.3,78.9,78.4,78.0,77.5,77.1,76.7,76.2,75.8,75.4,74.9,74.5,74.5,74.5,
Greece,GRC,,,,,,,,,,,,,,,,,,,,,,,,,,,,,,,92.5,92.8,93.1,93.4,93.7,94.0,94.3,94.6,94.9,95.2,95.5,95.8,96.2,96.5,96.8,97.1,97.4,97.7,98.0,98.2,98.5,98.8,99.0,99.0,99.0,99.0,
Grenada,GRD,,,,,,,,,,,,,,,,,,,,,,,,,,,,,,,98.0,98.0,98.0,98.0,98.0,98.0,98.0,98.0,98.0,98.0,98.0,98.0,98.0,98.0,98.0,98.0,98.0,98.0,98.0,98.0,98.0,98.0,98.0,98.0,98.0,98.0,
Greenland,GRL,,,,,,,,,,,,,,,,,,,,,,,,,,,,,,,100.0,100.0,100.0,100.0,100.0,100.0,100.0,100.0,100.0,100.0,100.0,100.0,100.0,100.0,100.0,100.0,100.0,100.0,100.0,100.0,100.0,100.0,100.0,100.0,100.0,100.0,
Guatemala,GTM,,,,,,,,,,,,,,,,,,,,,,,,,,,,,,,47.2,48.0,48.7,49.5,50.2,50.9,51.7,52.4,53.1,53.8,54.6,55.3,56.0,56.7,57.4,58.1,58.8,59.5,60.2,60.9,61.6,62.2,62.9,63.6,63.7,63.9,
Guam,GUM,,,,,,,,,,,,,,,,,,,,,,,,,,,,,,,88.6,88.7,88.7,88.8,88.8,88.9,88.9,89.0,89.1,89.1,89.2,89.2,89.3,89.3,89.4,89.4,89.5,89.6,89.6,89.7,89.7,89.8,89.8,89.8,89.8,89.8,
Guyana,GUY,,,,,,,,,,,,,,,,,,,,,,,,,,,,,,,75.7,75.7,76.1,76.5,76.9,77.3,77.7,78.1,78.5,78.9,79.2,79.6,80.0,80.4,80.8,81.2,81.6,82.0,82.4,82.8,83.2,83.6,83.6,83.6,83.6,83.7,
High income,HIC,,,,,,,,,,,,,,,,,,,,,,,,,,,,,,,98.7740917258,98.788762658,98.8402796524,98.8695027337,98.8952003308,98.9271970396,98.5254259754,98.5198308185,98.5533948073,98.5883595637,98.6298287638,98.7176913951,98.7806340186,98.8440694748,98.903601207,98.9658801866,99.0475833395,99.0980197039,99.1446617829,99.1874826573,99.2356776355,99.3061366742,99.3475474604,99.38282162,99.4099263081,99.4148338178,
"Hong Kong SAR, China",HKG,,,,,,,,,,,,,,,,,,,,,,,,,,,,,,,,,,,,,,,,,,,,,,,,,,,,,,,,,
Honduras,HND,,,,,,,,,,,,,,,,,,,,,,,,,,,,,,,48.2,49.7,51.3,52.8,54.3,55.9,57.4,58.9,60.3,61.8,63.3,64.7,66.2,67.6,69.1,70.5,71.9,73.3,74.7,76.0,77.4,78.7,80.0,81.3,82.6,82.6,
Heavily indebted poor countries (HIPC),HPC,,,,,,,,,,,,,,,,,,,,,,,,,,,,,,,16.4017589175,16.7670870648,17.0877615308,17.371916361,17.5599789807,17.7984035916,18.074423359,18.5582904799,19.0205393749,19.513743732,20.002478355,20.4626294416,20.9347877999,21.4271748259,21.9085849526,22.3893103689,22.8642380778,23.3385959001,23.8226651575,24.3076411399,24.7976918194,25.3531904175,25.8904510766,26.3738501833,26.8248002867,27.3794310101,
Croatia,HRV,,,,,,,,,,,,,,,,,,,,,,,,,,,,,,,97.3,97.3,97.3,97.3,97.3,97.3,97.3,97.3,97.3,97.3,97.3,97.3,97.3,97.3,97.2,97.2,97.2,97.2,97.1,97.1,97.1,97.1,97.1,97.1,97.1,97.0,
Haiti,HTI,,,,,,,,,,,,,,,,,,,,,,,,,,,,,,,17.6,17.9,18.1,18.5,18.9,19.2,19.6,20.0,20.3,20.7,21.0,21.6,22.1,22.6,23.2,23.7,24.2,24.6,25.1,25.5,25.9,26.3,26.7,27.1,27.4,27.6,
Hungary,HUN,,,,,,,,,,,,,,,,,,,,,,,,,,,,,,,98.0,98.0,98.0,98.0,98.0,98.0,98.0,98.0,98.0,98.0,98.0,98.0,98.0,98.0,98.0,98.0,98.0,98.0,98.0,98.0,98.0,98.0,98.0,98.0,98.0,98.0,
IBRD only,IBD,,,,,,,,,,,,,,,,,,,,,,,,,,,,,,,46.1903652299,46.9392473152,47.8338742975,48.6814247382,50.294657692,51.1576925171,52.3221149506,53.1561550127,54.041791551,54.8537224932,55.7031833266,56.555067572,57.4124302858,58.2754818158,59.1606749199,60.0226540393,60.8787877667,61.7056484328,62.5733632454,63.4356578386,64.2667601143,65.0832085396,65.9229934902,66.7342568823,67.5459730951,67.9811966561,
IDA & IBRD total,IBT,,,,,,,,,,,,,,,,,,,,,,,,,,,,,,,42.567529274,43.2449272781,43.9979105603,44.6965532066,46.0407084979,46.7857769841,47.8261658424,48.5688112944,49.3707674477,50.1098271061,50.8796754941,51.6446181145,52.4075426956,53.1708995479,53.9541589001,54.7119291297,55.4647205229,56.1864345118,56.9389611444,57.6755190128,58.3874841787,58.9931359544,59.7707003455,60.4629001558,61.1213105868,61.7178553253,
IDA total,IDA,,,,,,,,,,,,,,,,,,,,,,,,,,,,,,,26.437165875,27.9755782042,28.4555187972,28.9804249205,29.3131529674,29.8126776134,30.3951632372,31.0370043264,31.7042907497,32.3733653224,33.060501272,33.7285514673,34.3774792325,35.0150265824,35.6709460539,36.2984728156,36.93059493,37.5545347256,38.1579924589,38.7183288991,39.289782978,39.6125120536,40.2682184149,40.484234095,40.9138264613,41.7539111479,
IDA blend,IDB,,,,,,,,,,,,,,,,,,,,,,,,,,,,,,,34.607025785,34.499886252,34.9554458351,34.856511152,35.4285113196,36.0654536802,36.7119011814,37.1352267495,37.7659695214,38.3841388688,39.0475259111,39.7065590614,40.3295473164,40.9383446221,41.5834710658,42.1807474009,42.7847156254,43.3778086215,43.9253520041,44.4478191897,45.0368343839,45.5728005612,46.1094555711,46.6165092125,47.1481636568,47.6171424914,
Indonesia,IDN,,,,,,,,,,,,,,,,,,,,,,,,,,,,,,,35.2,36.3,37.5,38.7,39.9,41.0,42.3,43.5,44.7,45.9,47.1,48.1,49.2,50.2,51.2,52.1,53.1,54.1,55.1,56.0,57.0,57.9,58.8,59.7,60.6,60.8,
IDA only,IDX,,,,,,,,,,,,,,,,,,,,,,,,,,,,,,,21.7404319979,24.6048296618,25.0381308441,25.9687439714,26.23648458,26.6648043051,27.2205896911,27.9492412498,28.6389801863,29.3391819481,30.045545177,30.724749574,31.3938379561,32.0528873531,32.7203617253,33.3676125795,34.0168063968,34.6575088791,35.2899015441,35.8678252838,36.426460998,36.671240684,37.344299893,37.3280652519,37.7013877277,38.6066870196,
Isle of Man,IMN,,,,,,,,,,,,,,,,,,,,,,,,,,,,,,,,,,,,,,,,,,,,,,,,,,,,,,,,,
India,IND,,,,,,,,,,,,,,,,,,,,,,,,,,,,,,,16.8,16.9,17.8,18.8,19.8,20.8,21.7,22.7,23.7,24.6,25.6,26.6,27.6,28.6,29.6,30.6,31.6,32.6,33.6,34.6,35.5,36.5,37.5,38.5,39.5,39.6,
Not classified,INX,,,,,,,,,,,,,,,,,,,,,,,,,,,,,,,,,,,,,,,,,,,,,,,,,,,,,,,,,
Ireland,IRL,,,,,,,,,,,,,,,,,,,,,,,,,,,,,,,89.3,89.3,89.3,89.3,89.3,89.3,89.3,89.3,89.3,89.2,89.2,89.3,89.4,89.5,89.6,89.7,89.8,89.9,90.0,90.0,90.1,90.2,90.3,90.4,90.5,90.5,
"Iran, Islamic Rep.",IRN,,,,,,,,,,,,,,,,,,,,,,,,,,,,,,,71.4,71.5,71.6,71.7,72.8,73.8,74.8,75.9,76.9,77.9,78.9,79.9,80.8,81.8,82.8,83.8,84.8,85.7,86.7,87.6,88.6,89.3,89.6,89.9,89.9,90.0,
Iraq,IRQ,,,,,,,,,,,,,,,,,,,,,,,,,,,,,,,,71.8,71.7,71.6,71.6,71.5,72.2,73.0,73.7,74.5,75.3,76.2,76.9,77.7,78.5,79.3,80.1,80.9,81.7,82.5,83.3,84.0,84.8,85.6,85.6,85.6,
Iceland,ISL,,,,,,,,,,,,,,,,,,,,,,,,,,,,,,,98.8,98.8,98.8,98.8,98.8,98.8,98.8,98.8,98.8,98.8,98.8,98.8,98.8,98.8,98.8,98.8,98.8,98.8,98.8,98.8,98.8,98.8,98.8,98.8,98.8,98.8,
Israel,ISR,,,,,,,,,,,,,,,,,,,,,,,,,,,,,,,100.0,100.0,100.0,100.0,100.0,100.0,100.0,100.0,100.0,100.0,100.0,100.0,100.0,100.0,100.0,100.0,100.0,100.0,100.0,100.0,100.0,100.0,100.0,100.0,100.0,100.0,
Italy,ITA,,,,,,,,,,,,,,,,,,,,,,,,,,,,,,,99.5,99.5,99.5,99.5,99.5,99.5,99.5,99.5,99.5,99.5,99.5,99.5,99.5,99.5,99.5,99.5,99.5,99.5,99.5,99.5,99.5,99.5,99.5,99.5,99.5,99.5,
Jamaica,JAM,,,,,,,,,,,,,,,,,,,,,,,,,,,,,,,79.8,79.9,80.0,80.1,80.2,80.3,80.3,80.4,80.5,80.6,80.7,80.8,80.9,81.0,81.0,81.1,81.2,81.3,81.4,81.5,81.6,81.6,81.7,81.8,81.8,81.8,
Jordan,JOR,,,,,,,,,,,,,,,,,,,,,,,,,,,,,,,97.3,97.4,97.4,97.5,97.5,97.5,97.6,97.6,97.7,97.8,97.8,97.9,98.0,98.0,98.1,98.2,98.2,98.3,98.3,98.4,98.5,98.5,98.6,98.6,98.6,98.6,
Japan,JPN,,,,,,,,,,,,,,,,,,,,,,,,,,,,,,,100.0,100.0,100.0,100.0,100.0,100.0,100.0,100.0,100.0,100.0,100.0,100.0,100.0,100.0,100.0,100.0,100.0,100.0,100.0,100.0,100.0,100.0,100.0,100.0,100.0,100.0,
Kazakhstan,KAZ,,,,,,,,,,,,,,,,,,,,,,,,,,,,,,,96.4,96.4,96.4,96.4,96.4,96.5,96.6,96.6,96.7,96.7,96.8,96.8,96.9,97.0,97.0,97.1,97.1,97.2,97.3,97.3,97.4,97.4,97.5,97.5,97.5,97.5,
Kenya,KEN,,,,,,,,,,,,,,,,,,,,,,,,,,,,,,,24.6,24.8,25.0,25.3,25.5,25.7,26.0,26.2,26.4,26.7,26.9,27.1,27.4,27.6,27.8,28.0,28.3,28.5,28.7,29.0,29.2,29.4,29.6,29.9,30.1,30.1,
Kyrgyz Republic,KGZ,,,,,,,,,,,,,,,,,,,,,,,,,,,,,,,91.2,91.2,91.2,91.2,91.2,91.3,91.4,91.5,91.6,91.7,91.8,91.9,92.0,92.1,92.2,92.3,92.4,92.5,92.6,92.7,92.8,92.9,93.0,93.1,93.2,93.3,
Cambodia,KHM,,,,,,,,,,,,,,,,,,,,,,,,,,,,,,,2.9,3.0,3.1,4.2,6.0,7.7,9.4,11.2,12.9,14.6,16.3,18.0,19.8,21.5,23.2,24.9,26.6,28.4,30.1,31.9,33.6,35.4,37.2,39.0,40.8,42.4,
Kiribati,KIR,,,,,,,,,,,,,,,,,,,,,,,,,,,,,,,28.0,28.5,29.0,29.5,30.0,30.5,31.2,32.0,32.7,33.5,34.2,34.8,35.2,35.7,36.1,36.5,37.0,37.4,37.9,38.3,38.8,39.2,39.7,39.7,39.7,39.7,
St. Kitts and Nevis,KNA,,,,,,,,,,,,,,,,,,,,,,,,,,,,,,,,,,,,87.3,87.3,87.3,87.3,87.3,87.3,87.3,87.3,87.3,87.3,87.3,87.3,87.3,,,,,,,,,
"Korea, Rep.",KOR,,,,,,,,,,,,,,,,,,,,,,,,,,,,,,,100.0,100.0,100.0,100.0,100.0,100.0,100.0,100.0,100.0,100.0,100.0,100.0,100.0,100.0,100.0,100.0,100.0,100.0,100.0,100.0,100.0,100.0,100.0,100.0,100.0,100.0,
Kuwait,KWT,,,,,,,,,,,,,,,,,,,,,,,,,,,,,,,100.0,100.0,100.0,100.0,100.0,100.0,100.0,100.0,100.0,100.0,100.0,100.0,100.0,100.0,100.0,100.0,100.0,100.0,100.0,100.0,100.0,100.0,100.0,100.0,100.0,100.0,
Latin America & Caribbean (excluding high income),LAC,,,,,,,,,,,,,,,,,,,,,,,,,,,,,,,66.1693896537,66.9880099454,67.7511769152,68.5323444242,69.3502509926,70.1076638851,70.8100471943,71.584731403,72.2827111185,73.0192359922,73.7464464585,74.3967059993,75.0509489722,75.7086058201,76.3312601321,76.9765360347,77.576532186,78.2015285192,78.8342877344,79.4183950261,80.0287848049,80.6425945553,81.2155282127,81.7848493806,82.3273285261,82.4755508613,
Lao PDR,LAO,,,,,,,,,,,,,,,,,,,,,,,,,,,,,,,,,,,20.1,20.4,20.8,21.3,21.8,24.9,28.0,31.1,34.2,37.3,40.3,43.4,46.5,49.6,52.6,55.7,58.7,61.7,64.6,67.6,70.5,70.9,
Lebanon,LBN,,,,,,,,,,,,,,,,,,,,,,,,,,,,,,,,,,,,,,,82.7,82.7,82.7,82.7,82.7,82.4,82.2,82.0,81.8,81.6,81.3,81.1,80.9,80.7,80.7,80.7,80.7,80.7,
Liberia,LBR,,,,,,,,,,,,,,,,,,,,,,,,,,,,,,,,,,,13.7,13.1,12.5,12.6,12.6,12.9,13.1,13.4,13.6,13.8,14.1,14.3,14.6,14.8,15.1,15.3,15.6,15.8,16.1,16.4,16.6,16.9,
Libya,LBY,,,,,,,,,,,,,,,,,,,,,,,,,,,,,,,96.5,96.5,96.5,96.5,96.5,96.5,96.5,96.5,96.5,96.5,96.5,96.5,96.5,96.5,96.5,96.5,96.5,96.5,96.6,96.6,96.6,96.6,96.6,96.6,96.6,96.6,
St. Lucia,LCA,,,,,,,,,,,,,,,,,,,,,,,,,,,,,,,78.2,78.7,79.2,79.7,80.2,80.6,81.1,81.6,82.1,82.6,83.1,83.6,84.1,84.6,85.1,85.7,86.2,86.8,87.3,87.9,88.5,89.0,89.5,90.0,90.5,90.5,
Latin America & Caribbean,LCN,,,,,,,,,,,,,,,,,,,,,,,,,,,,,,,67.2588318807,68.0524488403,68.7936814124,69.5537774643,70.3577935842,71.0980753192,71.7855644051,72.5411567528,73.2201393066,73.9393493972,74.6502954567,75.2845109208,75.9225430517,76.5671207026,77.175760356,77.8059949061,78.3927614009,79.003771062,79.6218282968,80.1914618129,80.7890896358,81.3897932792,81.9471034872,82.4942131032,83.0099669528,83.1506798224,
Least developed countries: UN classification,LDC,,,,,,,,,,,,,,,,,,,,,,,,,,,,,,,19.2680040278,22.6255297891,23.0834426494,23.443645878,23.7863212398,24.2633540351,24.8580993291,25.6369152619,26.3707879182,27.1174626489,27.8774786906,28.611262766,29.3334061105,30.0480769565,30.7666441593,31.4540342794,32.1380472372,32.8048177595,33.468125797,34.0897569453,34.7127001499,35.0393976373,35.8078117897,35.8348106857,36.3103816842,37.3092409357,
Low income,LIC,,,,,,,,,,,,,,,,,,,,,,,,,,,,,,,13.0927730644,13.6617097384,16.5860493646,16.8897255021,17.0932731569,17.3491586335,17.6450379656,18.3356491117,18.9615784217,19.6017849047,20.2398092296,20.8451136071,21.4380122674,22.0554909259,22.6547185827,23.2519319923,23.8380611076,24.4181686612,25.0044673336,25.592871191,26.1779266163,26.3979541825,26.9449431597,27.4108546499,27.8769956041,28.2627999809,
Liechtenstein,LIE,,,,,,,,,,,,,,,,,,,,,,,,,,,,,,,,,,,,,,,,,,,,,,,,,,,,,,,,,
Sri Lanka,LKA,,,,,,,,,,,,,,,,,,,,,,,,,,,,,,,70.7,71.8,72.8,73.9,74.9,76.0,77.0,78.0,79.1,80.1,81.2,82.2,83.3,84.3,85.4,86.4,87.5,88.5,89.6,90.6,91.7,92.7,93.8,94.8,95.1,95.1,
Lower middle income,LMC,,,,,,,,,,,,,,,,,,,,,,,,,,,,,,,29.0341685043,30.0529424578,31.0248510463,31.9993300438,34.4055939329,35.2531767414,36.0949585509,36.9561125659,37.8415014005,38.6881527914,39.588880423,40.4779196675,41.3697362365,42.2505958093,43.1460917589,44.0269898411,44.9176872508,45.8070497232,46.6969593857,47.5583152779,48.3684864254,49.2081474884,50.0370652897,50.8084437831,51.5709697541,52.22788869,
Low & middle income,LMY,,,,,,,,,,,,,,,,,,,,,,,,,,,,,,,42.4138273445,43.1206452309,43.9223197092,44.6173662039,45.9595339804,46.7020304838,47.4215845131,48.1817031607,49.0022500696,49.7573662603,50.5476857721,51.3226406004,52.0963176789,52.8702239946,53.6638895966,54.4316826974,55.1942910321,55.9244097691,56.6865241652,57.4323482533,58.1533272435,58.7686010472,59.5476730458,60.2404876107,60.9005092211,61.5010536585,
Lesotho,LSO,,,,,,,,,,,,,,,,,,,,,,,,,,,,,,,,,,,22.6,22.7,22.8,22.8,22.9,23.4,23.9,24.3,24.8,25.3,25.7,26.2,26.7,27.1,27.6,28.0,28.5,28.9,29.3,29.8,30.2,30.3,
Late-demographic dividend,LTE,,,,,,,,,,,,,,,,,,,,,,,,,,,,,,,55.7137452976,56.6177594363,57.5595744764,58.4324903653,59.3405113384,60.3131921826,61.6904394853,62.603202314,63.5817362333,64.4825016913,65.4118660296,66.3700412042,67.3393064328,68.3113604396,69.3469818552,70.3268918657,71.284505644,72.1984182935,73.1713036716,74.1336511294,75.0961125542,75.9990094987,76.9186314892,77.7736549427,78.6753390535,79.4430213169,
Lithuania,LTU,,,,,,,,,,,,,,,,,,,,,,,,,,,,,,,82.8,83.2,83.5,83.9,84.3,84.7,85.0,85.4,85.8,86.2,86.6,86.9,87.3,87.7,88.1,88.5,88.9,89.3,89.7,90.1,90.5,90.8,91.2,91.6,92.0,92.4,
Luxembourg,LUX,,,,,,,,,,,,,,,,,,,,,,,,,,,,,,,97.8,97.8,97.8,97.8,97.7,97.7,97.7,97.7,97.7,97.7,97.7,97.7,97.7,97.7,97.7,97.7,97.7,97.6,97.6,97.6,97.6,97.6,97.6,97.6,97.6,97.6,
Latvia,LVA,,,,,,,,,,,,,,,,,,,,,,,,,,,,,,,,,,,,,,81.8,81.8,81.8,81.7,81.7,82.1,82.6,83.0,83.5,83.9,84.3,84.8,85.2,85.6,86.1,86.5,86.9,87.4,87.8,
"Macao SAR, China",MAC,,,,,,,,,,,,,,,,,,,,,,,,,,,,,,,,,,,,,,,,,,,,,,,,,,,,,,,,,
St. Martin (French part),MAF,,,,,,,,,,,,,,,,,,,,,,,,,,,,,,,,,,,,,,,,,,,,,,,,,,,,,,,,,
Morocco,MAR,,,,,,,,,,,,,,,,,,,,,,,,,,,,,,,52.4,53.8,55.1,56.4,57.7,58.8,59.8,60.9,61.9,62.9,64.0,65.0,66.0,66.9,67.9,68.9,69.9,70.9,71.9,72.9,73.8,74.7,75.6,76.5,76.6,76.7,
Monaco,MCO,,,,,,,,,,,,,,,,,,,,,,,,,,,,,,,100.0,100.0,100.0,100.0,100.0,100.0,100.0,100.0,100.0,100.0,100.0,100.0,100.0,100.0,100.0,100.0,100.0,100.0,100.0,100.0,100.0,100.0,100.0,100.0,100.0,100.0,
Moldova,MDA,,,,,,,,,,,,,,,,,,,,,,,,,,,,,,,,,71.7,71.7,71.7,71.7,71.6,71.9,72.1,72.4,72.7,72.9,73.2,73.4,73.7,73.9,74.2,74.5,74.7,75.0,75.3,75.5,75.8,76.1,76.4,76.4,
Madagascar,MDG,,,,,,,,,,,,,,,,,,,,,,,,,,,,,,,9.4,9.5,9.6,9.7,9.8,9.9,10.0,10.0,10.1,10.2,10.3,10.4,10.5,10.6,10.6,10.8,10.9,11.0,11.1,11.2,11.4,11.5,11.6,11.7,11.9,12.0,
Maldives,MDV,,,,,,,,,,,,,,,,,,,,,,,,,,,,,,,68.0,68.0,67.9,67.9,67.9,69.7,71.7,73.7,75.6,77.5,79.4,81.5,83.5,85.4,87.3,89.1,90.9,92.6,94.2,95.8,97.3,98.0,98.0,98.0,98.0,97.9,
Middle East & North Africa,MEA,,,,,,,,,,,,,,,,,,,,,,,,,,,,,,,72.6705121011,73.2666865335,73.5918755538,74.1493658136,74.9408124762,75.8508228764,76.6411124095,77.5270785931,78.4098869737,79.2386678027,80.072204951,80.935530976,81.7246003283,82.5496159807,83.3875978501,84.2489093203,85.0710335207,85.8523259,86.6594507895,87.3502649169,87.8595012637,88.210420476,88.4845912281,91.0387064222,91.0863884585,91.1379282329,
Mexico,MEX,,,,,,,,,,,,,,,,,,,,,,,,,,,,,,,66.2,67.1,68.0,68.9,69.8,70.7,71.5,72.3,73.1,73.9,74.7,75.5,76.3,77.1,77.8,78.6,79.4,80.1,80.9,81.6,82.3,83.0,83.7,84.4,85.1,85.2,
Marshall Islands,MHL,,,,,,,,,,,,,,,,,,,,,,,,,,,,,,,64.6,65.2,65.7,66.3,66.8,67.4,67.9,68.5,69.0,69.5,70.1,70.6,71.1,71.6,72.1,72.7,73.2,73.7,74.2,74.7,75.2,75.7,76.2,76.7,76.8,76.9,
Middle income,MIC,,,,,,,,,,,,,,,,,,,,,,,,,,,,,,,44.5868220295,45.3850098135,46.1986793967,47.0048420797,48.4480476809,49.2612770843,50.0446754437,50.8388773988,51.7031121148,52.5008698586,53.3370102483,54.1659076276,54.9974098405,55.829004868,56.6853170236,57.5145795503,58.3401818729,59.1350040543,59.9625520481,60.773302586,61.5588455727,62.3317018201,63.1137887969,63.9042688862,64.6430575495,65.3529994843,
"Macedonia, FYR",MKD,,,,,,,,,,,,,,,,,,,,,,,,,,,,,,,,,,,,,,,,,89.8,89.8,89.8,89.8,89.8,90.0,90.1,90.3,90.5,90.6,90.8,91.0,91.0,90.9,90.9,90.9,
Mali,MLI,,,,,,,,,,,,,,,,,,,,,,,,,,,,,,,14.1,14.4,14.8,15.2,15.6,16.0,16.3,16.7,17.1,17.5,18.0,18.4,18.9,19.3,19.7,20.2,20.6,21.1,21.5,22.0,22.4,22.9,23.3,23.8,24.2,24.7,
Malta,MLT,,,,,,,,,,,,,,,,,,,,,,,,,,,,,,,100.0,100.0,100.0,100.0,100.0,100.0,100.0,100.0,100.0,100.0,100.0,100.0,100.0,100.0,100.0,100.0,100.0,100.0,100.0,100.0,100.0,100.0,100.0,100.0,100.0,100.0,
Myanmar,MMR,,,,,,,,,,,,,,,,,,,,,,,,,,,,,,,,54.1,54.2,54.2,54.3,54.4,55.9,57.4,58.9,60.4,61.9,63.4,64.9,66.4,67.9,69.4,70.8,72.3,73.8,75.2,76.6,78.0,79.4,79.5,79.5,79.6,
Middle East & North Africa (excluding high income),MNA,,,,,,,,,,,,,,,,,,,,,,,,,,,,,,,69.8009729387,70.689257625,71.215023031,71.7714126594,72.5957012686,73.3971846216,74.2356838069,75.1727518863,76.1306027631,76.995637146,77.8643206095,78.7739141942,79.5913414976,80.4470204458,81.3095926522,82.1939593411,83.0528963261,83.8890709266,84.758325512,85.501295988,86.0530238934,86.430552828,86.725018105,89.5733092881,89.6147269585,89.6601358992,
Montenegro,MNE,,,,,,,,,,,,,,,,,,,,,,,,,,,,,,,,,,,,,,,89.1,89.2,89.2,89.3,89.3,89.8,90.4,90.9,91.4,91.9,92.5,93.0,93.5,94.0,94.6,95.1,95.6,95.9,
Mongolia,MNG,,,,,,,,,,,,,,,,,,,,,,,,,,,,,,,,,46.0,46.0,46.0,46.0,45.9,46.5,47.0,47.5,48.2,49.2,50.1,51.0,51.9,52.7,53.5,54.3,55.1,55.8,56.5,57.2,57.9,58.5,59.1,59.7,
Northern Mariana Islands,MNP,,,,,,,,,,,,,,,,,,,,,,,,,,,,,,,68.7,69.2,69.7,70.2,70.7,71.2,71.7,72.2,72.7,73.2,73.7,74.2,74.7,75.2,75.7,76.2,76.7,77.2,77.7,78.2,78.7,79.2,79.7,79.7,79.7,79.7,
Mozambique,MOZ,,,,,,,,,,,,,,,,,,,,,,,,,,,,,,,10.3,10.4,10.6,10.7,10.9,11.5,12.1,12.6,13.1,13.6,14.1,14.6,15.0,15.5,16.0,16.5,16.9,17.4,17.9,18.4,18.8,19.3,19.8,20.3,20.4,20.5,
Mauritania,MRT,,,,,,,,,,,,,,,,,,,,,,,,,,,,,,,15.6,15.8,16.0,16.2,17.2,18.2,19.3,20.4,21.5,22.6,23.7,24.8,26.0,27.2,28.4,29.5,30.8,32.0,33.2,34.4,35.7,36.9,38.2,39.5,39.7,40.0,
Mauritius,MUS,,,,,,,,,,,,,,,,,,,,,,,,,,,,,,,91.1,91.1,91.1,91.1,91.1,91.1,91.1,91.1,91.1,91.2,91.4,91.5,91.6,91.8,91.9,92.0,92.2,92.3,92.4,92.6,92.7,92.9,93.0,93.2,93.2,93.1,
Malawi,MWI,,,,,,,,,,,,,,,,,,,,,,,,,,,,,,,29.3,29.9,30.4,30.9,31.4,31.9,32.4,32.9,33.4,33.8,34.3,34.7,35.2,35.6,36.1,36.5,37.0,37.4,37.9,38.3,38.8,39.2,39.7,40.1,40.6,41.0,
Malaysia,MYS,,,,,,,,,,,,,,,,,,,,,,,,,,,,,,,86.2,86.7,87.2,87.8,88.3,88.8,89.3,89.8,90.2,90.7,91.2,91.6,92.1,92.5,92.9,93.4,93.8,94.2,94.6,95.0,95.4,95.7,95.9,96.0,96.0,96.0,
North America,NAC,,,,,,,,,,,,,,,,,,,,,,,,,,,,,,,99.5300536382,99.5300601955,99.6200113933,99.6199710264,99.6199234291,99.6198584727,99.7099215257,99.7099084007,99.709881644,99.7098530978,99.7098327078,99.8,99.8,99.8,99.8,99.8,99.890158494,99.8901568259,99.8901447208,99.8901208692,99.890096132,99.9801490342,99.9800713106,99.9799889486,99.9799244513,99.9799024025,
Namibia,NAM,,,,,,,,,,,,,,,,,,,,,,,,,,,,,,,24.0,24.2,24.6,24.9,25.3,25.7,26.0,26.4,26.7,27.1,27.4,27.8,28.3,28.8,29.3,29.8,30.3,30.8,31.3,31.7,32.2,32.7,33.1,33.6,34.0,34.4,
New Caledonia,NCL,,,,,,,,,,,,,,,,,,,,,,,,,,,,,,,100.0,100.0,100.0,100.0,100.0,100.0,100.0,100.0,100.0,100.0,100.0,100.0,100.0,100.0,100.0,100.0,100.0,100.0,100.0,100.0,100.0,100.0,100.0,100.0,100.0,100.0,
Niger,NER,,,,,,,,,,,,,,,,,,,,,,,,,,,,,,,3.9,4.2,4.4,4.7,5.0,5.2,5.5,5.8,6.0,6.3,6.6,6.8,7.1,7.4,7.7,7.9,8.2,8.5,8.8,9.1,9.5,9.8,10.1,10.5,10.8,10.9,
Nigeria,NGA,,,,,,,,,,,,,,,,,,,,,,,,,,,,,,,38.1,37.7,37.2,36.8,36.4,36.0,35.6,35.2,34.8,34.4,34.0,33.7,33.3,32.9,32.6,32.2,31.9,31.5,31.2,30.8,30.5,30.2,29.9,29.6,29.3,29.0,
Nicaragua,NIC,,,,,,,,,,,,,,,,,,,,,,,,,,,,,,,43.9,45.0,46.0,47.1,48.1,49.2,50.2,51.3,52.3,53.4,54.4,55.5,56.5,57.5,58.6,59.6,60.6,61.6,62.7,63.7,64.7,65.7,66.8,67.8,67.8,67.9,
Netherlands,NLD,,,,,,,,,,,,,,,,,,,,,,,,,,,,,,,98.3,98.2,98.2,98.2,98.2,98.2,98.1,98.1,98.1,98.1,98.1,98.0,98.0,98.0,97.9,97.9,97.9,97.9,97.8,97.8,97.8,97.8,97.8,97.8,97.7,97.7,
Norway,NOR,,,,,,,,,,,,,,,,,,,,,,,,,,,,,,,98.1,98.1,98.1,98.1,98.1,98.1,98.1,98.1,98.1,98.1,98.1,98.1,98.1,98.1,98.1,98.1,98.1,98.1,98.1,98.1,98.1,98.1,98.1,98.1,98.1,98.1,
Nepal,NPL,,,,,,,,,,,,,,,,,,,,,,,,,,,,,,,4.5,6.2,7.9,9.7,11.4,13.1,14.8,16.6,18.3,20.0,21.7,23.4,25.0,26.6,28.3,29.9,31.5,33.1,34.7,36.3,37.9,39.5,41.1,42.6,44.2,45.8,
Nauru,NRU,,,,,,,,,,,,,,,,,,,,,,,,,,,,,,,65.7,65.7,65.7,65.7,65.7,65.7,65.7,65.7,65.7,65.7,65.7,65.7,65.7,65.7,65.7,65.7,65.7,65.6,65.6,65.6,65.6,65.6,65.6,65.6,65.6,65.6,
New Zealand,NZL,,,,,,,,,,,,,,,,,,,,,,,,,,,,,,,,,,,,,,,,,,,,,,,,,,,,,,,,,
OECD members,OED,,,,,,,,,,,,,,,,,,,,,,,,,,,,,,,95.4657302829,95.5353496856,95.6483151995,95.733371599,95.8250839713,95.9198382092,95.715816408,95.7772283243,95.8643557727,95.9559051854,96.0553868889,96.2025933029,96.3280248573,96.4605762314,96.5690429062,96.6936171132,96.8420433519,96.959982933,97.0782769969,97.1905061174,97.30412803,97.4369716294,97.5469346249,97.6541078492,97.7561306727,97.7803941588,
Oman,OMN,,,,,,,,,,,,,,,,,,,,,,,,,,,,,,,81.8,82.4,83.1,83.7,84.0,84.8,85.7,86.5,87.3,88.2,89.0,89.8,90.7,91.5,92.4,93.3,94.2,95.0,95.9,96.7,96.7,96.7,96.7,96.7,96.7,96.7,
Other small states,OSS,,,,,,,,,,,,,,,,,,,,,,,,,,,,,,,,,64.7778451899,64.7991091904,55.5041357109,54.691660443,54.7866309871,54.9404937122,56.1863647749,56.4971711386,56.8348341109,57.1415202268,57.4768416762,57.8392120388,58.2635268052,58.7696193425,59.3637556817,60.0040283652,60.6591410979,61.2157528857,61.7198436388,62.1291795808,62.4452137327,62.7004912179,62.8509572574,62.9132339625,
Pakistan,PAK,,,,,,,,,,,,,,,,,,,,,,,,,,,,,,,23.7,23.8,24.0,24.1,26.0,27.8,29.6,31.4,33.2,35.0,36.9,38.7,40.5,42.3,44.1,45.9,47.6,49.4,51.2,53.0,54.8,56.5,58.3,60.0,61.8,63.5,
Panama,PAN,,,,,,,,,,,,,,,,,,,,,,,,,,,,,,,59.0,59.9,60.7,61.5,62.3,63.0,63.8,64.6,65.3,66.1,66.8,67.4,67.9,68.5,69.0,69.6,70.1,70.7,71.2,71.8,72.3,72.9,73.4,73.9,74.5,75.0,
Peru,PER,,,,,,,,,,,,,,,,,,,,,,,,,,,,,,,52.8,53.9,54.9,55.9,57.0,58.0,59.0,60.0,61.0,62.0,62.9,63.9,64.8,65.8,66.7,67.6,68.5,69.4,70.3,71.2,72.0,72.9,73.7,74.6,75.4,76.2,
Philippines,PHL,,,,,,,,,,,,,,,,,,,,,,,,,,,,,,,57.1,57.8,58.4,59.1,59.8,60.5,61.1,61.8,62.5,63.2,63.8,64.5,65.1,65.8,66.4,67.1,67.8,68.4,69.1,69.8,70.5,71.1,71.8,72.5,73.2,73.9,
Palau,PLW,,,,,,,,,,,,,,,,,,,,,,,,,,,,,,,46.5,50.1,53.7,57.3,60.9,64.5,67.7,71.0,74.3,77.6,81.0,84.8,88.5,92.1,95.6,98.0,99.3,100.0,100.0,100.0,100.0,100.0,100.0,100.0,100.0,100.0,
Papua New Guinea,PNG,,,,,,,,,,,,,,,,,,,,,,,,,,,,,,,20.2,20.1,20.0,19.9,19.8,19.7,19.6,19.5,19.4,19.3,19.2,19.2,19.1,19.1,19.1,19.1,19.1,19.0,19.0,19.0,19.0,18.9,18.9,18.9,18.9,18.9,
Poland,POL,,,,,,,,,,,,,,,,,,,,,,,,,,,,,,,,,,,,,87.0,87.0,87.0,87.0,87.0,87.8,88.5,89.2,89.9,90.6,91.3,92.1,92.8,93.5,94.3,95.0,95.7,96.5,97.2,97.2,
Pre-demographic dividend,PRE,,,,,,,,,,,,,,,,,,,,,,,,,,,,,,,23.5059642058,25.5734893737,25.6347118221,25.5768383028,25.6052758746,25.7107049055,25.8725583469,25.9730730223,26.1342006731,26.3132631364,26.4995082334,26.6888770375,26.8633607146,27.0524622715,27.2642644595,27.4541530711,27.669962117,27.8613630927,28.0830307857,28.2981991133,28.5409604595,28.5393155208,28.8801052469,29.1501143615,29.3248491523,29.7180102455,
Puerto Rico,PRI,,,,,,,,,,,,,,,,,,,,,,,,,,,,,,,99.3,99.3,99.3,99.3,99.3,99.3,99.3,99.3,99.3,99.3,99.3,99.3,99.3,99.3,99.3,99.3,99.3,99.3,99.3,99.3,99.3,99.3,99.3,99.3,99.3,99.3,
"Korea, Dem. Peopleâ€™s Rep.",PRK,,,,,,,,,,,,,,,,,,,,,,,,,,,,,,,,,53.3,53.3,53.3,53.3,53.3,55.2,57.1,59.0,60.9,62.8,64.7,66.6,68.5,70.4,72.3,74.2,76.1,78.0,79.9,81.8,81.8,81.9,81.9,81.9,
Portugal,PRT,,,,,,,,,,,,,,,,,,,,,,,,,,,,,,,92.8,93.2,93.5,93.9,94.2,94.5,94.9,95.2,95.5,95.8,96.2,96.5,96.8,97.1,97.3,97.6,97.9,98.2,98.5,98.7,99.0,99.2,99.5,99.6,99.7,99.7,
Paraguay,PRY,,,,,,,,,,,,,,,,,,,,,,,,,,,,,,,52.3,54.0,55.7,57.4,59.0,60.6,62.2,63.8,65.4,67.0,68.5,70.1,71.6,73.0,74.4,75.8,77.2,78.6,80.0,81.3,82.7,84.1,85.4,86.8,87.8,88.6,
West Bank and Gaza,PSE,,,,,,,,,,,,,,,,,,,,,,,,,,,,,,,,86.8,86.9,86.9,87.0,87.0,87.3,87.7,88.0,88.3,88.6,88.9,89.2,89.5,89.9,90.2,90.5,90.7,91.0,91.3,91.6,91.9,92.2,92.3,92.3,92.3,
Pacific island small states,PSS,,,,,,,,,,,,,,,,,,,,,,,,,,,,,,,60.1805645276,61.3487900254,59.4975559961,60.6099809442,61.7074246853,62.7975353405,63.8860671223,65.128675255,66.3023026544,67.5047413709,59.6067189486,60.4199141568,61.1823855274,61.9635673209,62.7134957238,63.4833480165,64.2337377449,65.0105546327,65.7953814049,66.527089001,67.2676564611,67.9752452667,68.04657174,67.9444711299,67.7821780423,67.7008171796,
Post-demographic dividend,PST,,,,,,,,,,,,,,,,,,,,,,,,,,,,,,,98.8314156287,98.850071048,98.8990814962,98.917324341,98.6853075756,98.7068302023,98.7542436778,98.7763340788,98.7967829247,98.8211424961,98.8465154217,98.8952505921,98.9240595668,98.9491435215,98.9693418694,98.9936660009,99.0460241587,99.069648437,99.0901655065,99.1107990469,99.1325781493,99.1809672947,99.2018886344,99.2115855619,99.2202001908,99.223986977,
French Polynesia,PYF,,,,,,,,,,,,,,,,,,,,,,,,,,,,,,,97.9,97.9,97.9,97.9,97.9,97.9,97.9,98.0,98.0,98.0,98.0,98.1,98.1,98.1,98.2,98.2,98.2,98.3,98.3,98.3,98.4,98.4,98.4,98.5,98.5,98.5,
Qatar,QAT,,,,,,,,,,,,,,,,,,,,,,,,,,,,,,,99.9,99.9,99.9,99.9,99.9,99.9,99.9,99.8,99.6,99.5,99.4,99.3,99.2,99.1,98.9,98.8,98.7,98.6,98.5,98.4,98.3,98.1,98.0,98.0,98.0,98.0,
Romania,ROU,,,,,,,,,,,,,,,,,,,,,,,,,,,,,,,70.4,71.0,71.4,71.7,72.0,72.3,72.6,72.9,73.2,73.5,73.8,74.1,74.4,74.8,75.2,75.6,75.9,76.3,76.7,77.1,77.5,77.9,78.3,78.6,79.0,79.1,
Russian Federation,RUS,,,,,,,,,,,,,,,,,,,,,,,,,,,,,,,72.7,72.7,72.7,72.6,72.6,72.6,72.6,72.5,72.5,72.5,72.5,72.4,72.4,72.4,72.4,72.4,72.3,72.3,72.3,72.3,72.3,72.3,72.2,72.2,72.2,72.2,
Rwanda,RWA,,,,,,,,,,,,,,,,,,,,,,,,,,,,,,,33.3,34.5,35.9,37.3,38.8,40.2,41.6,43.0,44.2,45.4,46.6,47.8,48.9,50.0,51.1,52.2,53.3,54.3,55.3,56.3,57.2,58.2,59.1,60.0,60.8,61.6,
South Asia,SAS,,,,,,,,,,,,,,,,,,,,,,,,,,,,,,,19.7574584676,20.0101790099,20.8647534385,21.7869455091,22.8791606173,23.9622444943,24.9748149023,26.0672953023,27.1591467134,28.166342016,29.2707613122,30.3626279142,31.4550805027,32.5362858351,33.6297200655,34.7105792172,35.7921825632,36.8720958649,37.9560109736,39.0420952751,40.0552024457,41.134996602,42.2196828423,43.3022972198,44.3838242427,44.7744810715,
Saudi Arabia,SAU,,,,,,,,,,,,,,,,,,,,,,,,,,,,,,,91.5,91.5,92.1,92.7,93.3,93.9,94.4,95.0,95.6,96.2,96.8,97.3,97.9,98.5,99.1,99.7,100.0,100.0,100.0,100.0,100.0,100.0,100.0,100.0,100.0,100.0,
Sudan,SDN,,,,,,,,,,,,,,,,,,,,,,,,,,,,,,,26.8,27.2,27.4,27.4,27.2,26.9,26.6,26.4,26.0,25.7,25.4,25.1,24.8,24.5,24.3,24.0,23.7,23.4,23.1,22.8,22.5,23.5,23.5,23.6,23.6,,
Senegal,SEN,,,,,,,,,,,,,,,,,,,,,,,,,,,,,,,35.5,36.0,36.5,37.0,37.4,37.9,38.4,38.9,39.3,39.8,40.3,40.7,41.2,41.7,42.1,42.6,43.1,43.6,44.1,44.6,45.1,45.6,46.1,46.6,47.1,47.6,
Singapore,SGP,,,,,,,,,,,,,,,,,,,,,,,,,,,,,,,99.2,99.2,99.3,99.3,99.4,99.4,99.5,99.5,99.6,99.6,99.7,99.8,99.8,99.9,99.9,100.0,100.0,100.0,100.0,100.0,100.0,100.0,100.0,100.0,100.0,100.0,
Solomon Islands,SLB,,,,,,,,,,,,,,,,,,,,,,,,,,,,,,,,,,,,,,,,,25.5,25.7,26.0,26.2,26.5,26.8,27.1,27.4,27.7,28.0,28.3,28.6,28.9,29.2,29.5,29.8,
Sierra Leone,SLE,,,,,,,,,,,,,,,,,,,,,,,,,,,,,,,10.1,10.2,10.4,10.5,10.6,10.7,10.8,11.0,11.1,11.2,11.3,11.5,11.6,11.7,11.8,11.9,12.1,12.2,12.3,12.5,12.6,12.7,12.8,13.0,13.1,13.3,
El Salvador,SLV,,,,,,,,,,,,,,,,,,,,,,,,,,,,,,,51.1,52.1,53.1,54.3,55.6,56.9,58.1,59.3,60.5,61.5,62.4,63.3,64.2,65.1,65.9,66.8,67.7,68.5,69.4,70.2,71.0,71.8,72.6,73.4,74.2,75.0,
San Marino,SMR,,,,,,,,,,,,,,,,,,,,,,,,,,,,,,,,,,,,,,,,,,,,,,,,,,,,,,,,,
Somalia,SOM,,,,,,,,,,,,,,,,,,,,,,,,,,,,,,,,,,21.2,21.3,21.4,21.5,21.6,21.7,21.8,21.8,21.9,22.0,22.1,22.3,22.4,22.6,22.7,22.9,23.1,23.3,23.5,,,,,
Serbia,SRB,,,,,,,,,,,,,,,,,,,,,,,,,,,,,,,96.8,96.8,96.8,96.9,96.9,96.9,96.9,96.9,96.9,96.9,96.9,96.9,96.8,96.8,96.8,96.7,96.7,96.7,96.6,96.6,96.6,96.5,96.5,96.5,96.5,96.4,
Sub-Saharan Africa (excluding high income),SSA,,,,,,,,,,,,,,,,,,,,,,,,,,,,,,,23.7782282768,23.8179156967,23.8982641892,23.9377148195,24.049030825,24.1716389487,24.3091594886,24.5513810071,24.818464867,25.1097657851,25.3922131641,25.6568661932,25.9232428279,26.2029835807,26.4882436274,26.7596877944,27.0602085061,27.338509053,27.644709819,27.9351823384,28.25059047,28.3602344122,28.748020811,29.0661220155,29.3238041888,29.7869049931,
South Sudan,SSD,,,,,,,,,,,,,,,,,,,,,,,,,,,,,,,,,,,,,,,,,,,,,,,,,,,,6.6,6.6,6.7,6.7,6.7,
Sub-Saharan Africa,SSF,,,,,,,,,,,,,,,,,,,,,,,,,,,,,,,23.7888494616,23.828367945,23.9084288663,23.947655568,24.058830251,24.1813005119,24.3186874969,24.5606948034,24.8276840943,25.1188892115,25.4011455095,25.6655455244,25.9319275882,26.2113143179,26.4962936901,26.7675317487,27.0679716399,27.3460736143,27.652205236,27.9424745042,28.2578541753,28.3670282533,28.7547515877,29.0727626349,29.330343049,29.7936307714,
Small states,SST,,,,,,,,,,,,,,,,,,,,,,,,,,,,,,,70.3634586605,70.5423617821,69.1526191822,69.290761565,62.547030461,61.9009384167,62.0176171132,62.1904979523,62.9734155501,63.250536018,63.0047950254,63.2727640368,63.5549437126,63.8579000284,64.1867775632,64.5752178384,65.015625479,65.4911764158,65.8786760646,66.2994282264,66.6834641419,66.9973779102,67.1348923553,67.2829712192,67.3408925736,67.3340612432,
Sao Tome and Principe,STP,,,,,,,,,,,,,,,,,,,,,,,,,,,,,,,,,,,18.1,18.2,18.3,18.4,18.6,19.7,20.9,22.1,23.3,24.5,25.7,26.9,28.1,29.4,30.6,31.8,33.0,34.3,34.4,34.5,34.6,34.7,
Suriname,SUR,,,,,,,,,,,,,,,,,,,,,,,,,,,,,,,,,,,81.1,81.1,81.1,81.1,81.2,81.0,80.9,80.8,80.7,80.6,80.5,80.3,80.2,80.0,79.9,79.7,79.6,79.4,79.3,79.2,79.2,79.2,
Slovak Republic,SVK,,,,,,,,,,,,,,,,,,,,,,,,,,,,,,,98.9,98.9,98.9,98.9,98.9,98.9,98.9,98.9,98.9,98.9,98.9,98.9,98.9,98.9,98.9,98.9,98.8,98.8,98.8,98.8,98.8,98.8,98.8,98.8,98.8,98.8,
Slovenia,SVN,,,,,,,,,,,,,,,,,,,,,,,,,,,,,,,99.1,99.1,99.1,99.1,99.1,99.1,99.1,99.1,99.1,99.1,99.1,99.1,99.1,99.1,99.1,99.1,99.1,99.1,99.1,99.1,99.1,99.1,99.1,99.1,99.1,99.1,
Sweden,SWE,,,,,,,,,,,,,,,,,,,,,,,,,,,,,,,99.3,99.3,99.3,99.3,99.3,99.3,99.3,99.3,99.3,99.3,99.3,99.3,99.3,99.3,99.3,99.3,99.3,99.3,99.3,99.3,99.3,99.3,99.3,99.3,99.3,99.3,
Swaziland,SWZ,,,,,,,,,,,,,,,,,,,,,,,,,,,,,,,48.5,48.5,48.5,48.5,49.0,49.5,50.0,50.4,50.9,51.4,51.8,52.3,52.7,53.2,53.7,54.1,54.6,55.1,55.6,56.0,56.5,57.0,57.5,57.5,57.5,57.5,
Sint Maarten (Dutch part),SXM,,,,,,,,,,,,,,,,,,,,,,,,,,,,,,,,,,,,,,,,,,,,,,,,,,,,,,,,,
Seychelles,SYC,,,,,,,,,,,,,,,,,,,,,,,,,,,,,,,98.4,98.4,98.4,98.4,98.4,98.4,98.4,98.4,98.4,98.4,98.4,98.4,98.4,98.4,98.4,98.4,98.4,98.4,98.4,98.4,98.4,98.4,98.4,98.4,98.4,98.4,
Syrian Arab Republic,SYR,,,,,,,,,,,,,,,,,,,,,,,,,,,,,,,84.5,84.6,84.6,84.7,84.7,85.4,86.0,86.7,87.4,88.0,88.6,89.3,89.9,90.5,91.1,91.7,92.3,92.9,93.5,94.0,94.6,95.2,95.7,95.7,95.7,95.7,
Turks and Caicos Islands,TCA,,,,,,,,,,,,,,,,,,,,,,,,,,,,,,,,,,,,81.4,81.4,81.4,81.4,81.4,81.4,81.4,81.4,81.4,81.4,81.4,81.4,81.4,,,,,,,,,
Chad,TCD,,,,,,,,,,,,,,,,,,,,,,,,,,,,,,,7.8,8.0,8.2,8.4,8.6,8.8,9.0,9.2,9.4,9.5,9.7,9.9,10.1,10.3,10.5,10.7,10.8,11.0,11.2,11.4,11.6,11.8,12.0,12.0,12.0,12.1,
East Asia & Pacific (IDA & IBRD countries),TEA,,,,,,,,,,,,,,,,,,,,,,,,,,,,,,,47.5275106589,48.730666805,49.8401521304,50.8824395888,51.8488884201,52.952266003,54.0489386972,55.1429509654,56.3057600358,57.4066563733,58.4946936347,59.6386879683,60.7898734674,61.9299425909,63.1297297169,64.2555966208,65.3802846421,66.4263880525,67.5449662572,68.6452007222,69.7517001608,70.7783909259,71.8726687689,72.858107014,73.90697866,74.7978318099,
Europe & Central Asia (IDA & IBRD countries),TEC,,,,,,,,,,,,,,,,,,,,,,,,,,,,,,,79.129847283,79.2397884484,79.4219480226,79.6812682593,81.3976739143,81.552928429,82.1813087077,82.3099218315,82.4750994049,82.6821290732,82.9291273499,83.1883387331,83.4899346448,83.8181812728,84.1162664585,84.4360929856,84.717184567,85.3044363371,85.5397859869,85.7933097602,86.0478625551,86.2832261155,86.4869693363,86.712502961,86.9424181327,87.0777481133,
Togo,TGO,,,,,,,,,,,,,,,,,,,,,,,,,,,,,,,11.6,11.6,11.5,11.5,11.5,11.5,11.5,11.4,11.4,11.4,11.4,11.4,11.4,11.4,11.4,11.4,11.4,11.4,11.5,11.5,11.5,11.5,11.5,11.6,11.6,11.6,
Thailand,THA,,,,,,,,,,,,,,,,,,,,,,,,,,,,,,,86.9,87.3,87.8,88.2,88.7,89.1,89.6,90.0,90.5,90.9,91.3,91.7,92.1,92.5,92.8,93.2,93.5,93.5,93.5,93.4,93.3,93.3,93.2,93.1,93.0,93.0,
Tajikistan,TJK,,,,,,,,,,,,,,,,,,,,,,,,,,,,,,,,,,89.5,89.5,89.5,89.5,89.5,89.8,90.1,90.4,90.7,91.1,91.4,91.7,92.1,92.4,92.7,93.0,93.4,93.7,94.0,94.4,94.7,95.0,95.0,
Turkmenistan,TKM,,,,,,,,,,,,,,,,,,,,,,,,,,,,,,,,,,,62.0,62.0,62.1,62.1,62.2,62.3,62.3,62.4,62.4,62.5,62.6,62.6,62.7,,,,,,,,,,
Latin America & the Caribbean (IDA & IBRD countries),TLA,,,,,,,,,,,,,,,,,,,,,,,,,,,,,,,66.6219620928,67.4365417817,68.194563418,68.973654242,69.7875021374,70.5452793432,71.247988978,72.018728323,72.7130205131,73.4484204748,74.1752848016,74.8228167747,75.4740169099,76.1297275896,76.7524425691,77.3954411412,77.9939109666,78.6173465696,79.2476959253,79.8278644745,80.43637379,81.0482519999,81.6150942132,82.1732080675,82.7049071065,82.8537655717,
Timor-Leste,TLS,,,,,,,,,,,,,,,,,,,,,,,,,,,,,,,,,,,,37.1,37.1,37.2,37.3,37.3,37.4,37.4,37.5,37.6,37.7,37.8,38.0,38.3,38.5,38.8,39.1,39.5,39.8,40.1,40.4,40.6,
Middle East & North Africa (IDA & IBRD countries),TMN,,,,,,,,,,,,,,,,,,,,,,,,,,,,,,,69.8009729387,70.5435569434,71.070045753,71.6283251845,72.4561920037,73.2622164826,74.1028497359,75.0421788235,76.0075840446,76.8776859195,77.7514876642,78.6666567708,79.4887279218,80.3495262075,81.2163038988,82.1063054253,82.9707144551,83.8133269906,84.6881569041,85.4353999117,85.9893048629,86.3669863399,86.660636913,89.5383166113,89.5798370847,89.6254037479,
Tonga,TON,,,,,,,,,,,,,,,,,,,,,,,,,,,,,,,94.4,94.2,94.1,94.0,93.8,93.7,93.5,93.4,93.2,93.1,93.0,92.8,92.7,92.5,92.4,92.3,92.1,92.0,91.8,91.7,91.6,91.4,91.3,91.1,91.0,91.0,
South Asia (IDA & IBRD),TSA,,,,,,,,,,,,,,,,,,,,,,,,,,,,,,,19.7574584676,20.0101790099,20.8647534385,21.7869455091,22.8791606173,23.9622444943,24.9748149023,26.0672953023,27.1591467134,28.166342016,29.2707613122,30.3626279142,31.4550805027,32.5362858351,33.6297200655,34.7105792172,35.7921825632,36.8720958649,37.9560109736,39.0420952751,40.0552024457,41.134996602,42.2196828423,43.3022972198,44.3838242427,44.7744810715,
Sub-Saharan Africa (IDA & IBRD countries),TSS,,,,,,,,,,,,,,,,,,,,,,,,,,,,,,,23.7888494616,23.828367945,23.9084288663,23.947655568,24.058830251,24.1813005119,24.3186874969,24.5606948034,24.8276840943,25.1188892115,25.4011455095,25.6655455244,25.9319275882,26.2113143179,26.4962936901,26.7675317487,27.0679716399,27.3460736143,27.652205236,27.9424745042,28.2578541753,28.3670282533,28.7547515877,29.0727626349,29.330343049,29.7936307714,
Trinidad and Tobago,TTO,,,,,,,,,,,,,,,,,,,,,,,,,,,,,,,89.9,90.0,90.1,90.2,90.2,90.3,90.4,90.5,90.5,90.6,90.7,90.8,90.8,90.9,91.0,91.1,91.1,91.2,91.3,91.4,91.4,91.5,91.5,91.5,91.5,91.5,
Tunisia,TUN,,,,,,,,,,,,,,,,,,,,,,,,,,,,,,,72.6,73.7,74.8,75.9,76.9,77.8,78.6,79.4,80.3,81.1,81.9,82.7,83.4,84.2,85.0,85.6,86.3,87.0,87.7,88.3,89.0,89.6,90.3,90.9,91.6,91.6,
Turkey,TUR,,,,,,,,,,,,,,,,,,,,,,,,,,,,,,,82.9,83.2,83.8,84.3,84.9,85.5,86.0,86.6,87.1,87.6,88.1,88.6,89.1,89.7,90.1,90.6,91.1,91.6,92.0,92.5,92.9,93.3,93.7,94.1,94.5,94.9,
Tuvalu,TUV,,,,,,,,,,,,,,,,,,,,,,,,,,,,,,,73.1,73.6,74.2,74.7,75.2,75.7,76.3,76.8,77.3,77.9,78.4,78.9,79.5,80.0,80.5,81.1,81.6,82.1,82.7,83.2,83.2,83.3,83.3,83.3,,,
Tanzania,TZA,,,,,,,,,,,,,,,,,,,,,,,,,,,,,,,6.5,6.8,7.0,7.3,7.5,7.8,8.1,8.4,8.7,9.0,9.3,9.6,9.9,10.2,10.6,11.0,11.4,11.8,12.2,12.6,13.1,13.6,14.0,14.5,15.0,15.6,
Uganda,UGA,,,,,,,,,,,,,,,,,,,,,,,,,,,,,,,13.2,13.5,13.7,13.9,14.2,14.4,14.6,14.9,15.1,15.3,15.6,15.8,16.0,16.3,16.5,16.8,17.0,17.3,17.5,17.8,18.0,18.3,18.5,18.8,19.0,19.1,
Ukraine,UKR,,,,,,,,,,,,,,,,,,,,,,,,,,,,,,,,,,,94.5,94.5,94.5,94.5,94.5,94.6,94.7,94.7,94.8,94.9,95.0,95.1,95.2,95.3,95.4,95.5,95.6,95.7,95.8,95.8,95.9,95.9,
Upper middle income,UMC,,,,,,,,,,,,,,,,,,,,,,,,,,,,,,,58.6213473906,59.5394313823,60.4035645063,61.2163682805,62.1368386638,63.0303778906,63.8661474303,64.7193734154,65.6495597894,66.512843265,67.3944927753,68.2899470747,69.1904526253,70.1024698802,71.049375212,71.9535248122,72.838594838,73.6902088851,74.5775169869,75.4542962556,76.3344517075,77.150616369,77.9902088308,78.7764583986,79.5904190249,80.2660467956,
Uruguay,URY,,,,,,,,,,,,,,,,,,,,,,,,,,,,,,,92.0,92.0,92.0,92.1,92.1,92.3,92.6,92.8,93.0,93.2,93.5,93.7,93.9,94.1,94.3,94.5,94.7,94.9,95.1,95.3,95.5,95.7,95.9,96.1,96.3,96.4,
United States,USA,,,,,,,,,,,,,,,,,,,,,,,,,,,,,,,99.5,99.5,99.6,99.6,99.6,99.6,99.7,99.7,99.7,99.7,99.7,99.8,99.8,99.8,99.8,99.8,99.9,99.9,99.9,99.9,99.9,100.0,100.0,100.0,100.0,100.0,
Uzbekistan,UZB,,,,,,,,,,,,,,,,,,,,,,,,,,,,,,,83.7,83.7,83.6,83.5,83.4,84.6,85.9,87.1,88.4,89.6,90.9,92.2,93.4,94.7,96.0,97.3,98.6,99.9,100.0,100.0,100.0,100.0,100.0,100.0,100.0,100.0,
St. Vincent and the Grenadines,VCT,,,,,,,,,,,,,,,,,,,,,,,,,,,,,,,63.2,64.2,65.2,66.2,67.2,68.2,69.2,70.2,71.2,72.2,73.2,74.2,75.1,76.1,76.1,76.1,76.1,76.1,,,,,,,,,
"Venezuela, RB",VEN,,,,,,,,,,,,,,,,,,,,,,,,,,,,,,,82.1,82.8,83.4,84.1,84.7,85.3,85.9,86.5,87.1,87.7,88.3,88.8,89.3,89.8,90.3,90.7,91.2,91.7,92.1,92.6,93.0,93.5,94.0,94.4,94.4,94.4,
British Virgin Islands,VGB,,,,,,,,,,,,,,,,,,,,,,,,,,,,,,,97.5,97.5,97.5,97.5,97.5,97.5,97.5,97.5,97.5,97.5,97.5,97.5,97.5,97.5,97.5,97.5,97.5,97.5,97.5,97.5,97.5,97.5,97.5,97.5,97.5,97.5,
Virgin Islands (U.S.),VIR,,,,,,,,,,,,,,,,,,,,,,,,,,,,,,,96.4,96.4,96.4,96.4,96.4,96.4,96.4,96.4,96.4,96.4,96.4,96.4,96.4,96.4,96.4,96.4,96.4,96.4,96.4,96.4,96.4,96.4,96.4,96.4,96.4,96.4,
Vietnam,VNM,,,,,,,,,,,,,,,,,,,,,,,,,,,,,,,36.2,37.9,39.6,41.2,42.9,44.6,46.2,47.9,49.5,51.2,52.9,54.6,56.3,58.0,59.7,61.4,63.0,64.7,66.4,68.1,69.7,71.4,73.1,74.7,76.3,78.0,
Vanuatu,VUT,,,,,,,,,,,,,,,,,,,,,,,,,,,,,,,,,35.4,35.5,35.5,35.6,35.7,37.2,38.7,40.2,41.7,43.1,44.6,46.1,47.6,49.1,50.5,52.0,53.5,54.9,56.4,57.8,57.9,57.9,57.9,57.9,
World,WLD,,,,,,,,,,,,,,,,,,,,,,,,,,,,,,,52.8966660134,53.2376393556,53.7478307296,54.2257601327,55.1288625869,55.6902492398,56.4340737486,57.0052412138,57.6162147649,58.1851556507,58.7839267464,59.3900313881,59.9943881651,60.6015844607,61.2287334506,61.8380103707,62.4513411074,63.0422154177,63.6577226191,64.2548218621,64.828863511,65.2989100993,65.9312854647,66.5034688252,67.026517836,67.5287448259,
Samoa,WSM,,,,,,,,,,,,,,,,,,,,,,,,,,,,,,,92.7,92.7,92.6,92.6,92.5,92.5,92.4,92.4,92.3,92.3,92.2,92.2,92.1,92.1,92.0,92.0,91.9,91.8,91.8,91.7,91.7,91.6,91.6,91.5,91.5,91.5,
Kosovo,XKX,,,,,,,,,,,,,,,,,,,,,,,,,,,,,,,,,,,,,,,,,,,,,,,,,,,,,,,,,
"Yemen, Rep.",YEM,,,,,,,,,,,,,,,,,,,,,,,,,,,,,,,23.7,25.3,26.9,28.5,30.1,31.6,33.2,34.7,36.3,37.8,39.4,41.0,42.5,44.1,45.7,47.3,48.8,50.4,52.0,52.3,52.7,53.0,53.3,,,,
South Africa,ZAF,,,,,,,,,,,,,,,,,,,,,,,,,,,,,,,51.4,51.5,51.6,52.3,53.1,53.8,54.5,55.1,55.8,56.5,57.2,57.8,58.5,59.2,59.8,60.4,61.1,61.7,62.3,62.9,63.5,64.1,64.7,65.3,65.8,66.4,
Zambia,ZMB,,,,,,,,,,,,,,,,,,,,,,,,,,,,,,,40.6,40.6,40.5,40.5,40.5,40.5,40.5,40.5,40.5,40.5,40.6,40.7,41.0,41.2,41.5,41.7,41.9,42.2,42.4,42.6,42.8,43.0,43.2,43.5,43.7,43.9,
Zimbabwe,ZWE,,,,,,,,,,,,,,,,,,,,,,,,,,,,,,,39.9,39.9,39.8,39.8,39.7,39.6,39.5,39.5,39.4,39.3,39.2,39.2,39.1,38.9,38.8,38.6,38.4,38.2,38.1,37.9,37.7,37.5,37.3,37.2,37.0,36.8,
