Country Name,Country Code,TechExp_1960,TechExp_1961,TechExp_1962,TechExp_1963,TechExp_1964,TechExp_1965,TechExp_1966,TechExp_1967,TechExp_1968,TechExp_1969,TechExp_1970,TechExp_1971,TechExp_1972,TechExp_1973,TechExp_1974,TechExp_1975,TechExp_1976,TechExp_1977,TechExp_1978,TechExp_1979,TechExp_1980,TechExp_1981,TechExp_1982,TechExp_1983,TechExp_1984,TechExp_1985,TechExp_1986,TechExp_1987,TechExp_1988,TechExp_1989,TechExp_1990,TechExp_1991,TechExp_1992,TechExp_1993,TechExp_1994,TechExp_1995,TechExp_1996,TechExp_1997,TechExp_1998,TechExp_1999,TechExp_2000,TechExp_2001,TechExp_2002,TechExp_2003,TechExp_2004,TechExp_2005,TechExp_2006,TechExp_2007,TechExp_2008,TechExp_2009,TechExp_2010,TechExp_2011,TechExp_2012,TechExp_2013,TechExp_2014,TechExp_2015,TechExp_2016
Aruba,ABW,,,,,,,,,,,,,,,,,,,,,,,,,,,,,,,,,,,,,,,,,,,,,,6.41437558254,,,,3.2138575422,3.29231347724,4.05265539839,10.2400979358,4.91572895384,5.44921110825,4.69476774169,
Afghanistan,AFG,,,,,,,,,,,,,,,,,,,,,,,,,,,,,,,,,,,,,,,,,,,,,,,,,,,,,,,,,
Angola,AGO,,,,,,,,,,,,,,,,,,,,,,,,,,,,,,,,,,,,,,,,,,,,,,,,,,,,,,,,,
Albania,ALB,,,,,,,,,,,,,,,,,,,,,,,,,,,,,,,,,,,,,0.179503227853,0.339874041349,0.761716062589,1.74455386513,0.697374879419,0.724100711308,0.699557264167,0.959974650011,0.991776724901,4.22269969691,6.16741493477,1.31430513179,3.46961564193,0.764653339194,0.89350924878,0.530148790877,0.443274093451,0.513330673282,0.120347981733,1.487346477,
Andorra,AND,,,,,,,,,,,,,,,,,,,,,,,,,,,,,,,,,,,,9.16474759829,13.5607245483,19.8012256021,12.8138865021,9.70343223954,10.9219683281,21.7966184565,16.9856774992,20.4767480059,26.6974231536,26.4016186858,15.3653892262,22.3118838491,13.9262134771,10.302109051,21.6180124062,16.7469272586,19.4440624189,22.0504795167,18.611335765,,
Arab World,ARB,,,,,,,,,,,,,,,,,,,,,,,,,,,,,,,,,1.27383726054,1.42932840951,3.22861362671,0.903992034373,1.13629893698,,1.81334339363,2.84914272412,1.72780328968,1.49437025589,1.41816353529,1.68364420777,1.17601136837,1.45419129371,1.35303412398,1.09938712432,1.57104237229,,,1.13060152499,2.09906107687,1.73742768435,3.32640061703,,
United Arab Emirates,ARE,,,,,,,,,,,,,,,,,,,,,,,,,,,,,,,,0.0264786378372,0.151992165621,0.0316455206676,,,,,,1.12098329514,0.708440058372,1.9650719445,,,,1.87148890209,,1.0703835679,3.20278543864,,,,3.71069131493,3.17757823107,8.46340885063,,
Argentina,ARG,,,,,,,,,,,,,,,,,,,,,,,,,,,,,,,,,7.95319101739,6.47917455111,4.75737050524,4.02028497994,5.59195718,5.07483159624,5.90945120887,8.10406311779,9.35185630558,9.26734447551,7.66904536724,8.89749476292,7.71902367797,6.82663003885,7.0541822198,6.59445029079,9.01736918632,8.68693306584,7.41858591273,7.07402144339,6.41577877147,7.25968019838,6.87639172295,9.00819985272,
Armenia,ARM,,,,,,,,,,,,,,,,,,,,,,,,,,,,,,,,,,,,,,5.50160759054,,2.28304231746,4.72662731923,10.3987265945,1.62244817133,1.40902707956,1.24611704634,0.619179418429,1.0803952442,0.875873520222,1.40588202628,2.18189877412,1.8486593723,2.59836231615,2.64941166759,2.88315023156,2.70033218674,5.27427739363,4.74233641383
American Samoa,ASM,,,,,,,,,,,,,,,,,,,,,,,,,,,,,,,,,,,,,,,,,,,,,,,,,,,,,,,,,
Antigua and Barbuda,ATG,,,,,,,,,,,,,,,,,,,,,,,,,,,,,,,,,,,,,,,,0.79211150042,0.0923911575598,,,,,0.780367566212,,0.0565125312328,,0.0,0.0,0.0,0.0,0.0,0.0,0.0,
Australia,AUS,,,,,,,,,,,,,,,,,,,,,,,,,,,,,7.07411970284,7.30144857236,8.06952862373,9.77794093168,10.4348473367,11.4808046941,14.0804552766,12.8551211596,12.0701137397,11.7296786982,11.4615024097,11.0908318173,15.3599446467,15.4885635586,16.519670867,13.6985186455,13.5333031679,12.7676281913,12.3183322073,10.2572137069,10.7883672863,11.9257581381,11.8668243457,13.0670969607,12.7295858229,12.9099946244,13.5987282005,13.5130644616,
Austria,AUT,,,,,,,,,,,,,,,,,,,,,,,,,,,,,8.00691180739,7.10648589297,7.87295921737,8.60114522046,8.41816757628,8.7790923706,10.0952262927,8.8459504489,8.87368479461,10.8995366186,10.9563401849,12.2696648321,14.597816698,14.609851363,16.3508087562,15.5315528531,16.1649776912,13.7429326785,13.33616014,11.3098105841,10.9961556804,11.6361692775,11.9055753938,11.6691799265,12.8366827512,13.7155506208,13.8805613897,13.3529676803,
Azerbaijan,AZE,,,,,,,,,,,,,,,,,,,,,,,,,,,,,,,,,,,,,2.22708864849,4.43397523375,13.6932366432,8.53754367245,4.589822663,8.84982807757,7.8958183124,5.14831695051,2.17736233547,1.05641286443,1.75004117746,3.39973312552,0.923285802067,0.983053092223,1.08392898833,1.34769012055,7.26848873238,13.423182226,7.00246909569,2.53386968097,
Burundi,BDI,,,,,,,,,,,,,,,,,,,,,,,,,,,,,,,,,,0.0405859136864,1.06341038635,0.196872990946,,,1.48859877276,0.331964263031,0.0293891693177,2.4131684758,22.3436241306,12.0886418855,5.87420027926,4.1927805619,3.13824595596,2.16469934893,7.51500086733,11.5369776704,8.49567485658,0.000246441978143,2.74734890378,0.284705615065,1.28347145259,3.49174225038,
Belgium,BEL,,,,,,,,,,,,,,,,,,,,,,,,,,,,,,,,,,,,,,,,9.1845392013,10.7311106219,10.9155247233,8.87881938165,8.94125460268,8.56083483216,8.86073056327,8.40397606852,7.51554282913,7.98386184902,10.4261156157,10.479162714,10.0050394931,11.3566099202,11.4875215608,12.8109517773,13.0228735261,
Benin,BEN,,,,,,,,,,,,,,,,,,,,,,,,,,,,,,,,,,,,,,,0.225206600017,1.28497003412,0.104314163795,0.138567304066,1.71039510693,0.120940186878,0.0586544769245,0.0994514066485,0.165676721359,0.844632448861,0.395744078599,1.0510616515,0.731122419769,0.427288090826,3.10458266333,1.22933518609,4.12637971495,0.940595798366,
Burkina Faso,BFA,,,,,,,,,,,,,,,,,,,,,,,,,,,,,,,,,,,,1.93086966927,6.14394337476,6.29676678481,3.39684902506,4.33470510948,3.17558516672,6.97916671244,2.08918665157,4.99486230534,11.3653069317,22.4762716994,,5.66952009205,0.676025451841,0.513097165946,7.80400790995,5.90104616739,8.20416123797,13.6787687706,10.6497824568,4.98216283557,
Bangladesh,BGD,,,,,,,,,,,,,,,,,,,,,,,,,,,,,,0.407667872408,0.483968406272,0.252819590297,0.187750145513,0.0182367161788,0.064091518709,0.0320086557874,0.0628371544163,0.00748076116198,0.0760744160065,,0.213022146745,0.182700196503,0.135246923584,0.251442820968,0.210449868077,0.324630911049,0.219801354082,1.15229815704,0.413314269993,0.263125028054,0.178823144751,0.174566157669,,,,,
Bulgaria,BGR,,,,,,,,,,,,,,,,,,,,,,,,,,,,,,,,,,,,,3.85844901105,3.7445379674,2.99657108123,2.92729881578,2.87184379672,2.89188299151,4.10723065663,4.43462004049,4.06254545205,4.77120176788,6.119406356,5.96936262003,6.55365055492,8.15013351883,7.91304815604,7.467038084,7.74577005333,7.96063588632,6.88225822262,7.64851304816,
Bahrain,BHR,,,,,,,,,,,,,,,,,,,,,,,,,,,,,,,,,,,1.10910871715,2.63250477806,4.39847891553,,,,0.0360571955668,0.00879629413585,0.00720736066365,0.115940632718,0.070899213965,0.0665598469369,0.0555026323729,0.0458604115523,2.52827613649,0.0296986264813,0.110260452133,0.152283226277,0.357658478174,0.590526411152,1.49274422242,0.959230358183,
"Bahamas, The",BHS,,,,,,,,,,,,,,,,,,,,,,,,,,,,,,,,,,,,,,0.0,26.9817505441,2.45383297295,6.80828549718,0.684347397417,3.0899541979,0.0,0.0,0.000416074822098,0.389315819148,0.000132022163141,0.0,3.27128879313e-05,0.00179611888454,0.0,0.0,0.0,0.0,0.0,
Bosnia and Herzegovina,BIH,,,,,,,,,,,,,,,,,,,,,,,,,,,,,,,,,,,,,,,,,,,,1.75654481928,1.88441993978,2.04056640622,2.16911067684,2.13857979065,4.14312749224,3.27653694476,2.5818115688,3.04308415338,2.46327262134,2.30130616145,2.39656652109,2.81892446777,2.61068663329
Belarus,BLR,,,,,,,,,,,,,,,,,,,,,,,,,,,,,,,,,,,,,,,3.75090564971,3.53959353049,3.82905452213,4.08289221654,4.2920156199,3.76001270793,2.84903745296,2.69663306751,2.79162435698,2.76756661975,2.43132592289,3.13221055403,3.03250101319,2.57172343835,2.88340390621,4.39974112155,3.9290165837,4.31492004393,4.69736922259
Belize,BLZ,,,,,,,,,,,,,,,,,,,,,,,,,,,,,,,,,0.0,0.0,0.00122946661656,0.0,0.0,0.0,0.0024597541454,2.64304978732,1.90436933263e-05,0.0163262415812,0.00778019059738,0.0697376765348,0.000271206073091,0.00992530997467,10.2070660125,0.0758090469667,0.105390595557,0.376772380794,,4.83828391521,,0.0,0.0,0.0,
Bermuda,BMU,,,,,,,,,,,,,,,,,,,,,,,,,,,,,,,,,,,,,,,,,,,,,,,,,,,,,7.26849483354,12.4082379398,27.7915229982,26.8315905,
Bolivia,BOL,,,,,,,,,,,,,,,,,,,,,,,,,,,,,,,,,6.77165990651,3.89759141609,4.36208199918,14.064965397,38.2101117526,8.04145288126,46.9596109444,55.2256729241,39.9911491127,13.5195967142,6.87833507876,7.89107068845,9.20774854272,8.93880014727,22.2992868637,4.67916878775,4.43448130723,4.93315521798,8.39757100372,13.2677501963,9.2239049181,9.43426423694,8.07419592397,6.45954348653,
Brazil,BRA,,,,,,,,,,,,,,,,,,,,,,,,,,,,,,6.2959779333,6.46087849336,5.2026528182,4.91760213184,3.95392092002,4.5959004678,4.88825562207,6.21331420941,7.53626361272,9.41068423339,13.172854667,18.7272598749,19.2461607295,16.5202990318,11.955995119,11.5927224253,12.8431484817,12.0764232711,11.8659413227,11.6469356522,13.1972778587,11.2076318528,9.72019416244,10.4927030694,9.63455019028,10.614990473,12.3050408206,
Barbados,BRB,,,,,,,,,,,,,,,,,,,,,,,,,,,,,,,,,20.4144556305,19.3760835857,20.0039783626,18.4348343514,15.334358704,17.7863178209,20.9674254074,25.2392586255,22.7147218972,21.3794534185,15.934611604,15.6287100853,15.9335650806,20.3482820214,18.0637186743,9.99249660514,4.27312534931,9.79947591608,12.1308650945,13.6876076023,12.0270792041,15.2660346715,16.4432838113,18.3473962142,24.3481458379
Brunei Darussalam,BRN,,,,,,,,,,,,,,,,,,,,,,,,,,,,,,,,,,,0.143313740829,,,5.48693635745,8.99905514085,,,3.44553297571e-05,0.00014150884507,0.000453825246084,6.04694002891,,6.46071813514,,,,,,12.7710657307,15.2422358229,7.76284470094,17.9347038278,
Bhutan,BTN,,,,,,,,,,,,,,,,,,,,,,,,,,,,,,,,,,,,,,,0.452829773516,,,,,,,4.1449333892,5.4866033673,0.751317631707,0.125439807856,0.21599273451,0.137310610163,8.75610682116e-05,0.0230299190869,,,,
Botswana,BWA,,,,,,,,,,,,,,,,,,,,,,,,,,,,,,,,,,,,,,,,,0.510234320739,0.2538294743,0.512387789266,0.449420996194,0.416845085636,0.439827418644,0.421133505761,0.430120440315,0.566611135386,0.924868482364,0.399678757504,0.868128660921,1.17445925132,0.375552002774,0.233371585117,0.632127017811,
Central African Republic,CAF,,,,,,,,,,,,,,,,,,,,,,,,,,,,,,,,,,0.893538539266,0.244925744208,0.456537281603,0.330858668743,0.370790447677,0.298927225491,0.157223778963,0.0826646949154,1.30008568783,0.0470324343452,0.113157249306,0.235889745313,0.0459986721422,0.252900304783,0.749160201122,0.058232880443,41.8374240351,17.1063988524,0.0325346322291,1.41330699942,0.0382645067965,,,
Canada,CAN,,,,,,,,,,,,,,,,,,,,,,,,,,,,,10.7914155787,12.0503516099,13.7559358158,15.9147325019,14.8962976831,13.9369809818,13.8122313829,14.9859286076,15.8291716627,15.5494326914,15.5595216756,14.9513806154,17.7294283526,17.4818316276,14.1928322123,13.7298732681,12.0937408756,13.084412994,13.3449958531,12.7522194517,13.600452569,16.2576727489,14.0465813696,13.4258208782,13.7835040876,14.0118526805,14.8364183494,13.831895428,12.9577375465
Central Europe and the Baltics,CEB,,,,,,,,,,,,,,,,,,,,,,,,,,,,,,,,,,3.51921768225,3.58644432741,4.27788486359,4.69069213178,6.79631651267,7.39654350972,8.2013194634,9.68258435526,9.40556591249,9.93978447075,9.98337296177,10.8958592844,10.4662486659,10.4297864627,9.56944320334,10.1303756815,11.3991535162,11.7378148255,11.4108755412,10.8678411341,10.6404250808,10.5585877751,10.2467125117,
Switzerland,CHE,,,,,,,,,,,,,,,,,,,,,,,,,,,,,16.0588534655,15.7716165159,15.5767170556,15.547761289,15.9293424052,15.6099065213,15.7729495103,17.1413534347,17.7751268006,18.0126354268,19.2912798921,21.8314163871,22.1898253439,23.059416794,23.9848562229,24.7449188518,24.3568429243,24.1746679661,23.9036143522,23.2740623555,24.3656451254,25.9835153311,25.3365982631,24.8550312646,25.75888504,26.5137543039,26.3986085527,26.8380552234,27.0827797855
Channel Islands,CHI,,,,,,,,,,,,,,,,,,,,,,,,,,,,,,,,,,,,,,,,,,,,,,,,,,,,,,,,,
Chile,CHL,,,,,,,,,,,,,,,,,,,,,,,,,,,,,,,4.68224730153,1.99152822117,2.3661654509,2.37942721118,2.14747047455,3.33968963505,3.66048991008,3.32784531585,3.67254968252,3.23902036986,3.40605031251,3.17811682965,3.77784426455,4.14021256639,5.37227749896,6.60913286173,6.3895548877,6.7850425031,5.8843941846,5.37251414234,5.49388181794,4.60465538425,4.64298399432,4.91249098399,6.17482880362,5.89868124888,6.96534046611
China,CHN,,,,,,,,,,,,,,,,,,,,,,,,,,,,,,,,,6.4350492623,7.09482489793,8.29180329195,10.4318146964,12.4171240396,13.1241800275,15.3563987971,17.1996039178,18.9843796993,20.9565152731,23.66571478,27.3792531524,30.0644587178,30.8435979902,30.5144315701,26.6623727519,25.5653110417,27.5340415762,27.5127042706,25.8079484046,26.2740073402,26.9654895174,25.3720115768,25.7536475511,
Cote d'Ivoire,CIV,,,,,,,,,,,,,,,,,,,,,,,,,,,,,,,,,,,,2.79725625169,1.92022919013,5.9949085911,4.46294511925,7.64787345863,2.86501236946,3.26176496437,2.39980900656,3.81237691069,13.2095600175,11.5525538355,14.1789013988,12.719221996,11.8598757868,8.22725180976,2.17158283948,15.0814678742,8.52317310111,1.34431318693,3.72122192959,4.78735302054,
Cameroon,CMR,,,,,,,,,,,,,,,,,,,,,,,,,,,,,,,3.18774713714,,,,,2.62888924535,1.75872256429,1.03481454321,,,1.38885381453,1.37644386254,1.05865204648,2.85943531922,2.06283639416,2.08242787752,2.54077512591,2.92912452896,1.96534360282,2.51690811922,4.86879673843,5.9034465391,3.74023219299,2.67403727418,4.91521224615,3.70926480271,
"Congo, Dem. Rep.",COD,,,,,,,,,,,,,,,,,,,,,,,,,,,,,,,,,,,,,,,,,,,,,,,,,,,,,,,,,
"Congo, Rep.",COG,,,,,,,,,,,,,,,,,,,,,,,,,,,,,,,,,,5.05045390128,16.0429697376,12.7670226365,,,,,,,,,,,,2.22109553343,4.32971511121,3.68261355331,3.73688466896,2.56030076297,2.82309542216,1.56765058167,1.98498516006,,
Colombia,COL,,,,,,,,,,,,,,,,,,,,,,,,,,,,,,,,5.22392084937,6.86188674126,5.86206415242,5.71005622264,6.67106059466,7.7434270626,8.02107313028,8.77684440802,8.18049149837,7.74042072885,7.21109046624,7.17301452013,6.61502342927,5.69438794153,4.99117474836,4.07588776257,2.90919707803,3.72376287728,5.22002165915,5.05631980898,4.32738499185,5.18998657396,7.39397658376,7.71173024339,9.48981375862,
Comoros,COM,,,,,,,,,,,,,,,,,,,,,,,,,,,,,,,,,,,,0.78233100634,0.0914377103177,4.73232300827,1.14705484903,,0.498572588803,2.1940161275,1.32383660937,25.2062661038,0.0763820107774,0.0747907516367,0.626740545558,,1.68778313318,9.28063211221,0.256841704591,5.17472965433,0.321442285558,0.118484821047,,,
Cabo Verde,CPV,,,,,,,,,,,,,,,,,,,,,,,,,,,,,,,,,,,,,,,3.55547284337,5.91020267814,0.815744884704,0.927467756941,0.0298114428748,,,0.00301148348617,0.0,0.0,,0.0,0.0,0.601738940926,0.0,0.0,0.00294880631697,0.0,
Costa Rica,CRI,,,,,,,,,,,,,,,,,,,,,,,,,,,,,,,,,,,5.67089876645,6.20108622597,4.20282766964,13.2031447898,43.7132297924,63.403673775,51.7138549193,36.3952248865,36.5818682796,44.8179439396,35.7148191996,38.0269224582,44.7199036926,45.3741540292,39.4262118107,44.1805068254,39.9723419498,40.8447637866,39.6132337074,43.3221170371,36.0495342202,16.8302724153,
Caribbean small states,CSS,,,,,,,,,,,,,,,,,,,,,,,,,,,,,,,,,,4.524804722,4.00003126391,3.75670691532,2.61678589625,2.22664426076,11.5952143147,4.89864273312,5.63827169961,4.97134718329,3.5128552111,1.9208364981,2.14052492612,2.70470348935,2.59823217186,2.44049755272,1.36748355687,2.00833504288,2.18136734586,,,,,,
Cuba,CUB,,,,,,,,,,,,,,,,,,,,,,,,,,,,,,,,,,,,,,,,23.0018642661,21.4300927969,29.5571300537,34.6433259082,17.3453462804,11.8272637052,18.3428365037,35.3472109208,,,,,,,,,,
Curacao,CUW,,,,,,,,,,,,,,,,,,,,,,,,,,,,,,,,,,,,,,,,,,,,,,,,,,,,,,,,,
Cayman Islands,CYM,,,,,,,,,,,,,,,,,,,,,,,,,,,,,,,,,,,,,,,,,,,,,,,,,,,,,,,,,
Cyprus,CYP,,,,,,,,,,,,,,,,,,,,,,,,,,,,,,3.620814415,4.44432874543,4.08783168085,4.12977239812,3.15824583448,3.43399582975,4.21174781065,5.2992558401,2.94459804912,3.2128542422,3.15207868203,1.67314813563,2.02840378533,1.79431177452,3.89327552636,8.57820724469,16.9717965069,22.7306039831,29.3718824734,30.4496644384,30.8564691491,36.8968259937,27.2908276095,13.0013729193,7.15268849192,6.22515698477,6.15305855276,
Czech Republic,CZE,,,,,,,,,,,,,,,,,,,,,,,,,,,,,,,,,,4.16367745196,4.65321627032,6.02568360429,7.53308324386,8.05960134155,8.51623011707,8.69123251927,8.48669167082,10.0527613947,14.549447506,13.5248830795,13.1913519617,12.9530378724,14.3195999963,13.2368760387,13.5565537257,14.5637476208,15.3031360879,16.279679419,16.0816986396,14.7877999922,14.9178521816,14.9043356934,13.9564237486
Germany,DEU,,,,,,,,,,,,,,,,,,,,,,,,,,,,,11.7525274621,12.3789598642,11.9963528382,13.0994100745,12.6639055385,13.4286113609,13.6374230848,13.7125196048,13.7675427911,14.6472768451,15.177895077,16.487601577,18.6258136595,18.3163750587,17.4520402468,16.900974773,17.8165365147,17.4225993358,17.1358988127,13.9948911613,13.3047185085,15.2587406088,15.2509904514,14.9635385638,15.9764857498,16.0800683208,16.002405621,16.6611459277,
Djibouti,DJI,,,,,,,,,,,,,,,,,,,,,,,,,,,,,,,,,,,,,,,,,,,,,,,,,,0.0815999002196,,,,,,,
Dominica,DMA,,,,,,,,,,,,,,,,,,,,,,,,,,,,,,,,,,1.78296656728,0.807039076625,1.70650531811,2.51215728721,6.09749444063,,4.35942189034,6.53468126441,6.38982918327,7.69190705312,7.21796654598,7.90489917886,7.48230457676,7.74128423538,6.18184016599,0.449232161885,0.0,0.0149701809958,,8.83478872183,,,,
Denmark,DNK,,,,,,,,,,,,,,,,,,,,,,,,,,,,,13.450608861,14.61325008,15.5367291204,15.0401811316,14.8345118141,15.1530590836,16.7832004691,15.9929651358,16.8884966662,18.4261859649,18.2287104302,19.9853287049,21.4365711641,20.8222780721,22.4563201224,20.1969610492,20.3124086387,19.6068233163,18.4472463403,16.9793492398,15.5759726396,17.5020208024,13.9370230041,13.7468207642,14.2161079727,14.3299354286,14.4205665622,15.9628968015,15.5673271889
Dominican Republic,DOM,,,,,,,,,,,,,,,,,,,,,,,,,,,,,,,,,,,,,0.259036130721,0.329375045347,,,,1.31660296508,4.05631922564,3.73855361908,4.01896385879,8.40370212296,5.65514920619,10.6451980593,3.73896172558,2.50688722108,2.34967852396,2.22633787367,2.74193064169,3.75752845091,3.72964282418,3.83071371274,
Algeria,DZA,,,,,,,,,,,,,,,,,,,,,,,,,,,,,,,,,1.26702112317,1.62105004255,0.816186620837,0.482299465029,0.36783870515,1.17093685127,0.892256190247,4.44239654129,4.16683343231,0.615530031794,1.05863088717,2.28679011861,1.04603270348,1.48461611832,1.62156078886,0.716136565964,0.656696365436,0.625863297717,0.504620348567,0.161139885473,0.130478689319,0.192235191397,0.156630406425,0.151223544674,
East Asia & Pacific (excluding high income),EAP,,,,,,,,,,,,,,,,,,,,,,,,,,,,,,,,,17.4692788827,18.4230871828,20.4909145533,22.5334183558,25.5570608228,27.4261906547,28.9846209885,31.3001889548,31.9947650921,30.8349230524,31.856418661,32.7040851807,33.3532414264,32.9474439224,32.1680129328,29.0897285065,26.3828781929,28.4242308973,27.4504288097,25.4882281733,26.0239858404,26.7362039833,25.700414545,25.9762198898,
Early-demographic dividend,EAR,,,,,,,,,,,,,,,,,,,,,,,,,,,,,,,,5.40132719786,5.8886182416,6.55639325843,7.53616521062,8.08655247184,10.4303626426,13.0134487273,12.6467710869,14.0232353153,13.6445278679,12.6502179325,12.23484233,11.5076428163,10.9143178424,9.62853236306,9.56473231031,8.97012727004,8.09116770935,9.59222972356,8.29987749506,7.54387067268,7.35894869276,7.71870934504,8.38405847167,9.09421281772,
East Asia & Pacific,EAS,,,,,,,,,,,,,,,,,,,,,,,,,,,,,,21.5313325885,22.1531977597,22.7999295107,21.5989041632,22.7395094161,24.592024386,26.9107543714,27.4297486278,28.6361408395,29.2265621782,31.1613182612,33.3209177957,30.9663581483,30.8567491545,30.3142842146,30.9921752632,30.842008119,30.5049120639,27.189370879,25.8560979017,27.3755355922,26.1149912097,24.1957105577,24.651752055,25.1540168665,24.23050675,24.5671764425,
Europe & Central Asia (excluding high income),ECA,,,,,,,,,,,,,,,,,,,,,,,,,,,,,,,,,,,,,6.50453387389,6.40616917755,7.0133008199,8.02690518416,27.9469799428,9.19443221832,11.2697947856,11.2918883391,8.39800359385,6.2161898408,6.65065983954,6.10948108814,6.22609015035,8.19671865812,8.77402362139,7.57183270341,8.29096566385,9.70959395934,10.1171257706,10.7033364114,
Europe & Central Asia,ECS,,,,,,,,,,,,,,,,,,,,,,,,,,,,,14.1443631668,14.2570035272,14.105742215,14.9289966371,14.6556608693,15.7993449714,15.7720411532,16.1642664882,16.1383003536,17.0532081433,17.9782451938,18.8817392383,21.8164649493,20.0336900814,18.9492314825,17.7079217393,17.2954210294,17.3421159116,17.6411949466,13.7419157953,13.3032007825,15.0402130908,15.165365942,14.6711011252,15.2332616581,15.6003464684,15.5312093992,16.8822062821,
Ecuador,ECU,,,,,,,,,,,,,,,,,,,,,,,,,,,,,,,0.319342187016,0.948887633369,3.4092866575,3.55306592226,3.62478061777,5.98492067142,4.33429400168,4.46685131342,4.48899227712,6.32260383241,5.61649451286,4.59621335269,6.64764700433,5.9845549116,7.36170322192,7.65857989289,7.87456878893,6.16789726142,4.18127617301,4.01953124682,8.42720362213,3.2286551157,2.47843358097,4.35649672773,4.90210087239,7.16919766112,
"Egypt, Arab Rep.",EGY,,,,,,,,,,,,,,,,,,,,,,,,,,,,,,,,,,,0.408099014698,0.535078464098,0.644084149528,0.274283277778,0.222071782364,0.266107647777,0.309977485557,0.903013999366,0.776960675749,0.532870973508,0.576914412965,0.402611520063,0.553999986227,0.19012640498,0.971248545317,0.835874211682,0.876451031859,0.951629975266,0.583528354786,0.518186450114,1.31014337285,0.783244918605,
Euro area,EMU,,,,,,,,,,,,,,,,,,,,,,,,,,,,,12.0433647027,12.4413346718,12.5984534287,13.6522352113,13.6959008715,14.9111137752,14.8620340589,15.1236588498,15.5297934658,16.4517845469,17.4416951251,18.1075307173,20.0042554014,19.2821482828,17.6330088385,17.0456058598,17.0823523573,17.2009947831,16.8037619212,13.8228276224,13.3470733508,14.915983098,15.049517491,14.5355069649,15.2658803258,15.4209593851,15.3968983177,17.1047926257,
Eritrea,ERI,,,,,,,,,,,,,,,,,,,,,,,,,,,,,,,,,,,,,,,,,0.0,0.0,,18.2138857685,,,,,,,,,,,,,
Spain,ESP,,,,,,,,,,,,,,,,,,,,,,,,,,,,,6.80300303581,6.90691853774,6.71762793399,7.80972751141,7.44537144943,8.30975046123,8.40185084373,7.27111893271,7.60405876391,7.00884465367,6.95735248328,7.86560938377,7.98652365595,7.76530097386,7.21659124688,7.48900423067,7.25923021007,7.26108649645,6.38245128503,5.10733161442,5.30598878259,6.23127691903,6.35735111793,6.46723106135,6.99275248391,7.66620816753,6.9970408482,7.14609936902,
Estonia,EST,,,,,,,,,,,,,,,,,,,,,,,,,,,,,,,,,,,,6.19899915956,8.84811463257,9.13126292451,11.6982010702,13.4989041443,29.9304492999,19.2810436803,11.8643123896,12.6571049575,13.9956580142,14.6600217683,12.6282608812,5.80162167646,5.40150819167,5.67978500857,9.26532011168,13.3876517551,10.7513622238,10.5469302296,11.4398894044,11.3969724133,10.5079895379
Ethiopia,ETH,,,,,,,,,,,,,,,,,,,,,,,,,,,,,,,,,,,,0.31752135393,,0.336564551663,0.21290374877,0.190136730659,0.132223949469,0.133010542185,0.126402978109,0.213182418943,16.3219122083,1.45223645546,0.425913750936,2.5256164995,2.62420024509,3.08919046425,2.73715403811,2.01443818642,2.44600119481,2.36551737357,8.09642964089,4.00331780154,
European Union,EUU,,,,,,,,,,,,,,,,,,,,,,,,,,,,,14.0478604765,14.4341020239,14.282831603,15.2304983121,14.8648965441,16.0977049026,16.0566965053,16.4236470637,16.8017807864,17.8593869551,18.7474616524,19.5009517012,21.4047624718,20.7652719138,19.2640253723,17.9213162233,17.7810693826,18.1990487431,18.5806085514,14.128085866,13.694449102,15.2757923539,15.4261420844,15.0137210412,15.550800826,15.63927585,15.4690868661,16.8612216728,
Fragile and conflict affected situations,FCS,,,,,,,,,,,,,,,,,,,,,,,,,,,,,,,,,,,,,,,,,,,,,,,,,,,,2.78255016059,,,,,
Finland,FIN,,,,,,,,,,,,,,,,,,,,,,,,,,,,,5.38730854019,6.90463635901,7.5494984645,7.21120217912,9.1408086704,11.1491795804,13.1095061382,14.6967692368,16.3353054514,19.2186763005,21.9961948645,23.7975429169,27.3610438724,24.3574600398,24.1491897865,23.7417922671,20.9250490151,25.0642690917,22.3083282901,17.9783878473,17.2082272133,13.9584205503,10.9405746979,9.2721492702,8.54567089298,7.21447168786,7.86140087175,8.72707485875,
Fiji,FJI,,,,,,,,,,,,,,,,,,,,,,,,,,,,,,0.0506890913411,11.5891385189,0.78508801803,9.54307549628,0.903471073031,0.950362752701,,,,,,0.333878321601,2.46688268932,1.40535101473,1.21833998304,1.14711761153,3.11400205692,2.4271633176,4.4050803343,3.08045567489,4.47874966678,3.3971805254,3.53758477272,2.05307060358,2.21538620329,2.07843118247,2.29261018227,
France,FRA,,,,,,,,,,,,,,,,,,,,,,,,,,,,,15.9264224167,15.9894900537,16.6845380854,18.6873607846,18.4427167774,19.1436723352,18.6842003723,19.184827552,18.8940181457,21.1915019218,22.2693568051,22.8238231268,24.6033114544,23.4879302382,21.4769391067,19.7205367158,19.7555471104,20.265579607,21.4624230029,18.4780460197,19.9704506506,22.6407050145,24.9152792697,23.7146292044,25.3667828017,25.8966650308,26.0927856598,26.847246957,
Faroe Islands,FRO,,,,,,,,,,,,,,,,,,,,,,,,,,,,,,,0.0601546637296,0.0919733314635,,0.734163136422,1.65493526014,,0.0448773020149,0.458640180055,0.988281528679,0.324533033422,0.0970111595132,0.520898426282,0.0872620323065,0.205381661459,0.154555741265,0.135433176223,0.840060764142,0.479431194438,4.79403386057,0.616888403212,,,,,,,
"Micronesia, Fed. Sts.",FSM,,,,,,,,,,,,,,,,,,,,,,,,,,,,,,,,,,,,,,,,,,,,,,,,,,,,,,,,,
Gabon,GAB,,,,,,,,,,,,,,,,,,,,,,,,,,,,,,,,,,44.5753664545,35.2019145567,,27.2582357935,25.3649175193,39.7699951721,39.852827169,5.19428557428,2.63171343591,4.42244696137,4.78024039396,13.7981182693,10.9025394435,32.0555968806,18.2126610432,17.4017234638,2.9977166642,,,,,,,
United Kingdom,GBR,,,,,,,,,,,,,,,,,,,,,,,,,,,,,24.7407918952,25.2016518846,23.6093713571,24.6532668117,23.5924926669,25.9658493443,25.7035724788,27.0330454064,26.6894694121,27.0924543669,28.6815625522,29.9183739751,32.3532433065,34.0191995331,31.6213888177,26.2208885886,24.4652657888,27.9638731644,33.8543146113,18.6603465672,18.4634529952,20.0149130779,21.0135204824,21.3926592298,21.7393782183,21.8645381711,20.6471665842,20.8121555996,21.8385244408
Georgia,GEO,,,,,,,,,,,,,,,,,,,,,,,,,,,,,,,,,,,,,1.61498029794,2.49379601865,4.58484305328,23.8864140675,10.8504652571,38.1431033469,41.099377922,24.6503725022,38.2504683077,22.585512288,16.4662610724,7.48733819494,2.68785318365,3.94824379876,1.86129196706,1.34922644471,2.38740535693,2.397734369,3.01949833502,5.56707700095,
Ghana,GHA,,,,,,,,,,,,,,,,,,,,,,,,,,,,,,,,,2.19221109362,,,,0.36271280175,0.490899875774,0.573909484981,13.584308009,1.92412261593,2.61508267051,,3.6832537602,,0.196765173751,0.179617760826,1.05180920995,1.42970472932,3.66291816329,2.00434365605,1.65200508092,7.38535178647,4.88263200942,,,
Gibraltar,GIB,,,,,,,,,,,,,,,,,,,,,,,,,,,,,,,,,,,,,,,,,,,,,,,,,,,,,,,,,
Guinea,GIN,,,,,,,,,,,,,,,,,,,,,,,,,,,,,,,,,,,,0.095979871546,0.0656553199195,0.0553855900064,0.0738535082234,0.00934459866352,0.095429159273,0.326896180082,0.00095838887587,,0.282864928113,0.218509470996,0.127097791081,0.251229670448,0.117730554594,,,,,2.17550174603,4.86238389163,0.956637361952,
"Gambia, The",GMB,,,,,,,,,,,,,,,,,,,,,,,,,,,,,,,,,,,,6.17116881618,4.33885845749,4.82963104485,18.7025522245,2.14331368811,0.383308377193,64.3652799032,4.09630659429,1.07746204749,1.65961574516,0.260920463903,0.337458313325,2.42359396921,2.49569556559,0.0,0.645751080598,4.24156664561,0.179299498663,7.32119457442,0.0,,
Guinea-Bissau,GNB,,,,,,,,,,,,,,,,,,,,,,,,,,,,,,,,,,,,,,,,,,,,,3.93305745779,,,,,,,,,,,,
Equatorial Guinea,GNQ,,,,,,,,,,,,,,,,,,,,,,,,,,,,,,,,,,,,,,,,,,,,,,,,,,,,,,,,,
Greece,GRC,,,,,,,,,,,,,,,,,,,,,,,,,,,,,2.42225649918,1.99232228714,2.3930039143,2.87735439214,2.29031808262,3.61474811474,3.78767940077,5.81237250008,6.01930701277,5.79154059376,8.47573189225,10.1997931274,13.7493762679,10.2555897941,12.0013371153,12.5677314207,11.8496963609,10.578542618,10.964144242,7.36573911092,9.20563113517,10.6127573532,10.0971206236,9.75326912645,9.07445824224,7.53790985624,10.3159710085,10.986795492,11.4617067562
Grenada,GRD,,,,,,,,,,,,,,,,,,,,,,,,,,,,,,,,,,4.35366734579,0.662703915145,0.576332367515,0.0,3.19894693027,36.0853362959,0.0524599189811,30.1087536765,28.2961040255,8.28684918836,1.02333304973,0.483537021211,0.111332284212,0.0246745080494,39.5624343245,11.0568104808,,,,,,,,
Greenland,GRL,,,,,,,,,,,,,,,,,,,,,,,,,,,,,14.9974180595,21.9893946327,10.4303425603,5.61863100558,6.06314082204,7.08496380182,,7.23198327813,9.85590832339,62.2389078928,11.6509101507,11.1963115015,37.3151547945,4.45110803383,55.091423648,9.32875910646,2.99589147654,7.35686258288,5.85170165853,13.6251225279,4.09129367094,1.42821733168,45.9506547995,7.95516440287,45.7556556826,8.04630966496,4.36130539195,11.9967389045,
Guatemala,GTM,,,,,,,,,,,,,,,,,,,,,,,,,,,,,,,,,,6.26532489579,7.29194759855,9.51335329239,9.15087413332,9.09706042192,7.17502327029,8.51362935215,7.94079179691,7.61797369541,8.49797159971,7.48940861658,7.31791147154,3.38003194456,3.44156022304,3.56443433285,4.20276909707,4.59052842156,5.68367134615,4.42745303682,4.68906543162,4.74238086802,4.96363015146,5.01930041062,
Guam,GUM,,,,,,,,,,,,,,,,,,,,,,,,,,,,,,,,,,,,,,,,,,,,,,,,,,,,,,,,,
Guyana,GUY,,,,,,,,,,,,,,,,,,,,,,,,,,,,,,,,,,,,,,1.53073861854,1.73369523664,1.71165983746,1.95559194623,1.62620553172,7.21402725089,0.693946495185,0.335144602078,0.19259600184,0.285634117509,0.265552154898,0.110721162093,0.0410169200527,0.188768521343,0.262044277014,0.122321807542,0.295031675386,0.216736803708,0.0607176143879,
High income,HIC,,,,,,,,,,,,,,,,,,,,,,,,,,,,,15.1460692637,19.010020041,18.8868283307,19.4304774324,19.2456389432,20.2025228516,20.5870220104,21.1204750569,21.3705658873,22.7457656857,23.1718719071,23.9624753324,25.6194051526,24.113263269,23.0388397476,21.6179974481,21.4285668969,21.3278118502,21.6149858604,17.696201128,17.2031108643,18.3781070273,17.7270595762,16.7045353232,17.0238232307,16.8239080075,16.8671574418,18.4485116465,
"Hong Kong SAR, China",HKG,,,,,,,,,,,,,,,,,,,,,,,,,,,,,,,,,16.7002375896,17.0717663657,18.4422356582,20.565711594,19.3950149445,21.1054864431,21.056267714,21.0571812699,23.4070026292,19.7844136225,16.9807545445,12.6796007648,14.3520937445,15.5996374978,11.3636200945,11.5172072062,11.2530570592,14.7089504407,16.1001086612,13.7070899784,16.1774504031,12.2490608957,9.85112798187,10.7057085083,12.1212344743
Honduras,HND,,,,,,,,,,,,,,,,,,,,,,,,,,,,,,,,,,1.44470745883,1.96020207401,2.77998780506,3.27121029665,1.49921952277,2.62789524474,3.38680703776,0.444344710684,0.200956460502,1.87256535296,1.01216906266,1.4765496626,6.25374565831,1.27343783156,1.43020456903,,2.26287573896,2.58205688499,1.63210845574,2.44725363765,,2.41895953076,,
Heavily indebted poor countries (HIPC),HPC,,,,,,,,,,,,,,,,,,,,,,,,,,,,,,,,,,,,,4.98586741482,4.24288318513,6.99137596276,9.23948907355,4.87384505652,3.35370539948,3.56040763719,3.37522510559,5.56503585208,5.96391132198,7.13690032735,4.73531280017,3.89242467921,4.82373392775,3.16117903508,8.46584554371,6.47341918568,4.73437118781,4.6059098095,,
Croatia,HRV,,,,,,,,,,,,,,,,,,,,,,,,,,,,,,,,,5.50430258368,4.91229288941,5.23355956596,6.11803529462,7.62857019372,9.55659337821,7.85679062963,8.27643639625,8.68144052298,10.2548012482,12.1519509644,12.2458981243,13.0155611505,11.3954166724,9.85338954408,8.2084481994,8.3544922036,9.75683899143,9.15010222943,7.5567068814,9.90947785638,10.2170227259,8.42515689014,8.9804813057,
Haiti,HTI,,,,,,,,,,,,,,,,,,,,,,,,,,,,,7.13875275967,2.74358497369,13.8153499691,13.7901396944,5.90524046717,3.95779919512,2.06445708711,1.58328467336,4.79199681677,3.54342351627,,,,,,,,,,,,,,,,,,,
Hungary,HUN,,,,,,,,,,,,,,,,,,,,,,,,,,,,,,,,,4.15397896021,5.651729652,5.17878147687,6.93147769618,5.7900235823,18.0956454314,20.6448023091,22.668811329,26.5342860911,24.2319073035,24.9334386734,25.7553858292,29.0528047241,25.8274870845,24.1185885128,23.7926556313,23.3043146071,24.9381933747,24.0674512057,22.7316803744,18.0897108788,16.3424835996,13.7085085958,,
IBRD only,IBD,,,,,,,,,,,,,,,,,,,,,,,,,,,,,,,,,,10.7989894373,12.0030314768,13.0586466145,14.1481091384,14.9888684963,16.3962388895,18.34157491,22.330690868,18.5109724448,19.2807290948,19.5835362729,19.1406660064,18.4040941358,18.4398475468,17.2934445677,15.4894097494,17.7040413411,16.9266767726,15.6236864396,16.603862039,17.5595386602,17.7667599414,18.3268990006,
IDA & IBRD total,IBT,,,,,,,,,,,,,,,,,,,,,,,,,,,,,,,,,,,11.8171234878,12.5807315717,13.5504192581,14.3703480609,15.8098110312,17.8407157987,21.2223472679,17.6066828376,18.3670570733,18.7180500238,18.6297298931,17.8874192935,17.7908621083,16.6269534312,14.913290668,17.0592173188,16.2312395518,15.0501939576,15.9876345866,16.99585702,17.1926512745,17.9799013982,
IDA total,IDA,,,,,,,,,,,,,,,,,,,,,,,,,,,,,,,,,,,,,1.89755871317,2.3827386944,3.56817680597,,2.3679460616,2.45180998447,2.07502062064,2.81026345625,,,4.79469007853,2.60345906388,1.95570545933,3.02149834705,1.76593920677,3.5243574635,3.42886114138,3.33851414056,3.13789878841,,
IDA blend,IDB,,,,,,,,,,,,,,,,,,,,,,,,,,,,,,,,,,,,,1.68909477529,1.62813677246,4.13846431371,6.41383677486,2.0151657479,3.12337102216,2.09397931726,3.6430184241,,,5.94326706381,1.97139902281,1.5179514779,2.64292755756,1.83798816412,1.58952862854,2.07597054204,2.96105753596,2.80409786266,,
Indonesia,IDN,,,,,,,,,,,,,,,,,,,,,,,,,,,,,,1.45487216996,1.59289692237,1.89848772205,3.07287824543,4.53873167543,6.65150584693,7.34159059557,8.96079857875,11.5880768805,10.3691016886,10.3725383181,16.3736278945,14.1783336066,16.6700261646,14.7789429197,16.3909442411,16.5489201578,13.469933495,11.002179239,10.9027720271,12.8744760763,9.77916665679,8.33049738535,7.29532066955,7.05271526189,6.97229924915,6.62895717823,
IDA only,IDX,,,,,,,,,,,,,,,,,,,,,,,,,,,,,,,,,,,,,,,3.0370667492,,2.76879927619,1.81914228916,2.05670946498,1.972521641,3.43529126128,3.72345716284,3.45324874066,3.26131337822,,3.40856889096,1.67095432366,6.01945814581,,,,,
Isle of Man,IMN,,,,,,,,,,,,,,,,,,,,,,,,,,,,,,,,,,,,,,,,,,,,,,,,,,,,,,,,,
India,IND,,,,,,,,,,,,,,,,,,,,,,,,,,,,,4.0686995188,4.2006193336,3.94348119213,4.69285561253,4.04694771938,4.24877870907,4.78351976384,5.80488103163,6.87211297851,6.53826788353,5.61951693261,5.74212927672,6.25554922806,6.97022930324,6.23780301145,5.94771749347,5.99807028115,5.8038030525,6.0724032239,6.40329033083,6.77773319061,9.09372444878,7.18054875539,6.87079929956,6.63225648619,8.07393985306,8.58625988057,7.5177580469,
Not classified,INX,,,,,,,,,,,,,,,,,,,,,,,,,,,,,,,,,,,,,,,,,,,,,,,,,,,,,,,,,
Ireland,IRL,,,,,,,,,,,,,,,,,,,,,,,,,,,,,42.3419941404,43.5834112337,41.1373715963,38.3801107769,36.5895121421,40.1466368838,40.864458606,45.9573834753,46.7670312963,46.4553076427,44.4314502219,47.0723677134,47.8398923221,47.6319453999,40.7981913131,34.674513838,34.0429387576,34.733740071,34.527140057,27.2576293847,25.7263423429,24.2600935482,21.2290455487,21.7076197702,22.5160015541,22.4247889439,21.3264400616,26.7646748269,29.7700123169
"Iran, Islamic Rep.",IRN,,,,,,,,,,,,,,,,,,,,,,,,,,,,,,,,,,,,,,0.147038477467,0.238673642984,0.348300962754,0.607823087761,1.11027947316,1.53494970832,1.66733292089,1.86453536539,2.48709305867,6.3073920872,,,,4.45819739236,4.11637211435,,,,,
Iraq,IRQ,,,,,,,,,,,,,,,,,,,,,,,,,,,,,,,,,,,,,,,,,,,,,,,,,,,,0.0777578596986,,,,,
Iceland,ISL,,,,,,,,,,,,,,,,,,,,,,,,,,,,,27.6992148323,5.34083099315,10.0125413763,1.94731779272,3.71824344528,4.3479140665,21.1336806977,16.5320378822,19.9182460047,19.9348297127,20.4508384663,16.6090996231,12.8553873298,10.1048645853,12.0054283847,13.6423368911,14.0417646428,33.9682792089,46.8804728552,60.6634616917,40.7482815076,31.4459807069,21.0009364112,20.8593167816,14.3277011102,15.4748332487,16.9375122246,19.9016127461,23.2478962473
Israel,ISR,,,,,,,,,,,,,,,,,,,,,,,,,,,,,9.93259010261,10.6867001866,10.6533169039,11.2548444334,11.6973980103,11.9824133832,13.0221087979,16.0186470339,17.0431994677,18.5494688173,19.7918727428,19.290204938,19.3517236216,18.6398730783,15.5038864157,16.8470566063,16.8520912245,14.025003867,14.5062150582,7.47995125928,11.1154635546,17.6232548027,14.663213634,13.9800324987,15.8456987514,15.6053223943,16.0127869869,19.6631932205,
Italy,ITA,,,,,,,,,,,,,,,,,,,,,,,,,,,,,7.20783305491,7.24386156478,7.7921617603,8.19795564892,8.55382826279,8.57960066855,8.37735497176,8.13017568144,7.89512843716,7.61418747723,8.09408613703,8.28327032091,9.47650720467,9.56415396744,9.19075920873,8.02563061664,8.03739050174,7.98052964492,7.33480739225,6.26434209498,6.40488128887,7.46891018935,7.24313347172,7.3662026981,7.07124785535,7.24438405126,7.23986317105,,
Jamaica,JAM,,,,,,,,,,,,,,,,,,,,,,,,,,,,,,,,0.125514547094,0.12619068865,0.0740430548315,0.0498574236274,0.0344013060702,0.0465068666993,0.0539455078933,0.0791777647934,0.0392211653063,0.0589529079351,0.0313713538631,0.146368370802,0.0480437801188,0.12433986161,0.0881989994499,0.113818805511,0.204570029779,0.431792941911,0.51478351265,0.570252503031,0.639070214392,0.626373005364,0.666527850117,0.556905478745,0.085597605737,
Jordan,JOR,,,,,,,,,,,,,,,,,,,,,,,,,,,,,,0.213474688196,1.59148556416,2.81358139813,1.05929497965,1.55356285393,7.87646543526,4.33264605035,,5.69624359432,1.96421243802,5.71285665609,8.04291480118,7.04656223201,4.15946408916,1.78206781342,1.90431515158,1.38565777243,1.23069784808,1.12756016002,0.916781394214,1.41337474031,2.86199389683,2.51302825584,2.25436377611,1.59560638586,1.55239063941,1.81774298515,
Japan,JPN,,,,,,,,,,,,,,,,,,,,,,,,,,,,,23.9288037556,24.5574225436,24.2404987268,24.2464694358,24.0697925116,24.5931605302,25.5459389563,26.5465433932,26.1483341261,26.4051261077,26.1522266518,26.6493704671,28.6886682988,26.5954951564,24.7755590548,24.4280469669,24.1043232873,22.9811544447,22.0569557373,18.4078133631,17.314338097,18.7584711155,17.9727832934,17.4594108402,17.4047867308,16.7842941109,16.6888237189,16.7820615846,16.4865312099
Kazakhstan,KAZ,,,,,,,,,,,,,,,,,,,,,,,,,,,,,,,,,,,,4.46463235043,5.1727351815,5.45491115287,7.74026319158,8.84090186641,414.254027888,3.23861479718,11.2406905225,8.72816345216,8.79618294157,11.29115237,20.8595578111,21.4479262273,21.926476849,29.9427884593,34.1585957208,24.673447868,29.9701873451,36.7011551362,37.172472976,41.1905083628,
Kenya,KEN,,,,,,,,,,,,,,,,,,,,,,,,,,,,,,,4.03288514969,3.03144630073,1.57790858865,2.35385186717,3.39916847443,3.5852919149,4.0386023547,4.43017527947,4.49827754606,3.27885764475,3.87952651853,4.9387982396,10.5691834401,3.59817838735,3.204365705,2.8993978406,3.24174680932,5.50938514134,4.15033990259,5.31063616602,5.69921615384,,,3.75860415021,,,
Kyrgyz Republic,KGZ,,,,,,,,,,,,,,,,,,,,,,,,,,,,,,,,,,,,7.87692941371,15.4440052448,,10.7624520682,3.48255564516,14.780453445,16.0397381232,5.71453873671,1.96107155918,9.29389299723,1.84294109414,2.87616744558,2.15327384711,3.04520763543,4.94169091118,0.977565978968,3.0133053168,4.63650382165,5.28717548008,,11.8620410075,
Cambodia,KHM,,,,,,,,,,,,,,,,,,,,,,,,,,,,,,,,,,,,,,,,,0.0824655877435,0.0668840015155,0.17548973424,0.344233418633,0.154683181924,0.120820122889,0.0282818576929,0.0431903237295,0.0770552971656,0.177519817064,0.0875054893781,0.0819569463911,0.128077669641,0.258766468833,0.500457678208,0.759983540557,
Kiribati,KIR,,,,,,,,,,,,,,,,,,,,,,,,,,,,,,,,,,,,,,,,,,,,,,,,0.847974130948,11.664286367,33.8471887168,42.7207074786,,38.4931752381,0.691640242596,,,
St. Kitts and Nevis,KNA,,,,,,,,,,,,,,,,,,,,,,,,,,,,,,,,,,5.32801240316,6.19368945157,0.299890024986,0.748298800332,1.32978683831,,0.176571387289,0.640465724523,0.217966598651,0.0659694915207,0.703921885849,0.0757216318702,0.68141771899,0.332522403303,1.02376401788,0.45176958247,0.0225812732498,1.29866312027,0.123009242873,,,,,
"Korea, Rep.",KOR,,,,,,,,,,,,,,,,,,,,,,,,,,,,,15.9432009707,17.7789637312,18.0350641219,19.3414179737,19.7675874039,20.2482270151,22.6546842459,26.0294893256,24.0684367824,26.6363431934,27.0751264442,32.1462366891,35.0659091402,29.7848184469,31.5297788101,32.316191095,32.9173492808,32.4764085788,32.1458512261,30.5446090539,27.5987552187,28.7340945457,29.4659321518,25.7213172041,26.173474893,27.0993449066,26.8805497853,26.8398930791,
Kuwait,KWT,,,,,,,,,,,,,,,,,,,,,,,,,,,,,1.2082495206,1.95285306316,3.37913227291,2.59764628905,5.01917340115,2.34505773285,19.8245114444,1.33042258417,1.10341032004,0.310303054554,0.369784808568,1.36566726927,0.170373032839,0.178572402716,0.153249687445,0.109688077743,0.116752970128,,0.343210892762,0.476285555839,0.299238502227,0.520471288841,3.01094983781,2.69534346583,,1.43158870034,0.129891795979,2.71709249328,
Latin America & Caribbean (excluding high income),LAC,,,,,,,,,,,,,,,,,,,,,,,,,,,,,,,6.71915357473,5.762470255,7.0194582603,6.73892535068,7.54530098634,8.24588486969,9.24281567351,10.2544424526,13.0600941498,15.5556679501,16.8724058358,16.3462728212,15.4766045171,14.4377009491,13.5462677827,12.9403797774,12.7897334962,12.3596631307,10.6852793421,12.209454612,11.230534127,11.1606171548,10.1659436591,10.4327911143,11.5418999887,11.6517680344,
Lao PDR,LAO,,,,,,,,,,,,,,,,,,,,,,,,,,,,,,,,,,,,,,,,,,,,,,,,,,,,,,,,,
Lebanon,LBN,,,,,,,,,,,,,,,,,,,,,,,,,,,,,,,,,,,,,,3.28913794354,3.05272361809,2.60009504274,2.34491451499,2.48922780843,2.38163233388,2.13576424155,2.41924798069,2.83377511876,2.76376038534,2.23643565775,2.4403158584,4.53290920907,12.7965179575,2.38180676633,2.00601507348,2.21437098446,2.06916531375,,
Liberia,LBR,,,,,,,,,,,,,,,,,,,,,,,,,,,,,,,,,,,,,,,,,,,,,,,,,,,,,,,,,
Libya,LBY,,,,,,,,,,,,,,,,,,,,,,,,,,,,,,,,,,,,,,,,,,,,,,,,,,,,,,,,,
St. Lucia,LCA,,,,,,,,,,,,,,,,,,,,,,,,,,,,,,,,1.30149849612,3.70055080677,3.19927661409,6.80405624562,4.91183597085,7.28803105773,3.61433536967,5.18101248038,5.06435415841,5.52406306599,5.19947369151,7.80354489112,8.40913176776,7.31947291739,8.50023285,11.2333164568,14.8235276529,16.8783306391,,,,,,5.18601559471,,
Latin America & Caribbean,LCN,,,,,,,,,,,,,,,,,,,,,,,,,,,,,,,,5.39081075517,6.63926704128,6.41419317717,7.0780316555,7.77668543367,8.72091788598,9.57441059705,12.3484270194,14.4422056118,15.7162468647,15.2465999307,14.5163254698,13.4621175272,12.644132214,12.1350645429,11.9057083898,11.481432111,10.0443010824,11.3711542171,10.5594188178,10.557097944,9.72079215111,9.98259746732,11.05582746,11.2319811182,
Least developed countries: UN classification,LDC,,,,,,,,,,,,,,,,,,,,,,,,,,,,,,,,,,,,,,,,,,,,,,,,,,,,,,,,,
Low income,LIC,,,,,,,,,,,,,,,,,,,,,,,,,,,,,,,,,,,,,,2.48618730002,,4.14842927148,3.19962036743,3.35520299639,4.43392025325,,,,,,,,,,7.62150139511,6.01450014491,5.42313969499,3.38678479622,
Liechtenstein,LIE,,,,,,,,,,,,,,,,,,,,,,,,,,,,,,,,,,,,,,,,,,,,,,,,,,,,,,,,,
Sri Lanka,LKA,,,,,,,,,,,,,,,,,,,,,,,,,,,,,,,0.597690529467,0.667119902461,1.05244212781,1.12672914808,1.2051141543,,,,,3.23907850749,3.08632073494,2.17125637764,0.556696942406,0.68479643454,1.52915830047,2.30785766722,1.49480733758,2.08435183859,1.86254536085,0.949291395208,1.02595127155,1.02153345046,0.91513514159,0.992280243537,0.907765064566,0.836279814206,
Lower middle income,LMC,,,,,,,,,,,,,,,,,,,,,,,,,,,,,,,,,,,8.61587920321,9.10311825514,12.9014820536,14.7773451654,14.5284529552,16.6418705863,15.6972491761,13.7430914037,14.1135541727,13.0995193224,13.653493019,12.1691100439,11.3072054566,10.4210420233,9.18780938368,10.6157362326,8.94245397817,8.44564404867,9.18014178345,10.6439701049,11.1456702548,10.0235784299,
Low & middle income,LMY,,,,,,,,,,,,,,,,,,,,,,,,,,,,,,,,,,,12.4683488872,13.3412797152,14.2135687363,15.062826888,16.6874329371,18.8007002026,22.261088946,18.5074433728,19.2767581714,19.6499709996,19.5073058538,18.7095261685,18.6915654049,17.476164255,15.5820651739,17.7921839482,16.8319985777,15.561890171,16.4831273546,17.5250193412,17.707864312,18.5443919523,
Lesotho,LSO,,,,,,,,,,,,,,,,,,,,,,,,,,,,,,,,,,,,,,,,,0.28266962564,0.517349168993,0.61858640257,0.0753782665789,0.0468524280845,,,,0.21668628198,0.311861242016,0.713354334046,0.0233571557777,0.00342303194272,,,,
Late-demographic dividend,LTE,,,,,,,,,,,,,,,,,,,,,,,,,,,,,,,,,,,16.6388973134,17.7880375655,17.6012504203,18.2654636864,20.5271878156,22.607635421,28.0010800194,22.0487554639,23.5054738076,23.3983311026,22.8761819207,21.7205025569,22.0440990058,18.8030147688,16.9645724099,20.2720790915,19.9484846955,18.4753105198,18.9251347794,18.9160067805,19.0866738232,21.372979728,
Lithuania,LTU,,,,,,,,,,,,,,,,,,,,,,,,,,,,,,,,,0.400481623269,,5.28450343288,3.66407857644,3.58461015406,3.79266968772,3.29060183781,3.29637465591,4.45826380522,4.99061120213,3.77040826313,4.79042851201,4.72193447166,6.15389277612,8.05747115923,10.8450363647,11.1447919434,9.99440217406,10.608376441,10.2117171199,10.4215035657,10.3311176944,10.1357504689,11.8527739282,11.795814529
Luxembourg,LUX,,,,,,,,,,,,,,,,,,,,,,,,,,,,,,,,,,,,,,,,14.6005133267,16.5583381998,19.1655746294,15.4593433128,12.0221448385,10.5113039323,11.8567044302,11.5841763351,8.75512302286,6.41947899505,8.77521564847,8.3654626765,8.81191667106,8.40626856305,6.58351766274,5.70360125769,6.8230011176,
Latvia,LVA,,,,,,,,,,,,,,,,,,,,,,,,,,,,,,,,,,,5.53304382931,5.16550123731,5.20374358723,6.25751732971,3.97883238932,4.06077707514,3.95912240239,3.77283000634,3.86790426458,4.58911383037,4.88600212139,5.31417498485,6.8211010554,6.94769529769,6.95329932583,7.75851821074,7.64431205408,8.24290455672,9.77765121557,13.0121460908,15.0458088923,,
"Macao SAR, China",MAC,,,,,,,,,,,,,,,,,,,,,,,,,,,,,,1.63813871564,1.55479393644,1.78547749372,1.91667799209,1.80778312824,1.34131593243,1.94473671809,1.92976066211,1.88228323503,0.826918073818,0.856655690916,0.872244642239,0.925561384057,0.672887909993,0.547995476203,0.472430561879,0.717749018343,0.736932930281,1.05544542064,2.05247874708,4.31674275744,0.0,0.0,0.0,,0.163745252402,0.0,
St. Martin (French part),MAF,,,,,,,,,,,,,,,,,,,,,,,,,,,,,,,,,,,,,,,,,,,,,,,,,,,,,,,,,
Morocco,MAR,,,,,,,,,,,,,,,,,,,,,,,,,,,,,,,,,,2.52562888994,2.11973827756,0.550582556441,0.359904765382,0.411670816776,9.56603216023,12.3308069907,11.2862444109,9.50852378578,11.1145853641,11.3464424191,10.1801741778,9.6411270526,9.79143455222,8.81753755195,5.95036316596,7.32510224262,7.69204600849,6.06822771355,6.35075200205,6.55095078581,5.31383693627,3.53681437302,
Monaco,MCO,,,,,,,,,,,,,,,,,,,,,,,,,,,,,,,,,,,,,,,,,,,,,,,,,,,,,,,,,
Moldova,MDA,,,,,,,,,,,,,,,,,,,,,,,,,,,,,,,,,,,3.16170115123,3.78789199064,10.187632117,27.3876700961,3.07826144495,4.47003818159,3.07796078335,2.59303847806,3.98086455301,3.32606018873,2.68077974161,3.95672574019,4.77895274178,5.1216662634,4.2424266394,4.59038293373,8.25988860975,6.30872046038,4.78457659711,2.36112569415,4.80677408421,3.98892728169,
Madagascar,MDG,,,,,,,,,,,,,,,,,,,,,,,,,,,,,,,8.06818394677,1.42988068086,0.942164435068,9.02748347199,1.86379832632,1.21320548054,2.2240005677,0.858761821634,18.2843070438,3.30611532099,0.572268431497,0.905969808097,1.03602379583,0.647063829226,0.565536744914,0.782423602136,1.16831207295,1.06469081347,0.662807629672,1.65034114783,1.03751879371,9.68528930804,0.373111205086,0.298939630366,0.571462588124,0.186266127582,
Maldives,MDV,,,,,,,,,,,,,,,,,,,,,,,,,,,,,,,,,,,,,,,,,,,,,0.0,0.0,,,,,,,,,,,
Middle East & North Africa,MEA,,,,,,,,,,,,,,,,,,,,,,,,,,,,,,,,,4.38431542636,4.46607328385,6.02618197514,3.59714194171,5.15326226055,,6.79405126582,7.03785915112,5.87492402364,4.58361579978,4.53692066158,4.69919442646,4.00466951367,3.21625538424,3.83409336909,2.22879055881,2.85611681879,,3.88257699497,3.0170394034,3.7228475591,3.05198634627,4.57191706812,,
Mexico,MEX,,,,,,,,,,,,,,,,,,,,,,,,,,,,,,10.0972697733,8.42932232241,8.68014147619,11.2438289769,11.5988659779,13.9369751635,15.1725811858,15.8052697641,17.5539646271,19.2528153397,20.7464406199,22.4513507735,22.0560002351,21.4267084451,21.399096116,21.2853964199,19.6356592638,18.9814078548,17.177060002,15.7292335315,18.1761874996,16.9378093587,16.5098163124,16.3350661942,15.9247617561,15.9921956046,14.6869368099,
Marshall Islands,MHL,,,,,,,,,,,,,,,,,,,,,,,,,,,,,,,,,,,,,,,,,,,,,,,,,,,,,,,,,
Middle income,MIC,,,,,,,,,,,,,,,,,,,,,,,,,,,,,,,,,,,12.5547330958,13.3928855603,14.2777448129,15.1538145662,16.7336906877,18.8946542613,22.3570518581,18.5906161344,19.3516252234,19.7102722969,19.5778320667,18.7519107356,18.7070616321,17.5001403665,15.62205011,17.8351132141,16.8924445403,15.5923942268,16.5292661568,17.5870461399,17.7755174536,18.6427182971,
"Macedonia, FYR",MKD,,,,,,,,,,,,,,,,,,,,,,,,,,,,,,,,,,,2.16890290221,3.22819792201,1.56503250179,2.24088958464,1.94007025885,0.879965874328,1.24289113044,1.09294526111,1.3766194422,1.34664115394,1.1705445638,1.08385925177,1.11298662787,0.831502628893,,2.94886571804,3.38153386958,3.90390610379,3.88980096376,3.6346025565,3.09948975668,2.98731233437,1.96085313263
Mali,MLI,,,,,,,,,,,,,,,,,,,,,,,,,,,,,,,,,,,,,2.55368444679,6.80152066215,5.20688741632,3.85201661369,14.8077480377,6.49005311129,9.47010365889,4.30057245017,4.1552319121,5.14106653648,7.04840913998,7.94373046295,1.47004233357,,2.3970240889,3.02189618042,1.24750441359,,,,
Malta,MLT,,,,,,,,,,,,,,,,,,,,,,,,,,,,,,,44.8886130134,51.8826337819,55.7447230407,52.2362640497,60.1204640889,,58.8892932841,55.9939527392,60.4166681185,61.720180034,71.7414634159,61.6869668457,58.9825337067,60.0049666415,58.1322644853,51.9991081168,58.1182790129,52.4374535626,50.2313833885,47.984087444,47.0801126279,47.2340317017,45.7318384505,38.5528967577,34.4130283266,31.9031159004,
Myanmar,MMR,,,,,,,,,,,,,,,,,,,,,,,,,,,,,,,,,0.0830688507243,,,,,,,,,,,,,,,,,,0.00182292148073,,,,,,
Middle East & North Africa (excluding high income),MNA,,,,,,,,,,,,,,,,,,,,,,,,,,,,,,,,,,,,,,0.956282306888,2.25105349005,3.37447851115,3.14580042272,2.27964180658,2.59523807816,2.82727329447,2.54460727854,2.65366855793,4.01715645241,,,,3.65429929667,2.40699968371,,,,,
Montenegro,MNE,,,,,,,,,,,,,,,,,,,,,,,,,,,,,,,,,,,,,,,,,,,,,,,,,,,,,,,,,
Mongolia,MNG,,,,,,,,,,,,,,,,,,,,,,,,,,,,,,,,,,,,,1.11662492914,3.6495937163,1.57141994703,3.92234832743,0.468643716348,0.0834706917455,0.446248364799,0.205526890965,0.136888490427,0.0606004359992,1.65961386108,7.42812459755,,,,,,15.8502286002,19.5095054681,4.0311212443,
Northern Mariana Islands,MNP,,,,,,,,,,,,,,,,,,,,,,,,,,,,,,,,,,,,,,,,,,,,,,,,,,,,,,,,,
Mozambique,MOZ,,,,,,,,,,,,,,,,,,,,,,,,,,,,,,,,,,,1.03284332477,3.83632820957,5.92866452111,11.0744219074,,2.19576264487,9.0210722655,2.00674587855,3.52224410973,6.89087982137,11.2815407393,8.36700671858,2.30783128528,10.5727715508,3.79164938367,9.5158142987,1.26797635755,26.480740333,24.7360042345,13.354828836,5.63488024133,11.6120543197,
Mauritania,MRT,,,,,,,,,,,,,,,,,,,,,,,,,,,,,,,,,,,,,,,,,,,,,,,,,,,,,,,,,
Mauritius,MUS,,,,,,,,,,,,,,,,,,,,,,,,,,,,,,,0.561279387288,0.501303551282,0.4559602167,0.482636492787,0.918000166074,0.963399807317,0.589613265814,0.770306868576,1.21000882104,1.15374964842,1.0519248546,1.24347404712,2.30575142921,5.27817630076,4.51323075794,1.8069596641,24.1514873045,8.2474088108,7.24478914435,1.85942504463,0.691355554448,0.796340122026,0.926069513552,0.560520441567,0.023269412649,0.0596262204947,
Malawi,MWI,,,,,,,,,,,,,,,,,,,,,,,,,,,,,,,0.0887387841939,0.1766268155,,,2.93897411861,1.55220548264,0.837937340324,0.820354489668,0.359078335303,0.793646013104,2.02618012098,2.87110685302,0.160051670147,0.363543204177,0.956038501414,3.0965840965,1.81412938605,1.37650993564,1.87772884788,2.81415998441,1.29091969433,3.1833137581,1.66195444731,5.96510129789,2.52430852861,2.1568489694,
Malaysia,MYS,,,,,,,,,,,,,,,,,,,,,,,,,,,,,40.5843415546,38.3759235958,38.211440153,38.2101787944,38.9298879562,41.1328796507,44.2514493487,46.1242620519,44.4127984215,49.0214136125,54.9227229302,58.9462274313,59.5692731216,58.1110538862,58.2212553093,58.9391469246,55.6576642292,54.6456106825,53.8397357952,52.2843101776,39.9206485805,46.5739372416,44.52124317,43.389568823,43.7165484504,43.5737586314,43.8740466528,42.8009454402,
North America,NAC,,,,,,,,,,,,,,,,,,,,,,,,,,,,,,27.7538518246,28.5406477664,29.1076246616,29.0868586249,27.883814246,27.421654784,27.060822982,27.5954662999,28.3792828983,29.5117035119,29.9713336418,30.0877583647,29.0913449252,27.6778003561,26.7174803331,25.8380081002,25.741354249,26.0557860408,23.8784539146,23.160615481,20.4565760848,18.7715203952,17.1413452966,16.9671712684,17.0673160894,17.5762753183,18.0730389903,12.9577375465
Namibia,NAM,,,,,,,,,,,,,,,,,,,,,,,,,,,,,,,,,,,,,,,,,1.81950529548,0.841779562948,1.36294089366,2.62902367626,5.418383019,11.5124817884,6.49924253741,5.18693119175,0.917140614237,1.41742074048,1.16832513701,1.60537340258,5.2944635689,1.71709279624,2.68086362235,,
New Caledonia,NCL,,,,,,,,,,,,,,,,,,,,,,,,,,,,,,,,,,,,,,,,1.71256506089,0.594358254964,0.98239755089,0.678971198247,0.752577706877,2.21883751915,0.507885619589,1.48014208033,0.561123055816,0.54586486922,6.96634137366,0.849328092498,15.380547624,10.6025445291,13.640371805,13.0548203619,5.02825609697,
Niger,NER,,,,,,,,,,,,,,,,,,,,,,,,,,,,,,,,,,,,9.36577660663,19.7515261479,8.82270603236,4.57422081562,15.5037628098,5.62981581467,3.6011250506,2.97333374665,3.33979100697,3.59364642608,11.1609682769,11.933049909,12.6501025691,3.8428817841,14.4728971052,6.56300466961,4.50744553624,7.66007183332,52.4454667626,57.1481530503,14.2426656384,
Nigeria,NGA,,,,,,,,,,,,,,,,,,,,,,,,,,,,,,,,,,,,,1.67589873859,0.111631905693,0.0181000129539,13.3921481545,0.59068690784,0.366995351249,0.142339957088,1.73081108174,,,7.78744182624,0.99550469813,0.408516889943,2.5277071977,1.08927909563,1.19736668658,1.87773052798,2.73669627827,2.10433253044,,
Nicaragua,NIC,,,,,,,,,,,,,,,,,,,,,,,,,,,,,,,,,,6.46434188237,3.60822399139,0.970845556337,0.441405234865,0.649163942466,4.1933573614,2.34656509152,4.88471642688,3.2256229273,5.16513959079,4.30826731731,6.56070689998,5.17307236626,7.15896710928,4.35167587633,0.873253086787,5.34931618093,4.81324544499,5.28749219467,0.240349295206,0.3675551223,0.38590870534,0.488474132372,
Netherlands,NLD,,,,,,,,,,,,,,,,,,,,,,,,,,,,,14.5931889079,15.8720840099,16.4606630361,17.6185417913,19.3784550802,23.3879177326,22.4254431617,24.1447528298,26.776894527,27.3778641332,30.2455490611,33.2808837367,35.8065731843,32.7138564981,28.0129201625,31.3506297542,30.4673617566,30.8897206892,28.9900157829,23.3073355861,19.2487530582,20.9042724292,21.2941161535,19.8142026658,20.0451539945,20.406253591,19.9018385836,,
Norway,NOR,,,,,,,,,,,,,,,,,,,,,,,,,,,,,12.044180347,10.6430008226,11.4357916746,10.9166855383,12.4133118413,14.6970642139,14.5773588557,13.5354636652,14.0972808273,14.56197647,15.6787936368,15.6828285979,16.7636741272,18.1921844444,20.6367178498,16.8323824363,17.4359133612,16.094334188,17.2178691296,14.7297480927,14.8498836691,15.8027631106,16.1502888637,18.4618544328,18.8291939259,19.142614812,20.7379774263,20.5199173297,19.4627217857
Nepal,NPL,,,,,,,,,,,,,,,,,,,,,,,,,,,,,,,,,,,2.92173370289,,,,0.00283183198101,0.000259913165487,0.0110311683056,,,0.12219818898,,,,,,0.41337382026,0.567478464118,0.286024007235,0.130359898519,0.298067823079,0.173122492959,0.622566089302,
Nauru,NRU,,,,,,,,,,,,,,,,,,,,,,,,,,,,,,,,,,,,,,,,,,,,,,,,,,,,,,,,,
New Zealand,NZL,,,,,,,,,,,,,,,,,,,,,,,,,,,,,3.91169297665,4.42199839221,4.42928237903,4.76222694695,5.25105676983,5.39774212962,6.28966641148,7.29327690719,7.45610045717,9.16593081857,12.2806804674,15.1619904715,9.66482300983,9.35256504638,9.3805679701,9.55276803148,9.5723342637,10.1905781132,10.3236854275,9.0832769966,8.46885548791,8.93825276926,9.00303958927,9.30535025121,9.78771479358,10.2536249325,9.11055074796,9.61708408239,9.95470084576
OECD members,OED,,,,,,,,,,,,,,,,,,,,,,,,,,,,,15.2360369947,18.6297039711,18.3067048743,19.0732095852,18.8822729408,19.6212618427,19.7296916813,19.9813078341,20.161300138,21.2004078522,21.9173260961,22.7803839847,24.3689653986,23.271207539,21.934001906,20.730489954,20.4214112129,20.4662562323,20.6185103312,17.0020565756,16.3973259261,17.1759473026,16.9634841815,16.2630473932,16.6132657187,16.7591547173,16.7537000882,17.7307972663,
Oman,OMN,,,,,,,,,,,,,,,,,,,,,,,,,,,,,3.56068275615,14.1464107002,14.7427321274,12.2292735368,4.45749665525,6.75589692638,6.27119225925,4.49388184043,5.46550720959,8.50375224635,8.54264133189,9.64373750747,3.11717844337,3.10047777137,2.1672105009,5.74278832484,0.678341541236,0.2753510276,0.30553144686,0.455952345426,0.735322394863,0.295084339505,0.566284297476,2.62238827177,3.39364624448,3.41412817743,4.32785647422,4.12576562742,
Other small states,OSS,,,,,,,,,,,,,,,,,,,,,,,,,,,,,,,,,,,13.6374855791,,14.6531311361,,16.0908230172,16.3966008217,10.8410168497,8.20504020675,8.1825761433,8.3801845116,9.06398759347,10.043334748,12.4509598509,11.9647443375,10.2923665802,10.0011786099,8.62054662088,6.85034575918,,4.80029082709,4.59307652335,7.25362182381,
Pakistan,PAK,,,,,,,,,,,,,,,,,,,,,,,,,,,,,,,0.0716494953753,0.0245630378268,0.0338751082695,0.0709467723973,,0.0411469514101,0.0325075216859,0.0878735707377,0.114242417992,0.3135610192,0.387903060023,0.297177201335,0.674505047647,1.21153630057,1.09276699212,1.38030720504,1.44745517226,1.38315900503,1.85117133504,1.71466316982,1.68522380209,1.75987930568,1.66611179797,1.88313303309,1.41368704032,1.55734397822,
Panama,PAN,,,,,,,,,,,,,,,,,,,,,,,,,,,,,,,,,,,,2.76605417071,2.60368694049,3.01551062951,1.89593987598,1.36350223667,0.182737000794,1.9871315222,1.90222230553,1.32281990907,2.32407477008,0.97034659144,1.34300538992,2.55821664708,1.23426716897,1.37445567592,0.826045657695,35.4078671479,0.418752709625,0.0460256786313,0.19546389551,0.000467015970086,
Peru,PER,,,,,,,,,,,,,,,,,,,,,,,,,,,,,,,,,1.3473840589,1.43334220298,2.48777677948,2.41054571459,5.8242131159,4.54853485116,4.04488344033,4.49212610836,4.3769225132,4.28602637399,2.60523122167,2.63867446273,2.89357986167,3.23224141618,2.71748719283,2.50898343966,2.7472799261,3.46490187551,6.58528753392,6.21885514751,3.48299745038,3.58081782277,3.84667332301,4.73772125369,
Philippines,PHL,,,,,,,,,,,,,,,,,,,,,,,,,,,,,,,,32.4627342738,27.4911614096,30.2862292595,31.5384493677,35.028379025,58.4638212246,66.5070706767,71.9656267346,74.9946144073,72.6268624651,71.8998537585,74.1784593193,73.6373153982,72.6333214518,70.7854320694,67.7099186644,68.8997973896,66.3095967625,65.5330297378,55.2573187531,46.3519168933,48.8586905922,49.2379665087,48.9966443324,53.0641173951,
Palau,PLW,,,,,,,,,,,,,,,,,,,,,,,,,,,,,,,,,,,,,,,,,,,,,,,,,,,,,19.3058709502,,20.1803022764,40.6710076791,
Papua New Guinea,PNG,,,,,,,,,,,,,,,,,,,,,,,,,,,,,,,,,,,,,,,41.5595709551,,19.0275463871,46.2731428981,16.9522101596,40.1653918849,60.8587643284,,,,,,,14.1845202957,3.45228947265,,,,
Poland,POL,,,,,,,,,,,,,,,,,,,,,,,,,,,,,,,,,3.48409552235,2.77495427874,2.4412825002,2.5758934563,2.91559258332,2.6182760274,2.9486592435,2.64937748085,3.36054049635,3.17171842503,2.87856402771,3.0739197677,3.33711759359,3.78951552674,3.74076335644,3.03647126959,4.31612121929,6.10116279094,6.6852158551,5.87399199594,6.9527672066,7.81267405696,8.69597265946,8.77709831877,8.45663835084
Pre-demographic dividend,PRE,,,,,,,,,,,,,,,,,,,,,,,,,,,,,,,,,,,,,2.31215403993,2.84978514389,3.00346290046,8.72041897615,1.80121332049,1.98932647193,2.16742643063,2.50138290547,,,,,,,,3.3803187846,,,,,
Puerto Rico,PRI,,,,,,,,,,,,,,,,,,,,,,,,,,,,,,,,,,,,,,,,,,,,,,,,,,,,,,,,,
"Korea, Dem. Peoples Rep.",PRK,,,,,,,,,,,,,,,,,,,,,,,,,,,,,,,,,,,,,,,,,,,,,,,,,,,,,,,,,
Portugal,PRT,,,,,,,,,,,,,,,,,,,,,,,,,,,,,3.96829803288,4.47511885447,4.12383618649,3.66404382771,3.53016613612,2.64165113159,3.6265220744,5.12678094101,4.09966488016,4.05826756808,3.93443594201,4.79728669419,6.22909442515,7.80106975612,7.20436288928,8.50007308845,8.68351454649,8.86335626854,8.90435959541,8.1678566957,7.77779686272,4.10497212522,3.51094195738,3.68836955021,4.13896624268,4.30884523449,4.38063586936,,5.28726031846
Paraguay,PRY,,,,,,,,,,,,,,,,,,,,,,,,,,,,,,0.10180584887,0.195469096674,0.845767948412,1.06258204246,0.848481007966,1.07318671388,2.09559987581,1.26998373061,2.17716869717,3.5493479312,2.8467429943,2.94120441153,4.13120373789,3.23379057769,5.66241629486,6.74638596298,7.15638559407,8.29116446493,6.43825794288,6.53840598431,10.9599119553,6.60209107301,7.30268132251,6.94033482528,7.50687106338,6.1333265339,5.68059270088,7.24545897977
West Bank and Gaza,PSE,,,,,,,,,,,,,,,,,,,,,,,,,,,,,,,,,,,,,,,,,0.241840274177,0.264386579379,0.494771912337,0.634669797226,0.325369747629,0.293610927379,0.326638778964,0.0635766506129,0.140716640842,0.118606661758,0.196430624144,0.177618845259,0.313126421629,0.0929076886746,0.234064749613,0.837038170401,
Pacific island small states,PSS,,,,,,,,,,,,,,,,,,,,,,,,,,,,,,0.0506890913411,12.2660929039,1.88376786896,9.54307549628,0.903471073031,1.30184700094,,,,,,0.327849728167,2.26678668001,1.31844306734,1.14992461949,1.06761793559,3.54129756367,2.74611605708,3.77672232935,2.88529668869,4.42946325196,4.82814089551,9.37269807238,3.06800880276,4.07065604901,2.51900033251,4.39806352114,
Post-demographic dividend,PST,,,,,,,,,,,,,,,,,,,,,,,,,,,,,14.9695258463,19.0759884472,18.9346317554,19.8327991976,19.6962691132,20.5794949377,20.9350946323,21.3576479154,21.4803473047,22.5530828611,23.0972217643,23.8511729473,25.6364610975,24.2738779301,22.9956884865,21.6519536211,21.4814833367,21.6836774155,21.8724207387,18.0259086306,17.6591012941,18.464061338,18.5789266123,17.6145419247,18.0890534567,18.1652192165,17.9793789306,19.0470887606,
French Polynesia,PYF,,,,,,,,,,,,,,,,,,,,,,,,,,,,,,,,,,,,,13.183824634,15.6160474174,17.8483480617,13.2076803425,8.13634578574,13.7492679149,3.73364017242,3.47353635429,11.9806787406,13.1545321863,11.6827155065,2.32679616885,16.0231977122,9.11251151434,4.7451523039,15.7969139891,2.47983279945,7.81487754031,14.8185532253,11.1975177902,
Qatar,QAT,,,,,,,,,,,,,,,,,,,,,,,,,,,,,,,,0.00352051338034,0.00344910927132,0.000974249848242,0.0,0.00418834796501,0.00242072022673,,0.0,0.0112192600183,7.3610162302e-05,0.00962557531387,0.000194749544885,0.00246706883286,0.0203203584501,0.00711141321391,0.0132224413645,0.0753437094551,0.000618252236049,0.0244877591511,0.00076745427857,0.00550762883537,,0.000580959188181,0.0489981703228,3.4075075065,
Romania,ROU,,,,,,,,,,,,,,,,,,,,,,,,,,,,,,2.85082158365,3.28632695681,1.52979098478,1.44769225556,1.06551601278,1.61873316418,1.28868459078,1.23693738548,1.20567304921,1.80612774345,3.54543345761,5.87019285287,6.1425153936,3.80073674827,3.9681771247,3.72474565997,3.84222259068,4.82748591683,3.47980265968,6.68740277928,9.10875720139,10.946779222,10.183586016,6.37508303495,5.71952223045,6.4490581435,7.50169283584,
Russian Federation,RUS,,,,,,,,,,,,,,,,,,,,,,,,,,,,,,,,,,,,,9.66453674709,9.34426991013,11.9779555591,12.3368390303,16.0669301203,14.0375557885,19.1567422294,18.9782319882,12.9245289118,8.43750973535,7.77732319167,6.87840591797,6.47485099951,9.22872737839,9.0663440982,7.97208557464,8.37537699849,10.0059949478,11.4516727325,13.7603204136,
Rwanda,RWA,,,,,,,,,,,,,,,,,,,,,,,,,,,,,,,,,,,,,0.59888087086,3.09684891341,2.16697568859,0.601955146351,,1.52314172586,83.640255754,27.0041361606,19.8899257538,25.3435365753,16.2888222431,16.3328382997,6.71389834027,11.6387397908,5.36846340339,6.1603859827,2.46893148691,6.51641195938,11.8991430225,12.9835642933,
South Asia,SAS,,,,,,,,,,,,,,,,,,,,,,,,,,,,,,3.92944906403,2.77540145455,3.11451947914,2.71510988376,2.8615015875,4.03521332236,4.26005409702,5.01321773966,4.89110966116,4.11302790299,4.68055346753,4.76732080775,5.21847071172,4.8382847133,4.72555216545,5.03812101987,4.99213289667,5.24689459778,5.6745743901,6.0023724239,7.85548063936,6.37993312475,6.06119309433,6.15968656118,7.47203453089,7.88560148497,6.87562212006,
Saudi Arabia,SAU,,,,,,,,,,,,,,,,,,,,,,,,,,,,,,,,0.373211507998,0.351576203392,0.16933341726,0.0963695079587,0.197337117375,0.749585674067,,0.357561994369,0.987304119163,0.389214526457,0.428483042548,0.325687094086,0.520086290091,0.313869624392,0.638904923505,0.915842754145,0.658276152952,0.767185285008,1.06850398893,0.728042871068,0.55407164125,0.636529512882,0.698282660285,0.576335404703,0.774160544347,
Sudan,SDN,,,,,,,,,,,,,,,,,,,,,,,,,,,,,,,,,,,,,,,,,,,,,,,,,,,,,,,,,
Senegal,SEN,,,,,,,,,,,,,,,,,,,,,,,,,,,,,,,,,,,,,1.46264392501,1.71189413852,5.76638426879,12.2912144018,7.28603556532,4.46008586975,4.26087763346,4.9021017647,5.81650140858,8.27094619151,5.84735853168,4.47299909281,5.26153331143,11.8578439022,1.18918445321,0.563647418355,0.690258257805,1.14759251676,1.25636650762,3.61789064121,2.08114137828
Singapore,SGP,,,,,,,,,,,,,,,,,,,,,,,,,,,,,,36.4446585037,39.8938862493,40.5417707512,44.7965177173,47.5031068506,50.6589758683,54.1470447534,55.7143715915,57.0165886821,59.0670593448,60.8993785343,62.7949457883,60.9492971186,60.6266403589,56.5432642916,56.8761485245,56.893311234,58.0708168359,45.2103343065,49.3840352804,48.1419988234,49.9086554626,45.1569713523,45.2892228961,46.9943672838,47.1824035563,49.2754256751,
Solomon Islands,SLB,,,,,,,,,,,,,,,,,,,,,,,,,,,,,,,,,,,,,,,,,,,,,,,,,,,,,,12.6259305198,0.0,2.7993951807,
Sierra Leone,SLE,,,,,,,,,,,,,,,,,,,,,,,,,,,,,,,,,,,,,,,,,27.6481666604,,31.0793222397,,,,,,,,,,,,0.0272925599668,0.414848243018,
El Salvador,SLV,,,,,,,,,,,,,,,,,,,,,,,,,,,,,,,,,,,6.97118855478,7.60550297509,7.92884781542,7.72727209305,7.78455380464,6.56893663668,3.48335169205,4.64838174536,5.47622214456,5.11834831711,4.39576700001,4.36128455504,4.44850069291,4.57020162116,4.2904067657,5.096856569,5.79248177175,5.58784484449,4.74784311406,4.43730926464,4.76013092743,4.38507397962,4.61690633965
San Marino,SMR,,,,,,,,,,,,,,,,,,,,,,,,,,,,,,,,,,,,,,,,,,,,,,,,,,,,,,,,,
Somalia,SOM,,,,,,,,,,,,,,,,,,,,,,,,,,,,,,,,,,,,,,,,,,,,,,,,,,,,,,,,,
Serbia,SRB,,,,,,,,,,,,,,,,,,,,,,,,,,,,,,,,,3.63457086146,,,,5.51148756794,2.9092082437,4.89978175858,2.50854130715,3.30111194316,5.52957833196,4.05324949878,,4.25980475727,3.23913273919,3.55823229151,3.63211646024,,,,,,,,,
Sub-Saharan Africa (excluding high income),SSA,,,,,,,,,,,,,,,,,,,,,,,,,,,,,,,,,,,,4.65501318803,4.89123732128,5.66239737314,6.85177260621,8.80212084569,3.81549618887,3.59236068076,3.42446281739,3.54350109393,,,7.67902554846,4.63753593702,3.8097803216,4.27852754098,2.811610239,4.40819897608,4.31091791762,4.04921187857,3.93630195447,,
South Sudan,SSD,,,,,,,,,,,,,,,,,,,,,,,,,,,,,,,,,,,,,,,,,,,,,,,,,,,,,,,,,
Sub-Saharan Africa,SSF,,,,,,,,,,,,,,,,,,,,,,,,,,,,,,,,,,,,4.65062396146,4.88235162191,5.65462202271,6.83962250846,8.78499305099,3.80732682558,3.57693872026,3.53333954726,3.5246966009,,,7.66076737902,4.61937376831,3.80822073661,4.27852754098,2.81481457673,4.40203221029,4.35331031427,4.06993932037,3.94221948971,,
Small states,SST,,,,,,,,,,,,,,,,,,,,,,,,,,,,,,,,,,,11.0566516557,,12.2387952399,,15.143199745,13.6528009885,9.67450815265,7.55612237982,7.12113044762,7.00713725958,7.68412573091,8.52617437097,10.4151306686,10.1443196904,8.71192181599,8.71916996724,7.69737559594,6.64738534843,,4.7513655307,4.59990055906,6.92714114651,
Sao Tome and Principe,STP,,,,,,,,,,,,,,,,,,,,,,,,,,,,,,,,,,,,,,,,,,,1.07871149027,,,7.68197742312,1.27771316708,0.255673517094,0.0449796829059,15.5631653604,14.0259635543,2.001836969,14.325059421,14.1176296453,0.770496708558,42.257080426,
Suriname,SUR,,,,,,,,,,,,,,,,,,,,,,,,,,,,,,,,,,,0.0383032026645,0.0253362682611,0.426412863442,0.221138822593,0.585161114147,0.20495871667,8.16636075629,6.34649832744,10.6887486034,10.9423497274,8.01445378649,13.6987325287,6.21904345155,8.69827588387,5.45833550206,13.9197188476,12.1413841904,6.50379526181,23.7363868251,13.2004303083,20.7493847806,,
Slovak Republic,SVK,,,,,,,,,,,,,,,,,,,,,,,,,,,,,,,,,,,4.06062837825,3.12128909084,3.17337879135,3.61390180241,3.56063048211,4.28424816109,3.6334214889,3.86198736171,3.21252432298,3.80198907752,5.47906848451,7.43755623173,6.71976494524,5.35422959883,5.26435843397,5.70395045737,6.76777103007,7.10437804704,9.21082146215,10.3125011107,10.2172240551,10.2880692983,
Slovenia,SVN,,,,,,,,,,,,,,,,,,,,,,,,,,,,,,,,,3.33468791956,3.43338988728,,3.61922590553,4.50708708778,4.32272856116,4.51173397237,4.13094240536,4.90546430861,5.33596808783,5.42166925128,6.42197545024,5.73241318511,4.92886004413,5.50651238528,5.01300107433,5.82097652595,6.4778538549,5.72336391808,5.80387800336,6.18317123505,6.21911240977,5.84072143444,6.4206567819,
Sweden,SWE,,,,,,,,,,,,,,,,,,,,,,,,,,,,,12.3432197515,12.707163574,12.9040557068,13.2860992886,13.3078993821,12.9711040757,12.8281392236,16.4056853165,17.9386784464,19.4447468732,19.8214432997,21.5375883412,22.7745072583,17.3946206828,18.168632583,16.2580611709,17.4062107002,16.9375142946,16.1037675242,11.5283445608,11.1978679226,12.9134031791,13.6962509634,13.3765778124,13.40496164,14.0566730346,13.8815840219,14.2565337852,
Swaziland,SWZ,,,,,,,,,,,,,,,,,,,,,,,,,,,,,,,,,,,,,,,,,0.402915773946,0.786125918627,0.485227241947,0.298991271327,0.103682508655,0.0764933496929,0.134238287622,0.115640868054,,,,,,,,,
Sint Maarten (Dutch part),SXM,,,,,,,,,,,,,,,,,,,,,,,,,,,,,,,,,,,,,,,,,,,,,,,,,,,,,,,,,
Seychelles,SYC,,,,,,,,,,,,,,,,,,,,,,,,,,,,,,,,,1.04008221994,0.0,0.0259805287746,0.0,0.0,0.0,0.0,0.0,2.08853293714,0.824633464951,22.5252007938,0.0,0.0,19.1765843896,3.1450234733,0.0,3.35080468849,,3.88203162713,2.12170870795,20.0512411698,10.0148079692,5.61199134127,7.20551073749,
Syrian Arab Republic,SYR,,,,,,,,,,,,,,,,,,,,,,,,,,,,,,,,,,,,,,,,,0.531688776283,0.405977505802,0.614257365842,0.797067051117,1.02400228411,2.08208587397,0.804813407368,1.2709542742,1.80688037213,1.55680953117,1.33672339132,,,,,,
Turks and Caicos Islands,TCA,,,,,,,,,,,,,,,,,,,,,,,,,,,,,,,,,,,,,,,,14.9031307853,19.5714227516,7.6976510165,3.33062504972,5.81817350994,9.20731140918,,,,,,,2.07829286909,1.91035420503,,,,
Chad,TCD,,,,,,,,,,,,,,,,,,,,,,,,,,,,,,,,,,,,,,,,,,,,,,,,,,,,,,,,,
East Asia & Pacific (IDA & IBRD countries),TEA,,,,,,,,,,,,,,,,,,,,,,,,,,,,,,,,,17.4692788827,18.4230871828,20.4909145533,22.5334183558,25.5570608228,27.4261906547,28.9846209885,31.3001889548,31.9947650921,30.8349230524,31.856418661,32.7040851807,33.3532414264,32.9474439224,32.1680129328,29.0897285065,26.3828781929,28.4242308973,27.4504288097,25.4882281733,26.0237334021,26.7362039833,25.7001670784,25.9770436193,
Europe & Central Asia (IDA & IBRD countries),TEC,,,,,,,,,,,,,,,,,,,,,,,,,,,,,,,,,,,,,5.96472284913,5.82835736961,6.28467488326,7.09552392209,23.9596403036,8.13394428134,9.79162852161,9.80976430419,7.57429750345,5.82987555898,6.18329000176,5.59818089303,5.91921996658,7.82037044245,8.41227887628,7.29841832068,8.08078244219,9.39578780497,9.8614969261,10.3037303,
Togo,TGO,,,,,,,,,,,,,,,,,,,,,,,,,,,,,1.81004881063,,,0.589815227304,,,1.79870812711,4.99286745397,5.28801931863,2.01866445608,0.592026736147,0.665542436514,0.601634503343,0.623211735008,0.657607489349,1.0138730782,0.0265361250308,0.0934677434084,,0.0579978182055,0.0396137549507,0.0765414795063,0.0484323150653,0.179883025105,0.176696357049,0.2169043302,0.154367626167,0.411100119602,
Thailand,THA,,,,,,,,,,,,,,,,,,,,,,,,,,,,,,18.9502990512,20.8711786558,20.8393563085,22.0381799472,20.6533361533,23.7207783485,24.540882879,29.1522904451,30.7646207532,34.4186421806,32.4002108952,33.3591286379,31.5113937614,30.7773591151,30.3081362143,28.1318444168,26.6717717352,27.391613192,25.9579200436,24.5543740228,25.3403836742,24.0166045291,20.7420184859,20.5418538827,20.0933256156,20.4314399888,21.4417231933,
Tajikistan,TJK,,,,,,,,,,,,,,,,,,,,,,,,,,,,,,,,,,,,,,,,,41.745049505,,,,,,,,,,,,,,,,
Turkmenistan,TKM,,,,,,,,,,,,,,,,,,,,,,,,,,,,,,,,,,,,,,,0.00123674253066,11.6624648409,4.95214741081,,,,,,,,,,,,,,,,
Latin America & the Caribbean (IDA & IBRD countries),TLA,,,,,,,,,,,,,,,,,,,,,,,,,,,,,,,6.5357860457,5.39081075517,6.57005691117,6.35004692196,7.02195205837,7.73601860499,8.6966586695,9.60636262992,12.2205455789,14.3900558747,15.6944586526,15.1723960409,14.4038792338,13.5026393424,12.718021561,12.1071529489,11.6456888423,11.5405468947,10.0943125367,11.4353310863,10.5991203304,10.5920999568,9.74685280112,10.0060715902,11.0839518151,11.2586306119,
Timor-Leste,TLS,,,,,,,,,,,,,,,,,,,,,,,,,,,,,,,,,,,,,,,,,,,,,0.0,0.0,,,,,,,,9.7816417587,,,
Middle East & North Africa (IDA & IBRD countries),TMN,,,,,,,,,,,,,,,,,,,,,,,,,,,,,,,,,,,,,,0.956282306888,2.25105349005,3.37447851115,3.17300276425,2.29208357382,2.60443637448,2.83618075821,2.55272958963,2.6617353281,4.0282812061,,,,3.66927967583,2.4157867107,,,,,
Tonga,TON,,,,,,,,,,,,,,,,,,,,,,,,,,,,,,,,,,,,,,,,,0.0,0.0,,,,,,,0.0,0.106306151616,0.0387645947898,0.0867650003337,6.53182995046,5.80159381782,2.37489046597,,
South Asia (IDA & IBRD),TSA,,,,,,,,,,,,,,,,,,,,,,,,,,,,,,3.92944906403,2.77540145455,3.11451947914,2.71510988376,2.8615015875,4.03521332236,4.26005409702,5.01321773966,4.89110966116,4.11302790299,4.68055346753,4.76732080775,5.21847071172,4.8382847133,4.72555216545,5.03812101987,4.99213289667,5.24689459778,5.6745743901,6.0023724239,7.85548063936,6.37993312475,6.06119309433,6.15968656118,7.47203453089,7.88560148497,6.87562212006,
Sub-Saharan Africa (IDA & IBRD countries),TSS,,,,,,,,,,,,,,,,,,,,,,,,,,,,,,,,,,,,4.65062396146,4.88235162191,5.65462202271,6.83962250846,8.78499305099,3.80732682558,3.57693872026,3.53333954726,3.5246966009,,,7.66076737902,4.61937376831,3.80822073661,4.27852754098,2.81481457673,4.40203221029,4.35331031427,4.06993932037,3.94221948971,,
Trinidad and Tobago,TTO,,,,,,,,,,,,,,,,,,,,,,,,,,,,,,,,0.146453678303,0.248541474066,3.9296621562,1.20558908461,3.19670275181,0.310223282624,0.241435739715,1.3618243963,1.96988862307,0.913346863441,3.22637727007,1.9933659681,0.244690944802,1.14871789029,1.34706173987,1.03019418927,1.56335395307,0.748551909305,0.243316078716,0.100109510859,,,,,,
Tunisia,TUN,,,,,,,,,,,,,,,,,,,,,,,,,,,,,,,2.12081384797,1.84867111994,1.64437277322,2.84083745769,1.54422296181,1.60899757935,1.63940867398,1.6534977066,2.05818003901,2.70101611796,3.427068727,3.31357375057,3.70876227664,3.80532237415,5.02315152604,4.51072019637,6.68084818509,5.41679698212,4.54378971576,4.09791169578,4.89422750315,5.60284449741,4.69130009187,4.94142434839,5.48779707668,6.32742148073,
Turkey,TUR,,,,,,,,,,,,,,,,,,,,,,,,,,,,,,1.74925390975,1.21396963221,0.999972331463,1.17522065799,1.33929927456,1.65549701711,1.20581173429,1.60736556324,2.14467945055,2.1825608348,4.14051378076,4.82574572152,3.87127475676,1.7898575369,1.93246393809,1.89681360873,1.47404295481,1.85398932911,1.8933219198,1.61662474158,1.73849702071,1.93439889551,1.83942671769,1.82974132782,1.87807731704,1.93515163996,2.15970339609,2.02812938318
Tuvalu,TUV,,,,,,,,,,,,,,,,,,,,,,,,,,,,,,,,,,,,,,,,,,,27.8159453678,17.6859144195,4.24964886376,14.9803635775,,,,,,,,,,,
Tanzania,TZA,,,,,,,,,,,,,,,,,,,,,,,,,,,,,,,,,,,,,,0.180448985843,3.45197052537,5.92347521084,1.16754988471,1.59082022393,0.741255826498,1.40928950113,0.82096711885,1.10500811038,0.563501540145,1.50182309272,1.53491819015,3.04226811154,3.47834914653,5.4049415715,10.1704069248,5.41625119217,2.73666574098,0.759900484897,
Uganda,UGA,,,,,,,,,,,,,,,,,,,,,,,,,,,,,,,,,,,10.9909986271,2.10710131733,0.249929637443,1.2919295915,4.58832490769,10.7119597327,4.35693212882,12.8670295356,15.3220299738,6.30119086556,3.28154659421,12.4981994456,33.7562437765,10.489417788,1.25553984667,1.08231554128,2.37090443834,21.9399977831,20.6506573253,1.86763411233,2.44268756869,1.82776968951,
Ukraine,UKR,,,,,,,,,,,,,,,,,,,,,,,,,,,,,,,,,,,,,3.89147584035,4.37015887454,5.10090346856,4.37866846638,5.22724086514,4.65814868466,4.86130603299,6.91831517951,6.2969978363,3.7245309255,3.39753540853,3.65382552582,3.28703372145,5.55073818397,4.33627219137,4.39241763733,6.30184328844,5.89495219084,6.51215662633,7.26841625752,
Upper middle income,UMC,,,,,,,,,,,,,,,,,,,,,,,,,,,,,,,,,,,13.69866518,14.6814268762,14.6702172984,15.2656192603,17.3507945475,19.5224711768,24.3230589952,20.0100641016,20.8534432856,21.5412830793,21.0384048604,20.3235615671,20.5898719333,19.3737368649,17.2694734762,19.8481764634,19.1095281167,17.5291266086,18.4986103536,19.4069498934,19.4937415505,20.4217425951,
Uruguay,URY,,,,,,,,,,,,,,,,,,,,,,,,,,,,,,,,,,2.71281627502,1.92041983945,2.62552598074,2.65565149923,2.18888024356,2.10634854319,2.42938972862,2.22275249574,2.19661870395,3.10777577,2.64393678119,2.92255189969,2.7213329658,3.53095635942,3.41529364777,4.59392039622,5.75159725482,6.59282672735,6.12216010222,9.30095013018,8.66076295389,7.92979392849,13.8463485223,
United States,USA,,,,,,,,,,,,,,,,,,,,,,,,,,,,,,32.1623895662,32.5299673313,32.4015043903,32.5632876325,31.4651344986,30.9990910136,30.3006375797,30.7587896775,31.728748291,33.2158902333,34.2582305414,33.787610578,32.5915242027,31.759452043,30.8205213453,30.2762671293,29.901988546,30.0569992881,27.2226645969,25.9203321684,21.4876897856,19.9680138525,18.1056830409,17.7768850947,17.8186968667,18.2293829228,18.9915245249,20.005962947
Uzbekistan,UZB,,,,,,,,,,,,,,,,,,,,,,,,,,,,,,,,,,,,,,,,,,,,,,,,,,,,,,,,,
St. Vincent and the Grenadines,VCT,,,,,,,,,,,,,,,,,,,,,,,,,,,,,,,,,,0.0140362375139,17.3070420485,0.0,0.0261493641509,0.0,0.0,0.0,0.00855196826222,0.00423764287833,0.00306285029455,0.0,0.0,0.0535879643897,0.0274312757907,0.20878398459,0.0070728730572,0.772991048276,0.155883559782,0.00184813898005,0.0584440234962,,,8.33250780783,
"Venezuela, RB",VEN,,,,,,,,,,,,,,,,,,,,,,,,,,,,,,,3.93872519717,1.49085759527,2.20143649904,2.56724728331,2.39119483574,2.72269989391,2.52164211315,2.54690878686,2.60344791985,3.01817746114,2.89096578604,3.37760817554,3.42949152604,4.21951394827,2.43764248269,2.30198609606,2.41379134254,,3.4713676736,4.17760988355,5.05221964133,2.79617388011,0.00132680534109,1.13033203081,,,
British Virgin Islands,VGB,,,,,,,,,,,,,,,,,,,,,,,,,,,,,,,,,,,,,,,,,,,,,,,,,,,,,,,,,
Virgin Islands (U.S.),VIR,,,,,,,,,,,,,,,,,,,,,,,,,,,,,,,,,,,,,,,,,,,,,,,,,,,,,,,,,
Vietnam,VNM,,,,,,,,,,,,,,,,,,,,,,,,,,,,,,,,,,,,,,0.135759687171,0.102063987746,0.173917606182,11.0689447818,8.50750290904,5.85778762251,5.56673818559,4.48001264805,5.36319167273,6.21787805255,8.94933927582,4.78983983871,6.21247845995,8.61200419924,14.4910156554,20.4828324591,28.2082868974,26.9315177783,,
Vanuatu,VUT,,,,,,,,,,,,,,,,,,,,,,,,,,,,,,,19.8323982148,12.7000349657,,,4.94491529256,,,,,,0.355693162708,,,,,,7.65690386866,2.01735635731,,5.16667822922,13.7970148889,53.9694268038,,,,,
World,WLD,,,,,,,,,,,,,,,,,,,,,,,,,,,,,,18.5173152734,18.1907883369,18.6621826702,18.2429029368,19.0370589274,19.4858830375,20.0109819733,20.1412965799,21.3373036432,22.0218761899,23.0540663013,24.9596069555,23.0059133208,22.2602346331,21.1925037816,20.9973786395,20.700043739,20.8620706989,17.6283636856,16.7667454272,18.2104423163,17.4523354563,16.342161423,16.850786831,17.0285583887,17.1079986529,18.4663276762,
Samoa,WSM,,,,,,,,,,,,,,,,,,,,,,,,,,,,,,,,,,,,,,,,,,0.508135133273,0.151725410573,0.145876020683,0.0831344863801,8.73679903427,0.0497376153748,0.0725316185858,0.577182649268,0.31403225305,0.201235435563,0.200717052829,0.0829503286601,0.641854197119,1.67064114737,0.371489013602,
Kosovo,XKX,,,,,,,,,,,,,,,,,,,,,,,,,,,,,,,,,,,,,,,,,,,,,,,,,,,,,,,,,
"Yemen, Rep.",YEM,,,,,,,,,,,,,,,,,,,,,,,,,,,,,,,,,,,,,,,,,,0.00264011431486,0.0109136536124,0.52145086433,0.259033445881,0.23919456053,0.509999037918,0.382328701253,0.275284567676,0.374468144548,0.357467077473,0.316456486777,0.215666446578,0.35561790251,1.20914096157,4.69585328122,
South Africa,ZAF,,,,,,,,,,,,,,,,,,,,,,,,,,,,,,,,,6.96800465985,4.72784550467,4.87668317867,5.71090989695,5.65081765447,7.53141006586,8.74901604235,7.14698510071,7.00087587596,6.46041090866,5.1637900094,4.83273763938,5.53799157655,6.65622176331,6.45864030345,5.58076284887,5.12338536854,5.35494931891,4.62578411506,5.0071377679,5.38000172025,5.46851055067,5.85442920146,5.88097092969,5.29205550383
Zambia,ZMB,,,,,,,,,,,,,,,,,,,,,,,,,,,,,,,,,,2.48039163153,,2.16254053837,2.04581083269,25.0897320909,4.02342058025,1.11269009866,0.316156043387,0.136770623826,0.4006588954,0.505136645739,0.756466512862,1.0905056343,1.86851801116,2.94587577234,2.54399741298,1.49943395327,0.955027105097,24.8005704591,4.95805033136,2.37458249326,1.7040709136,5.26812602274,
Zimbabwe,ZWE,,,,,,,,,,,,,,,,,,,,,,,,,,,,,,,1.48833644606,0.879476866789,0.894181398321,0.670965806695,1.13300896597,1.16342970144,2.10784377754,2.02554446513,,1.94548571433,1.68415484654,0.544358823548,2.68622867864,,0.90291372762,1.54876585941,13.4912865822,3.09186527636,12.2113089687,0.984378272001,0.843400923569,1.20720945909,5.94530398276,3.6072101835,1.71449246926,2.89365117262,
