Country Name,Country Code,unemp_1960,unemp_1961,unemp_1962,unemp_1963,unemp_1964,unemp_1965,unemp_1966,unemp_1967,unemp_1968,unemp_1969,unemp_1970,unemp_1971,unemp_1972,unemp_1973,unemp_1974,unemp_1975,unemp_1976,unemp_1977,unemp_1978,unemp_1979,unemp_1980,unemp_1981,unemp_1982,unemp_1983,unemp_1984,unemp_1985,unemp_1986,unemp_1987,unemp_1988,unemp_1989,unemp_1990,unemp_1991,unemp_1992,unemp_1993,unemp_1994,unemp_1995,unemp_1996,unemp_1997,unemp_1998,unemp_1999,unemp_2000,unemp_2001,unemp_2002,unemp_2003,unemp_2004,unemp_2005,unemp_2006,unemp_2007,unemp_2008,unemp_2009,unemp_2010,unemp_2011,unemp_2012,unemp_2013,unemp_2014,unemp_2015,unemp_2016
Aruba,ABW,,,,,,,,,,,,,,,,,,,,,,,,,,,,,,,,,,,,,,,,,,,,,,,,,,,,,,,,,
Afghanistan,AFG,,,,,,,,,,,,,,,,,,,,,,,,,,,,,,,,1.20700001717,1.06200003624,1.38800001144,1.35099995136,0.601999998093,1.13800001144,1.13699996471,1.13199996948,1.13800001144,1.12999999523,1.14499998093,0.49200001359,8.44099998474,8.47900009155,8.5,8.41800022125,8.34200000763,8.27799987793,8.23799991608,8.22799968719,8.19999980927,8.18000030518,8.35700035095,8.44900035858,8.51599979401,8.53999996185
Angola,AGO,,,,,,,,,,,,,,,,,,,,,,,,,,,,,,,,6.73099994659,6.65799999237,6.46700000763,6.76800012589,6.9390001297,6.92500019073,6.85200023651,6.82399988174,6.79799985886,6.8109998703,6.82499980927,6.93800020218,6.83300018311,6.89799976349,6.98500013351,7.0110001564,7.02899980545,6.91400003433,6.77299976349,6.78700017929,6.79199981689,6.80700016022,6.82800006866,6.80399990082,6.67100000381,6.57899999619
Albania,ALB,,,,,,,,,,,,,,,,,,,,,,,,,,,,,,,,13.2100000381,14.236000061,15.5649995804,15.3509998322,14.7110004425,14.404999733,13.4549999237,14.2299995422,14.5360002518,14.1479997635,22.6800003052,14.8459997177,13.9499998093,13.9139995575,13.8319997787,13.0559997559,13.5,13.0,13.7600002289,14.1999998093,13.9770002365,13.4379997253,15.6400003433,17.4899997711,17.0799999237,16.3330001831
Andorra,AND,,,,,,,,,,,,,,,,,,,,,,,,,,,,,,,,,,,,,,,,,,,,,,,,,,,,,,,,,
Arab World,ARB,,,,,,,,,,,,,,,,,,,,,,,,,,,,,,,,12.6810844388,12.9869522239,13.5931036163,13.7888163049,14.6288596058,14.1520720451,13.6969407229,13.4543080471,12.3006846228,13.0184835803,12.8951598729,13.1146810685,13.483729862,12.5337571021,11.867802335,11.0923289445,10.6736728913,10.3972293503,10.0410574649,10.0451979672,11.2090679848,11.4361142703,11.4037336028,11.5175097305,11.5334495065,11.3574398215
United Arab Emirates,ARE,,,,,,,,,,,,,,,,,,,,,,,,,,,,,,,,3.20700001717,3.257999897,3.26799988747,2.07999992371,1.79999995232,2.70499992371,2.61100006104,3.28600001335,3.28099989891,2.29999995232,3.31299996376,3.34999990463,2.79600000381,3.20499992371,3.09999990463,3.15700006485,3.18400001526,4.0,4.19999980927,4.17100000381,4.12799978256,4.08099985123,4.01999998093,3.96600008011,3.80500006676,3.69099998474
Argentina,ARG,,,,,,,,,,,,,,,,,,,,,,,,,,,,,,,,5.80000019073,6.69999980927,10.1000003815,12.1000003815,18.7999992371,17.2000007629,14.8999996185,12.8000001907,14.1000003815,15.0200004578,17.3999996185,19.6000003815,16.0300006866,13.5220003128,11.5059995651,9.44999980927,8.41499996185,7.83699989319,8.64500045776,7.71400022507,7.17899990082,7.21700000763,7.09999990463,7.26800012589,6.62200021744,6.55700016022
Armenia,ARM,,,,,,,,,,,,,,,,,,,,,,,,,,,,,,,,18.9869995117,18.0540008545,18.6280002594,17.7950000763,17.9589996338,18.1660003662,16.7329998016,17.3409996033,16.8939990997,18.0160007477,17.938999176,17.8120002747,17.6509990692,17.4689998627,17.2329998016,16.966999054,16.6660003662,16.3999996185,18.7000007629,19.0,18.3999996185,17.2999992371,16.2000007629,17.6000003815,17.0340003967,16.7590007782
American Samoa,ASM,,,,,,,,,,,,,,,,,,,,,,,,,,,,,,,,,,,,,,,,,,,,,,,,,,,,,,,,,
Antigua and Barbuda,ATG,,,,,,,,,,,,,,,,,,,,,,,,,,,,,,,,,,,,,,,,,,,,,,,,,,,,,,,,,
Australia,AUS,,,,,,,,,,,,,,,,,,,,,,,,,,,,,,,,9.57900047302,10.7290000916,10.8739995956,9.71899986267,8.46899986267,8.50599956512,8.36200046539,7.67600011826,6.87200021744,6.28299999237,6.742000103,6.36800003052,5.92899990082,5.39499998093,5.03299999237,4.78200006485,4.37699985504,4.23400020599,5.5609998703,5.21099996567,5.08099985123,5.22100019455,5.65600013733,6.07399988174,6.05999994278,5.73799991608
Austria,AUT,,,,,,,,,,,,,,,,,,,,,,,,,,,,,,,,3.40000009537,3.59999990463,4.30000019073,3.53500008583,4.34700012207,5.28100013733,5.14900016785,5.52299976349,4.69799995422,4.68699979782,4.00699996948,4.84899997711,4.77799987793,5.83400011063,5.62799978256,5.24300003052,4.85799980164,4.12799978256,5.30100011826,4.82000017166,4.5640001297,4.86499977112,5.33500003815,5.61999988556,5.72300004959,6.10900020599
Azerbaijan,AZE,,,,,,,,,,,,,,,,,,,,,,,,,,,,,,,,5.0110001564,4.95699977875,4.87799978256,4.76399993896,4.63800001144,4.51800012589,6.58699989319,7.23299980164,5.23299980164,11.8000001907,10.8999996185,10.0,9.19999980927,8.0,7.30000019073,6.59999990463,6.30000019073,5.90000009537,5.69999980927,5.59999990463,5.40000009537,5.19999980927,4.96999979019,4.90999984741,4.96000003815,5.07299995422
Burundi,BDI,,,,,,,,,,,,,,,,,,,,,,,,,,,,,,,,1.60599994659,1.59000003338,1.57000005245,1.58099997044,1.57700002193,1.58000004292,1.60899996758,1.6289999485,1.63300001621,1.64900004864,1.65600001812,1.66199994087,1.66199994087,1.6629999876,1.6590000391,1.65400004387,1.63999998569,1.63399994373,1.62000000477,1.61099994183,1.59899997711,1.59000003338,1.58200001717,1.56799995899,1.61500000954,1.59899997711
Belgium,BEL,,,,,,,,,,,,,,,,,,,,,,,,,,,,,,,,6.98600006104,6.70200014114,8.07699966431,9.64700031281,9.33899974823,9.48299980164,8.95600032806,9.32199954987,8.64900016785,6.58599996567,6.1779999733,6.90999984741,7.67999982834,7.36299991608,8.43999958038,8.24600028992,7.45800018311,6.97599983215,7.90799999237,8.29199981689,7.13999986649,7.54199981689,8.42500019073,8.52299976349,8.48200035095,8.25599956512
Benin,BEN,,,,,,,,,,,,,,,,,,,,,,,,,,,,,,,,0.862999975681,1.50999999046,1.20700001717,1.12699997425,0.93599998951,0.800999999046,0.893999993801,1.01699995995,0.894999980927,0.797999978065,0.721000015736,0.689999997616,1.18099999428,0.754999995232,0.89200001955,1.01199996471,1.04100000858,1.07299995422,1.10699999332,1.03999996185,1.03999996185,1.04299998283,1.04600000381,1.04299998283,1.01999998093,1.00499999523
Burkina Faso,BFA,,,,,,,,,,,,,,,,,,,,,,,,,,,,,,,,2.75600004196,2.3599998951,3.12700009346,2.59999990463,2.56999993324,2.45700001717,2.34800004959,2.5,2.49799990654,2.74099993706,2.38800001144,3.25500011444,2.40000009537,3.21600008011,4.0,2.32999992371,3.29999995232,3.30599999428,3.28200006485,3.31599998474,3.29800009727,3.29299998283,3.28999996185,3.26900005341,3.08400011063,2.9849998951
Bangladesh,BGD,,,,,,,,,,,,,,,,,,,,,,,,,,,,,,,,2.20000004768,3.78999996185,2.36899995804,2.88400006294,3.60400009155,2.50999999046,5.05999994278,2.72900009155,4.60300016403,3.26999998093,3.31299996376,3.3599998951,4.32000017166,4.45499992371,4.25,4.46099996567,3.95600008965,3.04600000381,5.0,4.53000020981,4.50199985504,4.47499990463,4.26000022888,4.2389998436,4.12300014496,4.06599998474
Bulgaria,BGR,,,,,,,,,,,,,,,,,,,,,,,,,,,,,,,,18.3700008392,13.7790002823,21.3999996185,20.0,15.6999998093,13.5,13.6999998093,12.1999998093,14.1000003815,16.218000412,19.920999527,18.1100006104,13.7329998016,12.0369997025,10.0830001831,8.95100021362,6.87799978256,5.61000013351,6.81699991226,10.2790002823,11.2600002289,12.2700004578,12.9409999847,11.4239997864,9.14299964905,8.00100040436
Bahrain,BHR,,,,,,,,,,,,,,,,,,,,,,,,,,,,,,,,1.36300003529,1.35899996758,1.35000002384,1.33500003815,1.33000004292,1.33899998665,1.40699994564,1.41799998283,1.42599999905,1.42100000381,1.43599998951,1.38800001144,1.38900005817,1.3789999485,1.34500002861,1.36600005627,1.36099994183,1.3370000124,1.30499994755,1.12999999523,1.23000001907,1.20000004768,1.1970000267,1.18900001049,1.23000001907,1.28100001812
"Bahamas, The",BHS,,,,,,,,,,,,,,,,,,,,,,,,,,,,,,,,12.3000001907,14.8000001907,13.1000003815,13.8299999237,11.1000003815,11.5,9.80000019073,7.65000009537,7.80000019073,7.60400009155,6.90000009537,9.10000038147,10.8400001526,10.1999998093,10.1999998093,7.59999990463,7.88000011444,8.18000030518,14.25,14.3299999237,14.5200004578,14.0200004578,16.2000007629,16.1800003052,16.077999115,15.3129997253
Bosnia and Herzegovina,BIH,,,,,,,,,,,,,,,,,,,,,,,,,,,,,,,,17.5499992371,20.7430000305,17.9750003815,18.392999649,18.8579998016,19.357000351,19.8880004883,20.4589996338,21.0799999237,21.7549991608,27.9050006866,23.7460002899,19.5620002747,23.8460006714,21.5499992371,31.1000003815,28.9300003052,23.2999992371,24.1000003815,27.2000007629,27.6000003815,28.1000003815,27.4500007629,27.5200004578,26.2600002289,25.7609996796
Belarus,BLR,,,,,,,,,,,,,,,,,,,,,,,,,,,,,,,,0.646000027657,0.646000027657,0.629000008106,0.632000029087,0.629999995232,0.628000020981,0.742999970913,0.708000004292,0.637000024319,0.675000011921,0.660000026226,0.665000021458,0.689999997616,0.744000017643,0.717999994755,0.725000023842,0.708000004292,0.725000023842,0.899999976158,0.699999988079,0.675999999046,0.619000017643,0.513999998569,0.49200001359,0.510999977589,0.52999997139
Belize,BLZ,,,,,,,,,,,,,,,,,,,,,,,,,,,,,,,,3.79999995232,5.62900018692,9.80000019073,11.1000003815,12.5,13.8000001907,12.6999998093,14.3000001907,12.8000001907,10.7539997101,9.10000038147,10.0,10.107000351,10.2159996033,10.9799995422,9.39999961853,8.5,8.19999980927,12.8500003815,13.236000061,13.6350002289,14.2700004578,11.6800003052,11.6000003815,9.97000026703,11.0340003967
Bermuda,BMU,,,,,,,,,,,,,,,,,,,,,,,,,,,,,,,,,,,,,,,,,,,,,,,,,,,,,,,,,
Bolivia,BOL,,,,,,,,,,,,,,,,,,,,,,,,,,,,,,,,5.90000009537,5.95200014114,6.0,3.09999990463,3.69000005722,5.23000001907,2.07999992371,2.6740000248,4.32999992371,4.80000019073,5.40000009537,5.40000009537,5.45200014114,4.30000019073,5.40000009537,5.30000019073,5.19999980927,2.90000009537,3.40000009537,5.98999977112,2.70000004768,2.29999995232,2.8900001049,3.5,3.50300002098,3.70900011063
Brazil,BRA,,,,,,,,,,,,,,,,,,,,,,,,,,,,,,,,10.2110004425,11.579000473,10.9870004654,10.6040000916,9.90799999237,11.1960000992,11.5839996338,14.7410001755,14.6730003357,13.9759998322,12.5369997025,13.0430002213,13.6759996414,12.8719997406,11.3669996262,11.4919996262,10.859000206,9.57299995422,9.72999954224,8.48799991608,7.78000020981,7.35200023651,7.13199996948,6.81199979782,8.52099990845,11.4519996643
Barbados,BRB,,,,,,,,,,,,,,,,,,,,,,,,,,,,,,,,17.1000003815,22.8999996185,25.6000003815,23.0,19.7000007629,14.6999998093,14.6000003815,12.3000001907,10.3999996185,9.30000019073,9.80000019073,10.3000001907,11.0,9.80000019073,9.10000038147,8.69999980927,7.40000009537,8.10000038147,10.0200004578,10.6899995804,11.1999998093,11.6000003815,11.5500001907,12.1700000763,11.3500003815,11.3859996796
Brunei Darussalam,BRN,,,,,,,,,,,,,,,,,,,,,,,,,,,,,,,,4.69999980927,4.6939997673,4.66900014877,4.63500022888,4.34800004959,4.117000103,3.90000009537,3.68400001526,3.46300005913,3.24000000954,3.05100011826,2.86800003052,2.69600009918,2.53200006485,2.37299990654,2.22300004959,2.08500003815,1.95700001717,1.8370000124,1.72200000286,1.72000002861,1.69799995422,1.67900002003,1.65799999237,1.86000001431,1.99500000477
Bhutan,BTN,,,,,,,,,,,,,,,,,,,,,,,,,,,,,,,,2.60100007057,2.90700006485,3.27099990845,2.12599992752,1.36899995804,1.59800004959,3.51799988747,1.39999997616,1.39999997616,1.69900000095,1.89999997616,1.86399996281,1.79999995232,2.5,3.05999994278,3.09999990463,3.70000004768,3.74099993706,3.96000003815,3.31999993324,3.23000001907,2.04999995232,2.86999988556,2.63000011444,2.45000004768,2.38400006294
Botswana,BWA,,,,,,,,,,,,,,,,,,,,,,,,,,,,,,,,13.8199996948,15.6809997559,17.5370006561,21.2000007629,21.6870002747,21.5,20.4780006409,20.7999992371,18.3540000916,15.8000001907,18.5400009155,20.9839992523,23.7999992371,22.1639995575,20.5170001984,17.8400001526,18.4349994659,12.9239997864,15.4239997864,17.8600006104,17.6210002899,17.4139995575,17.4309997559,17.0750007629,17.8560009003,18.3729991913
Central African Republic,CAF,,,,,,,,,,,,,,,,,,,,,,,,,,,,,,,,6.69000005722,6.66599988937,6.69099998474,6.82299995422,6.75,6.60699987411,6.80399990082,6.76200008392,6.76900005341,6.70900011063,6.74100017548,6.74800014496,6.66900014877,6.79300022125,6.79500007629,6.82000017166,6.80999994278,6.76700019836,6.75,6.75199985504,6.73500013351,6.72399997711,6.21199989319,6.63199996948,6.76499986649,6.867000103
Canada,CAN,,,,,,,,,,,,,,,,,,,,,,,,,,,,,,,,10.3000001907,11.1999998093,11.3999996185,10.3999996185,9.5,9.60000038147,9.10000038147,8.30000019073,7.59999990463,6.80000019073,7.19999980927,7.69999980927,7.59999990463,7.19999980927,6.80000019073,6.30000019073,6.0,6.09999990463,8.30000019073,8.10000038147,7.5,7.30000019073,7.09999990463,6.90000009537,6.90000009537,7.07299995422
Central Europe and the Baltics,CEB,,,,,,,,,,,,,,,,,,,,,,,,,,,,,,,,10.4726043826,10.5382927376,11.79263442,11.8913212485,10.8332687362,10.1379260875,9.15822033871,8.93597676454,10.3748843151,12.418699702,13.2010444416,13.7180001277,12.920545969,12.9164104061,12.0298268108,10.0964366712,7.80502309726,6.6034984981,8.48422076374,9.90115459279,9.78630255954,9.97542076789,10.0424755316,8.94304017283,7.81328332298,6.73424646195
Switzerland,CHE,,,,,,,,,,,,,,,,,,,,,,,,,,,,,,,,1.77699995041,2.81100010872,3.71700000763,3.8789999485,3.32699990273,3.70499992371,4.20399999619,3.59699988365,3.14499998093,2.66599988937,2.49000000954,2.9240000248,4.11600017548,4.31599998474,4.43699979782,4.0,3.65199995041,3.34999990463,4.11600017548,4.54400014877,4.03700017929,4.1859998703,4.38899993896,4.53599977493,4.54899978638,4.58300018311
Channel Islands,CHI,,,,,,,,,,,,,,,,,,,,,,,,,,,,,,,,9.48600006104,9.36800003052,9.52400016785,8.9390001297,8.75800037384,8.83899974823,8.49100017548,8.5389995575,8.52099990845,8.35700035095,8.82199954987,8.89700031281,8.88199996948,8.45899963379,8.63399982452,8.47900009155,8.46700000763,9.34399986267,10.4870004654,8.91199970245,9.21800041199,9.55200004578,9.23900032043,8.92599964142,8.84700012207,8.68200016022
Chile,CHL,,,,,,,,,,,,,,,,,,,,,,,,,,,,,,,,5.30000019073,4.40000009537,4.5,5.90000009537,4.69999980927,6.32600021362,6.11800003052,6.33699989319,9.81299972534,9.16199970245,9.1280002594,8.94400024414,8.4969997406,8.81000041962,8.00399971008,7.6890001297,7.1360001564,7.79600000381,9.6890001297,8.14200019836,7.11899995804,6.43200016022,5.93200016022,6.38999986649,6.21299982071,6.56599998474
China,CHN,,,,,,,,,,,,,,,,,,,,,,,,,,,,,,,,4.88999986649,4.38999986649,4.32999992371,4.34000015259,4.55000019073,4.59000015259,4.59999990463,4.73000001907,4.69999980927,4.53000020981,4.53000020981,4.40999984741,4.30000019073,4.30000019073,4.13999986649,4.0,3.75999999046,4.36000013351,4.29099988937,4.19999980927,4.34000015259,4.46999979019,4.53999996185,4.59299993515,4.58500003815,4.60500001907
Cote d'Ivoire,CIV,,,,,,,,,,,,,,,,,,,,,,,,,,,,,,,,8.98600006104,9.11699962616,9.36999988556,9.15200042725,9.25599956512,9.31200027466,9.27900028229,9.27299976349,9.21399974823,9.14900016785,9.18200016022,9.14700031281,9.15200042725,9.19900035858,9.21199989319,9.21000003815,9.21700000763,9.23499965668,9.25199985504,9.23700046539,9.13899993896,9.39999961853,9.39400005341,9.37699985504,9.34000015259,9.32199954987
Cameroon,CMR,,,,,,,,,,,,,,,,,,,,,,,,,,,,,,,,5.28299999237,5.30000019073,5.30800008774,5.32399988174,4.25500011444,8.10000038147,8.10900020599,8.11900043488,6.13899993896,6.48600006104,7.5,5.92199993134,5.99900007248,5.1360001564,4.40000009537,3.65400004387,2.90000009537,3.20600008965,3.51099991798,4.11000013351,4.10900020599,4.10400009155,4.10400009155,4.09800004959,4.36600017548,4.50699996948
"Congo, Dem. Rep.",COD,,,,,,,,,,,,,,,,,,,,,,,,,,,,,,,,3.56500005722,3.5529999733,3.53500008583,3.58599996567,3.64899992943,3.61899995804,3.58200001717,3.61100006104,3.61400008202,3.58699989319,3.63100004196,3.66899991035,3.69099998474,3.70199990273,3.70000004768,3.69600009918,3.70199990273,3.70199990273,3.6779999733,3.70399999619,3.7009999752,3.69899988174,3.70499992371,3.70799994469,3.66599988937,3.63599991798
"Congo, Rep.",COG,,,,,,,,,,,,,,,,,,,,,,,,,,,,,,,,12.5209999084,12.5489997864,12.4899997711,12.4090003967,10.345000267,10.7779998779,10.7189998627,10.6579999924,13.1169996262,16.033000946,10.236000061,11.2430000305,11.9250001907,12.642999649,15.8549995422,13.8800001144,13.2889995575,12.720000267,16.1000003815,14.5850000381,13.0740003586,10.0,9.98200035095,10.0559997559,10.6180000305,11.1870002747
Colombia,COL,,,,,,,,,,,,,,,,,,,,,,,,,,,,,,,,10.1199998856,9.43999958038,7.80000019073,8.25,8.69999980927,11.8100004196,12.1000003815,15.0,20.1000003815,20.5,15.0399999619,15.6330003738,14.1890001297,13.7170000076,11.8699998856,11.6999998093,11.204000473,11.2729997635,12.0659999847,11.8310003281,10.8760004044,10.4309997559,9.69600009918,9.15200042725,8.95300006866,9.8719997406
Comoros,COM,,,,,,,,,,,,,,,,,,,,,,,,,,,,,,,,19.9500007629,20.4009990692,20.2140007019,19.9470005035,20.2509994507,20.1049995422,20.3099994659,20.2310009003,20.2749996185,20.2709999084,20.3409996033,20.3710002899,20.3090000153,20.2010002136,20.313999176,20.1700000763,20.0890007019,20.0400009155,19.9960002899,19.9300003052,19.861000061,19.8080005646,19.7490005493,19.6259994507,19.8789997101,19.9570007324
Cabo Verde,CPV,,,,,,,,,,,,,,,,,,,,,,,,,,,,,,,,11.1490001678,11.0920000076,11.0989999771,11.0290002823,10.9940004349,10.9449996948,10.9499998093,10.9689998627,11.0590000153,11.0010004044,11.0010004044,11.0120000839,11.0819997787,11.0480003357,11.0679998398,11.1020002365,11.0550003052,10.9379997253,10.704000473,10.6700000763,10.6560001373,10.5249996185,10.4409999847,10.3809995651,10.4650001526,10.5200004578
Costa Rica,CRI,,,,,,,,,,,,,,,,,,,,,,,,,,,,,,,,5.37300014496,3.92700004578,3.95399999619,4.04500007629,5.17600011826,6.16200017929,5.6810002327,5.32700014114,5.89499998093,5.08199977875,5.91499996185,6.33400011063,6.55800008774,6.39099979401,6.57100009918,5.73999977112,4.48999977112,4.78100013733,7.71299982071,8.91699981689,10.3090000153,10.1719999313,9.38099956512,9.61999988556,9.61299991608,8.99899959564
Caribbean small states,CSS,,,,,,,,,,,,,,,,,,,,,,,,,,,,,,,,15.2859953787,16.1603266852,16.588467143,15.7639713564,15.2934180169,14.9706562396,14.9163592165,14.1359863975,13.9373251647,13.3077268082,12.5093263098,12.6906459069,11.4995347626,10.8040607852,10.274561933,9.01330545172,8.55243561769,9.45627686367,10.3095929256,10.9685787496,10.8009302046,11.3135854116,11.7490340752,11.2668368905,11.0389565844,11.1994490627
Cuba,CUB,,,,,,,,,,,,,,,,,,,,,,,,,,,,,,,,3.73799991608,3.71000003815,3.71499991417,4.33799982071,8.30000019073,7.59999990463,7.09999990463,6.19999980927,6.30000019073,5.40000009537,4.09999990463,3.29999995232,2.29999995232,1.89999997616,1.89999997616,1.89999997616,1.79999995232,1.60000002384,1.66999995708,2.5,3.20000004768,3.46000003815,3.28699994087,2.70000004768,2.90700006485,2.91499996185
Curacao,CUW,,,,,,,,,,,,,,,,,,,,,,,,,,,,,,,,,,,,,,,,,,,,,,,,,,,,,,,,,
Cayman Islands,CYM,,,,,,,,,,,,,,,,,,,,,,,,,,,,,,,,,,,,,,,,,,,,,,,,,,,,,,,,,
Cyprus,CYP,,,,,,,,,,,,,,,,,,,,,,,,,,,,,,,,7.95100021362,15.0970001221,7.94600009918,4.99499988556,8.76700019836,14.7130002975,6.5110001564,3.65700006485,5.69999980927,4.96700000763,3.98399996758,3.2990000248,4.13500022888,4.33300018311,5.30399990082,4.54300022125,3.92199993134,3.65499997139,5.3639998436,6.26300001144,7.85599994659,11.7950000763,15.8710002899,16.0879993439,14.9079999924,11.7279996872
Czech Republic,CZE,,,,,,,,,,,,,,,,,,,,,,,,,,,,,,,,2.26999998093,3.30200004578,4.32000017166,4.29600000381,4.02400016785,3.89400005341,4.27099990845,5.90399980545,8.48900032043,8.76200008392,7.99100017548,7.01900005341,7.54400014877,8.21000003815,7.92700004578,7.14799976349,5.32000017166,4.39200019836,6.66200017929,7.27899980545,6.71099996567,6.97800016403,6.95300006866,6.10799980164,5.04600000381,4.04500007629
Germany,DEU,,,,,,,,,,,,,,,,,,,,,,,,,,,,,,,,5.31699991226,6.32299995422,7.67500019073,8.72799968719,8.15799999237,8.82499980927,9.86299991608,9.78800010681,8.85499954224,7.91699981689,7.77299976349,8.48200035095,9.77900028229,10.7270002365,11.1669998169,10.25,8.65799999237,7.52500009537,7.742000103,6.96600008011,5.82399988174,5.37900018692,5.23099994659,4.98099994659,4.62400007248,4.3109998703
Djibouti,DJI,,,,,,,,,,,,,,,,,,,,,,,,,,,,,,,,7.08799982071,7.12400007248,7.00899982452,7.04899978638,6.99599981308,6.96600008011,6.97100019455,6.96299982071,6.97200012207,6.91599988937,6.90000009537,6.88500022888,6.85099983215,6.81699991226,6.79899978638,6.8060002327,6.80100011826,6.80499982834,6.73600006104,6.73699998856,6.7389998436,6.65700006485,6.60400009155,6.5609998703,6.59899997711,6.60500001907
Dominica,DMA,,,,,,,,,,,,,,,,,,,,,,,,,,,,,,,,,,,,,,,,,,,,,,,,,,,,,,,,,
Denmark,DNK,,,,,,,,,,,,,,,,,,,,,,,,,,,,,,,,9.09899997711,9.02700042725,10.7189998627,8.03600025177,6.992000103,6.84399986267,5.40000009537,5.03900003433,5.14099979401,4.47599983215,4.16400003433,4.27400016785,5.39799976349,5.20399999619,4.82999992371,3.89700007439,3.80100011826,3.43400001526,6.00699996948,7.46400022507,7.57299995422,7.52600002289,6.99700021744,6.58900022507,6.16800022125,6.05100011826
Dominican Republic,DOM,,,,,,,,,,,,,,,,,,,,,,,,,,,,,,,,19.8999996185,20.7000007629,19.8999996185,16.2000007629,15.8000001907,16.7000007629,15.6000003815,14.3999996185,13.8000001907,14.1999998093,15.6999998093,16.1000003815,16.7000007629,18.3999996185,18.0,16.3999996185,15.6999998093,14.1999998093,14.8999996185,12.3999996185,14.6999998093,14.7399997711,15.0200004578,14.5,14.3970003128,14.3629999161
Algeria,DZA,,,,,,,,,,,,,,,,,,,,,,,,,,,,,,,,20.6000003815,23.0,23.2000007629,24.3999996185,27.8999996185,29.341999054,25.4300003052,25.6749992371,25.9379997253,29.7700004578,27.2999992371,25.8999996185,23.7000007629,17.7000007629,15.3000001907,12.3000001907,13.8000001907,11.3000001907,10.1599998474,9.96000003815,10.0,10.970000267,9.81999969482,10.6000003815,11.0010004044,11.2220001221
East Asia & Pacific (excluding high income),EAP,,,,,,,,,,,,,,,,,,,,,,,,,,,,,,,,4.51649792834,4.11544611528,4.21613009431,4.53151938993,4.256276235,4.3028023943,4.37994974862,4.6708958304,4.72046235903,4.607451365,4.83480126615,4.80628946686,4.77262506101,4.81687091556,4.69430103586,4.50946470851,4.19654467063,4.54629396554,4.48011937277,4.32035153585,4.39839937353,4.33156442094,4.40584478814,4.39319900708,4.3901309163,4.36209873152
Early-demographic dividend,EAR,,,,,,,,,,,,,,,,,,,,,,,,,,,,,,,,5.20691344212,5.37074907594,5.56298751729,5.73903814215,5.75320959778,5.80974560934,6.09478909008,5.95134979597,6.22140637393,6.22926446675,6.42708874795,6.92085543708,6.76893182309,6.5646458264,6.7107122008,6.32232234115,5.81034037204,5.80218670536,5.99116089694,5.72525223636,5.76742630804,5.67209072908,5.64276926159,5.5867933517,5.58731694688,5.52913074481
East Asia & Pacific,EAS,,,,,,,,,,,,,,,,,,,,,,,,,,,,,,,,4.35559415746,4.01727071829,4.13557501214,4.42510645654,4.18015117589,4.23434414432,4.31093983704,4.71251021769,4.7828599147,4.62811652946,4.84622781417,4.83595599586,4.80349832551,4.80016682681,4.66470884162,4.46965147952,4.16020026805,4.48114026825,4.51236141688,4.36059283725,4.38894754994,4.31387737216,4.36652381204,4.34552615209,4.33193865758,4.29120866429
Europe & Central Asia (excluding high income),ECA,,,,,,,,,,,,,,,,,,,,,,,,,,,,,,,,10.0290017009,7.52415262613,7.68156431056,8.69877493402,8.80171817378,9.06287437428,10.0805352614,11.0053297456,11.2017932193,10.2111317699,9.72892321158,9.35335857259,9.21286680373,9.0542215223,8.50868591126,8.20113279485,7.52121478775,7.50086703232,9.203713523,8.62830782454,8.06058677169,7.50814703388,7.54569049036,7.71058984195,7.81090463628,7.78930492964
Europe & Central Asia,ECS,,,,,,,,,,,,,,,,,,,,,,,,,,,,,,,,9.21344474168,8.4435447783,9.27423750348,10.0732633337,9.82761915153,10.0074388572,10.3110462404,10.4346546798,10.327305096,9.60168947754,8.97310729467,8.98295952999,9.04555480081,9.07841652092,8.69526720741,8.13700590631,7.26705342007,7.19075241243,9.01950269733,9.09591692643,8.85757718607,9.06314898854,9.28995494317,9.00583538661,8.60610432792,8.18682124159
Ecuador,ECU,,,,,,,,,,,,,,,,,,,,,,,,,,,,,,,,5.80000019073,8.89999961853,8.30000019073,7.09999990463,6.90000009537,10.3800001144,9.17000007629,11.4899997711,14.3999996185,9.0,10.7100000381,9.06999969482,11.4399995804,8.55000019073,7.73999977112,7.69000005722,6.09999990463,7.30000019073,6.46999979019,5.01999998093,4.21000003815,4.11999988556,4.15000009537,3.79999995232,4.76999998093,5.36100006104
"Egypt, Arab Rep.",EGY,,,,,,,,,,,,,,,,,,,,,,,,,,,,,,,,9.60000038147,9.0,10.8999996185,11.0,11.3000001907,9.0,8.39999961853,8.02999973297,7.94999980927,9.0,9.26000022888,10.0100002289,11.0,10.3000001907,11.1999998093,10.4899997711,8.80000019073,8.69999980927,9.38000011444,8.97999954224,12.0,12.6700000763,13.2100000381,13.1700000763,12.8400001526,12.013999939
Euro area,EMU,,,,,,,,,,,,,,,,,,,,,,,,,,,,,,,,8.65006127407,9.12596481695,10.709569577,11.7997861781,11.4141863474,11.7885835456,11.7640168991,11.3042780642,10.5465268925,9.52472022856,8.44162220915,8.70242958599,9.04871822688,9.3376235853,9.03739918869,8.33666589042,7.44499126553,7.5030211032,9.54780687387,10.1118459272,10.1824136418,11.3523245086,11.9919639662,11.5902821072,10.8141168825,10.0421941039
Eritrea,ERI,,,,,,,,,,,,,,,,,,,,,,,,,,,,,,,,7.24700021744,7.25500011444,7.44099998474,7.49800014496,7.66400003433,7.49499988556,7.62200021744,7.64300012589,7.59999990463,7.59600019455,7.46299982071,7.69999980927,7.61199998856,7.51499986649,7.51900005341,7.4390001297,7.41099977493,7.21899986267,7.3189997673,7.24100017548,7.25299978256,7.16800022125,7.05900001526,7.03100013733,7.18400001526,7.26700019836
Spain,ESP,,,,,,,,,,,,,,,,,,,,,,,,,,,,,,,,15.9280004501,17.7010002136,22.1609992981,24.2089996338,22.6749992371,22.1420001984,20.6979999542,18.6739997864,15.4759998322,13.7849998474,10.3479995728,11.1459999084,11.2829999924,11.0900001526,9.14599990845,8.45199966431,8.23200035095,11.2550001144,17.857000351,19.8600006104,21.3910007477,24.7870006561,26.0939998627,24.4409999847,22.0569992065,19.4470005035
Estonia,EST,,,,,,,,,,,,,,,,,,,,,,,,,,,,,,,,1.46800005436,3.68099999428,6.54400014877,7.5609998703,9.65900039673,9.91499996185,10.3690004349,9.51000022888,11.5729999542,13.3599996567,13.1350002289,10.0260000229,11.2880001068,10.248000145,8.03299999237,5.91499996185,4.59200000763,5.45499992371,13.5480003357,16.7070007324,12.3280000687,10.0209999084,8.63099956512,7.35200023651,6.18699979782,6.91099977493
Ethiopia,ETH,,,,,,,,,,,,,,,,,,,,,,,,,,,,,,,,5.46000003815,5.45599985123,5.40399980545,5.41800022125,5.43200016022,5.4470000267,6.24900007248,7.16400003433,8.19999980927,5.15399980545,7.06799983978,6.43400001526,5.85099983215,5.31500005722,5.38000011444,5.26200008392,5.28299999237,5.21999979019,5.11800003052,5.16300010681,5.23999977112,5.91699981689,4.98000001907,4.98099994659,5.27400016785,5.73500013351
European Union,EUU,,,,,,,,,,,,,,,,,,,,,,,,,,,,,,,,8.82152223805,9.41522314064,10.8308272505,11.3954952351,10.7980008871,10.7970901816,10.4522190024,9.97185626898,9.7163982984,9.3337569992,8.66687276816,9.00648908186,9.07315416104,9.25688496727,8.95167285503,8.2131509001,7.16957529566,7.0042116947,8.91508548069,9.5588057198,9.64383152962,10.4545692886,10.8521629455,10.1900316331,9.36242484019,8.5828393059
Fragile and conflict affected situations,FCS,,,,,,,,,,,,,,,,,,,,,,,,,,,,,,,,7.50926010634,7.57329218937,7.87457254599,7.58319730377,7.63555159621,8.07041322103,8.09815308289,7.86228426227,7.56912794614,7.59401449951,7.7904989338,7.88267513521,8.48121471468,8.6954020521,8.39107533237,8.40308763944,8.50412223416,8.47513690754,8.18328140442,8.24591662159,8.33328154133,8.2917573243,8.34729545764,8.52542487072,8.55071135295,8.52031864207
Finland,FIN,,,,,,,,,,,,,,,,,,,,,,,,,,,,,,,,6.50299978256,11.595000267,16.2010002136,16.4260005951,17.0049991608,15.5719995499,14.9670000076,13.2139997482,11.6929998398,11.1350002289,10.2910003662,10.4230003357,10.4689998627,10.3579998016,8.38399982452,7.71899986267,6.85400009155,6.36899995804,8.25,8.39400005341,7.78100013733,7.6890001297,8.19299983978,8.66300010681,9.37600040436,8.9969997406
Fiji,FJI,,,,,,,,,,,,,,,,,,,,,,,,,,,,,,,,5.90000009537,5.40000009537,5.90000009537,5.69999980927,5.40000009537,5.78000020981,6.67199993134,8.85999965668,8.30900001526,7.78100013733,6.12599992752,8.35099983215,8.5,4.69999980927,4.59999990463,6.50400018692,8.60000038147,8.80000019073,8.69999980927,8.89999961853,9.0,9.0,8.95600032806,8.91499996185,8.22000026703,7.93499994278
France,FRA,,,,,,,,,,,,,,,,,,,,,,,,,,,,,,,,9.13399982452,10.2049999237,11.3210000992,12.593000412,12.0399999619,12.845000267,13.0559997559,12.6149997711,12.513999939,10.7430000305,9.10999965668,9.16899967194,8.79399967194,9.40200042725,8.94600009918,8.9359998703,8.05399990082,7.48400020599,9.14700031281,9.30399990082,9.24800014496,9.81499958038,10.3520002365,10.3050003052,10.359000206,9.96500015259
Faroe Islands,FRO,,,,,,,,,,,,,,,,,,,,,,,,,,,,,,,,,,,,,,,,,,,,,,,,,,,,,,,,,
"Micronesia, Fed. Sts.",FSM,,,,,,,,,,,,,,,,,,,,,,,,,,,,,,,,,,,,,,,,,,,,,,,,,,,,,,,,,
Gabon,GAB,,,,,,,,,,,,,,,,,,,,,,,,,,,,,,,,21.5569992065,19.1289997101,17.7800006866,17.6749992371,18.9610004425,17.5349998474,20.4279994965,17.3780002594,17.2420005798,17.1149997711,17.0030002594,16.8349990845,16.8339996338,16.7329998016,16.8999996185,16.7800006866,16.7070007324,16.6840000153,18.3519992828,20.3899993896,20.3869991302,20.2929992676,20.2740001678,20.1970005035,19.1100006104,18.5049991608
United Kingdom,GBR,,,,,,,,,,,,,,,,,,,,,,,,,,,,,,,,8.55200004578,9.77700042725,10.3479995728,9.64999961853,8.69400024414,8.1920003891,7.0720000267,6.20300006866,6.04300022125,5.56199979782,4.69600009918,5.03700017929,4.80700016022,4.59399986267,4.75,5.34999990463,5.26200008392,5.61499977112,7.53700017929,7.78700017929,8.03699970245,7.8860001564,7.52600002289,6.11100006104,5.30100011826,4.84899997711
Georgia,GEO,,,,,,,,,,,,,,,,,,,,,,,,,,,,,,,,12.3269996643,12.1180000305,12.0799999237,12.4729995728,11.1260004044,12.4239997864,12.345000267,14.5,13.8000001907,10.8199996948,11.1599998474,12.5900001526,11.5100002289,12.6199998856,13.8100004196,13.6000003815,13.279999733,16.4699993134,16.8400001526,16.2999992371,15.0600004196,15.0399999619,14.5600004196,12.3500003815,11.9600000381,11.5769996643
Ghana,GHA,,,,,,,,,,,,,,,,,,,,,,,,,,,,,,,,6.08099985123,4.69999980927,5.24800014496,6.20399999619,7.80499982834,8.50699996948,7.70900011063,8.19999980927,10.1000003815,10.3599996567,7.57299995422,9.18700027466,6.48099994659,5.3189997673,4.93300008774,3.59999990463,9.43000030518,5.58699989319,8.43099975586,4.19999980927,3.98300004005,4.09100008011,5.19999980927,5.13700008392,5.53700017929,5.76599979401
Gibraltar,GIB,,,,,,,,,,,,,,,,,,,,,,,,,,,,,,,,,,,,,,,,,,,,,,,,,,,,,,,,,
Guinea,GIN,,,,,,,,,,,,,,,,,,,,,,,,,,,,,,,,6.65899991989,6.68300008774,6.72100019455,6.72300004959,6.74700021744,6.76999998093,6.78900003433,6.79899978638,6.81500005722,6.81199979782,6.83799982071,6.85799980164,6.83599996567,6.86299991608,6.882999897,6.88800001144,6.88800001144,6.93400001526,6.87900018692,6.90000009537,6.90399980545,6.90100002289,6.97900009155,6.95200014114,6.90199995041,6.84700012207
"Gambia, The",GMB,,,,,,,,,,,,,,,,,,,,,,,,,,,,,,,,29.3479995728,29.2530002594,29.2900009155,29.0259990692,29.3530006409,29.4640007019,29.5520000458,29.9009990692,30.0130004883,30.0550003052,30.0580005646,29.7140007019,30.0669994354,30.031999588,29.6870002747,29.7159996033,29.7709999084,29.8190002441,29.8260002136,29.8129997253,29.375,29.7600002289,29.7339992523,29.5680007935,29.5729999542,29.6949996948
Guinea-Bissau,GNB,,,,,,,,,,,,,,,,,,,,,,,,,,,,,,,,6.65500020981,6.617000103,6.625,6.65199995041,6.68200016022,6.6939997673,6.73199987411,6.41200017929,6.86000013351,6.66599988937,6.70100021362,6.66800022125,6.69099998474,6.71799993515,6.73199987411,6.69799995422,6.6939997673,6.67600011826,6.65799999237,6.65399980545,6.69799995422,6.54300022125,6.55700016022,6.55900001526,6.54500007629,6.52899980545
Equatorial Guinea,GNQ,,,,,,,,,,,,,,,,,,,,,,,,,,,,,,,,6.61899995804,6.97499990463,6.58500003815,6.59200000763,6.53800010681,7.1810002327,8.55099964142,6.58500003815,6.62799978256,7.66699981689,7.26499986649,6.65999984741,6.65100002289,7.03800010681,6.68499994278,6.58400011063,6.86199998856,6.92199993134,6.72200012207,6.59700012207,6.79500007629,6.80999994278,6.6360001564,6.66400003433,6.95599985123,7.33400011063
Greece,GRC,,,,,,,,,,,,,,,,,,,,,,,,,,,,,,,,7.65600013733,7.84299993515,8.61299991608,8.86299991608,9.06200027466,9.65499973297,9.57699966431,10.8389997482,11.8529996872,11.248000145,10.4560003281,9.97500038147,9.41199970245,10.3109998703,9.99400043488,9.00800037384,8.39599990845,7.76000022888,9.61600017548,12.7130002975,17.8649997711,24.438999176,27.4659996033,26.4909992218,24.8969993591,23.9090003967
Grenada,GRD,,,,,,,,,,,,,,,,,,,,,,,,,,,,,,,,,,,,,,,,,,,,,,,,,,,,,,,,,
Greenland,GRL,,,,,,,,,,,,,,,,,,,,,,,,,,,,,,,,,,,,,,,,,,,,,,,,,,,,,,,,,
Guatemala,GTM,,,,,,,,,,,,,,,,,,,,,,,,,,,,,,,,3.20000004768,2.48699998856,2.87400007248,3.15199995041,2.69499993324,3.74799990654,2.57500004768,2.52300000191,1.89999997616,1.39999997616,1.29999995232,3.13000011444,3.40000009537,3.13000011444,2.47699999809,1.79999995232,2.5,2.79200005531,3.07899999619,3.74000000954,4.13000011444,2.86999988556,2.99000000954,2.91000008583,2.42000007629,2.37700009346
Guam,GUM,,,,,,,,,,,,,,,,,,,,,,,,,,,,,,,,3.5,3.90000009537,5.5,7.59999990463,7.90000009537,8.30000019073,9.60000038147,7.69999980927,14.6000003815,15.3000001907,13.3000001907,11.3999996185,9.41699981689,7.69999980927,7.0,7.40000009537,8.30000019073,8.98600006104,9.30000019073,8.19999980927,13.3000001907,12.1999998093,11.5,11.4919996262,11.0799999237,10.843000412
Guyana,GUY,,,,,,,,,,,,,,,,,,,,,,,,,,,,,,,,11.9829998016,11.8999996185,11.6319999695,11.345000267,11.142999649,11.3850002289,11.6370000839,11.6239995956,11.5659999847,11.5860004425,11.5399999619,11.8199996948,11.5270004272,11.265999794,10.2270002365,10.6999998093,10.3500003815,11.220000267,11.0129995346,10.9010000229,10.8920001984,11.2110004425,11.3640003204,11.8269996643,11.6020002365,11.4350004196
High income,HIC,,,,,,,,,,,,,,,,,,,,,,,,,,,,,,,,6.92270379345,7.48926597617,7.97093769495,7.9752189385,7.53051328922,7.56027844603,7.28916950749,7.22850119322,7.02663725532,6.60378920798,6.54343447037,7.06956498577,7.21849186084,7.0461828495,6.73212813811,6.17396620958,5.64244998582,5.93356728623,8.05858940708,8.33654779566,8.02134962361,8.08090940819,7.98505554048,7.35624928301,6.73170363378,6.2969450146
"Hong Kong SAR, China",HKG,,,,,,,,,,,,,,,,,,,,,,,,,,,,,,,,1.79999995232,1.96000003815,1.96000003815,1.89999997616,3.22000002861,2.82999992371,2.22000002861,4.57999992371,6.25,4.92000007629,5.09000015259,7.28000020981,7.86000013351,6.73999977112,5.57999992371,4.76999998093,4.01000022888,3.55999994278,5.26000022888,4.30999994278,3.42000007629,3.28999996185,3.38000011444,3.27999997139,3.27999997139,3.42199993134
Honduras,HND,,,,,,,,,,,,,,,,,,,,,,,,,,,,,,,,4.57999992371,3.19000005722,3.19600009918,3.18600010872,3.24000000954,4.36999988556,3.31999993324,4.01999998093,3.90000009537,3.86599993706,4.09999990463,3.90000009537,5.19999980927,6.0,4.19999980927,3.09999990463,2.90000009537,3.09999990463,3.29999995232,4.80000019073,4.40000009537,3.9319999218,3.91000008583,5.5,7.38000011444,6.28399991989
Heavily indebted poor countries (HIPC),HPC,,,,,,,,,,,,,,,,,,,,,,,,,,,,,,,,6.65748895807,6.60285747833,6.68700975032,6.67211592353,6.53740055812,6.70859137875,6.59618031894,6.87525023673,6.96842548266,6.68720171875,6.95705343382,6.75945922599,6.71175203323,6.59085963992,6.58100585705,6.50452348514,6.68633236318,6.32308545181,6.41236169233,6.3044987225,6.28499602005,6.01379268435,5.95694054001,6.02296830173,6.1389304552,6.23126646062
Croatia,HRV,,,,,,,,,,,,,,,,,,,,,,,,,,,,,,,,11.1400003433,10.5550003052,9.90900039673,10.5419998169,10.4479999542,10.0,9.89999961853,11.029999733,13.3000001907,15.8999996185,15.8000001907,15.0530004501,13.9239997864,13.6639995575,12.5979995728,11.1300001144,9.90900039673,8.52999973297,9.20199966431,11.6199998856,13.6780004501,15.9350004196,17.2509994507,17.2900009155,16.2770004272,13.4759998322
Haiti,HTI,,,,,,,,,,,,,,,,,,,,,,,,,,,,,,,,12.9379997253,12.9689998627,12.9750003815,13.1750001907,12.2089996338,12.376999855,12.3870000839,12.3690004349,7.19999980927,8.07299995422,9.10999965668,10.2489995956,11.4879999161,12.8159999847,14.2250003815,15.6739997864,16.7999992371,15.8739995956,14.9729995728,14.513999939,14.0360002518,14.1000003815,13.9729995728,13.9429998398,13.4899997711,13.1850004196
Hungary,HUN,,,,,,,,,,,,,,,,,,,,,,,,,,,,,,,,10.1350002289,9.9420003891,12.0979995728,10.8470001221,10.1680002213,10.0220003128,8.98999977112,8.92500019073,6.92899990082,6.56300020218,5.67100000381,5.60799980164,5.78999996185,5.83199977875,7.18800020218,7.49399995804,7.40600013733,7.81699991226,10.029999733,11.1719999313,11.0290002823,11.0030002594,10.1770000458,7.72499990463,6.81300020218,5.16800022125
IBRD only,IBD,,,,,,,,,,,,,,,,,,,,,,,,,,,,,,,,6.00677071255,5.59351750258,5.71240248352,5.9114408285,5.91915112743,6.03230008776,6.18436915692,6.53655387318,6.68811832286,6.57825252605,6.45919114441,6.62369799915,6.52925674082,6.36773521464,6.20907743024,5.93666625948,5.44505767776,5.62828162411,5.79881453171,5.53314681785,5.49046796486,5.40791827847,5.41515573803,5.39564382022,5.45625090504,5.58843926393
IDA & IBRD total,IBT,,,,,,,,,,,,,,,,,,,,,,,,,,,,,,,,5.9281025239,5.62023231364,5.68152426657,5.84633356272,5.88856885536,6.00277537346,6.17079930582,6.40877731893,6.57154791207,6.46319979827,6.42599708757,6.55196648421,6.49829897373,6.34856537383,6.22602473708,5.97096630239,5.56075683825,5.65485924611,5.85937385758,5.64312034044,5.63767010407,5.54801868688,5.54292387204,5.46985425553,5.52356619964,5.64739451933
IDA total,IDA,,,,,,,,,,,,,,,,,,,,,,,,,,,,,,,,5.54076408898,5.75052247003,5.53243639917,5.53555165631,5.74388609012,5.86452635616,6.10804305325,5.82494908237,6.04300690134,5.94926274098,6.27924032418,6.23776883443,6.36393093823,6.26607323024,6.29816706327,6.11428225063,6.03700752567,5.76256753725,6.10029889797,6.07175078637,6.20185661787,6.07711964334,6.01785993743,5.74136443111,5.76577368852,5.85449268315
IDA blend,IDB,,,,,,,,,,,,,,,,,,,,,,,,,,,,,,,,6.61623204386,6.44651793948,6.15720259427,6.00098238499,6.24709648783,6.85858866311,6.36042106865,6.49966340919,6.50156567956,7.20176195661,7.53939912813,7.52745926674,7.77879690749,7.42062018469,7.57373734662,6.98987833715,6.6179900056,6.58940466205,6.94582419452,7.05471157804,7.15727868543,7.20045664571,7.11744316909,6.1422189437,6.05244013089,6.24780602858
Indonesia,IDN,,,,,,,,,,,,,,,,,,,,,,,,,,,,,,,,2.58999991417,2.79999995232,4.23600006104,7.97200012207,3.61899995804,4.40000009537,4.69999980927,5.5,6.30000019073,6.09999990463,8.10000038147,9.10000038147,9.5,9.89999961853,11.1999998093,10.2760000229,9.10599994659,8.39200019836,7.87300014496,7.13999986649,7.47800016403,6.12799978256,6.16699981689,5.94000005722,5.98999977112,5.59999990463
IDA only,IDX,,,,,,,,,,,,,,,,,,,,,,,,,,,,,,,,5.10350312386,5.46799556394,5.28000016744,5.34741818268,5.54230401708,5.46454677553,6.00610932836,5.55298496168,5.85829703375,5.44352766848,5.77124722469,5.71704328744,5.79025233387,5.79558818663,5.77346727808,5.75038327405,5.79535777913,5.4178980244,5.74564749054,5.65755428567,5.79842283215,5.60249553747,5.55396204542,5.57260947449,5.64511604427,5.68912046171
Isle of Man,IMN,,,,,,,,,,,,,,,,,,,,,,,,,,,,,,,,,,,,,,,,,,,,,,,,,,,,,,,,,
India,IND,,,,,,,,,,,,,,,,,,,,,,,,,,,,,,,,3.9960000515,3.90100002289,4.05999994278,3.70000004768,3.97399997711,3.9509999752,4.3860001564,4.11899995804,4.21500015259,4.30999994278,3.77500009537,4.31599998474,3.92899990082,3.88899993896,4.40000009537,4.33099985123,3.72399997711,4.15399980545,3.90599989891,3.54999995232,3.53699994087,3.62299990654,3.57399988174,3.52999997139,3.49000000954,3.45799994469
Not classified,INX,,,,,,,,,,,,,,,,,,,,,,,,,,,,,,,,,,,,,,,,,,,,,,,,,,,,,,,,,
Ireland,IRL,,,,,,,,,,,,,,,,,,,,,,,,,,,,,,,,15.7749996185,15.029999733,15.5869998932,14.5699996948,11.9829998016,11.7170000076,10.2030000687,7.69899988174,5.80399990082,4.31799983978,3.68300008774,4.21500015259,4.47800016403,4.49100017548,4.34200000763,4.41499996185,4.67399978638,6.39900016785,12.0080003738,13.8540000916,14.625,14.6719999313,13.0439996719,11.2629995346,9.39599990845,8.08899974823
"Iran, Islamic Rep.",IRN,,,,,,,,,,,,,,,,,,,,,,,,,,,,,,,,11.1000003815,12.279999733,11.0089998245,10.2600002289,11.7379999161,12.7700004578,11.7170000076,11.6859998703,11.6540002823,11.7849998474,12.3140001297,12.8000001907,12.1929998398,10.3000001907,12.1000003815,11.3000001907,10.6000003815,10.4799995422,11.970000267,13.5200004578,12.3000001907,12.2100000381,10.3999996185,10.5699996948,11.0600004196,11.2690000534
Iraq,IRQ,,,,,,,,,,,,,,,,,,,,,,,,,,,,,,,,16.9300003052,18.1450004578,18.3999996185,17.5849990845,17.327999115,18.1620006561,17.6870002747,17.7619991302,17.5200004578,17.031999588,16.8999996185,16.781999588,28.1000003815,26.7999992371,17.9699993134,17.5,16.9029998779,15.3400001526,15.2239999771,15.2419996262,15.2189998627,15.2690000534,15.1379995346,14.9829998016,15.4779996872,16.0450000763
Iceland,ISL,,,,,,,,,,,,,,,,,,,,,,,,,,,,,,,,2.54800009727,4.30499982834,5.25699996948,5.32600021362,5.19600009918,3.59999990463,3.72000002861,3.06900000572,2.1779999733,1.93599998951,1.87399995327,2.98799991608,3.99699997902,4.03100013733,2.54699993134,2.82999992371,2.25099992752,2.94600009918,7.21999979019,7.5640001297,7.02799987793,6.0,5.37599992752,4.89699983597,3.97900009155,3.75999999046
Israel,ISR,,,,,,,,,,,,,,,,,,,,,,,,,,,,,,,,13.3870000839,14.0799999237,12.7410001755,9.93400001526,8.78199958801,8.45499992371,9.75100040436,10.7489995956,11.1829996109,11.1020002365,11.8120002747,12.8879995346,13.5050001144,13.0290002823,11.3420000076,10.7069997787,9.37899971008,7.70399999619,9.53400039673,8.47999954224,7.13899993896,6.85699987411,6.20800018311,5.88999986649,5.25099992752,5.60599994659
Italy,ITA,,,,,,,,,,,,,,,,,,,,,,,,,,,,,,,,10.1029996872,9.32800006866,10.2399997711,11.093000412,11.6689996719,11.8739995956,11.9989995956,12.1190004349,11.6899995804,10.8420000076,9.59500026703,9.20800018311,8.86600017548,7.86600017548,7.73000001907,6.77699995041,6.07499980927,6.72300004959,7.74900007248,8.36200046539,8.35900020599,10.654999733,12.1490001678,12.6829996109,11.8959999084,11.5410003662
Jamaica,JAM,,,,,,,,,,,,,,,,,,,,,,,,,,,,,,,,15.6999998093,15.3999996185,16.2999992371,15.3999996185,16.2000007629,16.0,16.5,15.5,15.6999998093,15.5,15.0,14.3000001907,11.6999998093,11.3999996185,10.8999996185,9.60000038147,9.30000019073,10.6000003815,11.3999996185,12.3999996185,12.6999998093,13.6999998093,15.25,13.6999998093,13.3079996109,13.2580003738
Jordan,JOR,,,,,,,,,,,,,,,,,,,,,,,,,,,,,,,,15.4130001068,17.5079994202,19.7000007629,18.2490005493,14.6000003815,13.6999998093,13.4569997787,13.0719995499,12.7449998856,13.6999998093,15.8000001907,16.2000007629,15.3999996185,12.3999996185,14.8000001907,14.0,13.1000003815,12.6999998093,12.8999996185,12.5,12.8999996185,12.1999998093,12.6000003815,11.8999996185,13.1029996872,13.2410001755
Japan,JPN,,,,,,,,,,,,,,,,,,,,,,,,,,,,,,,,2.09999990463,2.20000004768,2.5,2.90000009537,3.20000004768,3.40000009537,3.40000009537,4.09999990463,4.69999980927,4.69999980927,5.0,5.40000009537,5.30000019073,4.69999980927,4.40000009537,4.09999990463,3.90000009537,4.0,5.09999990463,5.09999990463,4.52099990845,4.30000019073,4.0,3.59999990463,3.40000009537,3.13599991798
Kazakhstan,KAZ,,,,,,,,,,,,,,,,,,,,,,,,,,,,,,,,3.06999993324,11.9580001831,1.11000001431,7.5,11.0,13.0,13.0,13.1000003815,13.5,12.8000001907,10.3999996185,9.32999992371,8.77999973297,8.39999961853,8.10000038147,7.80000019073,7.30000019073,6.63000011444,6.55000019073,5.76999998093,5.38999986649,5.28999996185,5.19999980927,5.0609998703,4.97100019455,5.22800016403
Kenya,KEN,,,,,,,,,,,,,,,,,,,,,,,,,,,,,,,,10.4930000305,10.4119997025,10.3859996796,9.29500007629,9.63399982452,9.98900032043,10.3549995422,10.7309999466,8.10000038147,8.63199996948,9.18799972534,9.77499961853,10.3900003433,10.5559997559,10.7170000076,10.892999649,11.0679998398,11.2410001755,12.1700000763,12.1840000153,12.0679998398,11.9589996338,11.8940000534,11.8149995804,11.2899999619,10.998000145
Kyrgyz Republic,KGZ,,,,,,,,,,,,,,,,,,,,,,,,,,,,,,,,8.36600017548,8.40299987793,8.45300006866,8.50699996948,8.55700016022,8.59500026703,8.26900005341,9.71399974823,7.82600021362,7.5,7.80000019073,12.5500001907,9.89999961853,8.52999973297,8.10999965668,8.27000045776,8.19999980927,8.19999980927,8.40999984741,8.64000034332,8.52999973297,8.43000030518,8.32999992371,8.05000019073,7.55999994278,7.6859998703
Cambodia,KHM,,,,,,,,,,,,,,,,,,,,,,,,,,,,,,,,0.477999985218,0.231000006199,0.589999973774,1.78499996662,1.28499996662,0.839999973774,0.612999975681,0.754000008106,1.60000002384,2.5,1.79999995232,1.91600000858,2.03399991989,2.117000103,1.79299998283,1.4620000124,0.870999991894,0.437999993563,0.187000006437,0.34999999404,0.20000000298,0.20000000298,0.300000011921,0.10000000149,0.179000005126,0.264999985695
Kiribati,KIR,,,,,,,,,,,,,,,,,,,,,,,,,,,,,,,,,,,,,,,,,,,,,,,,,,,,,,,,,
St. Kitts and Nevis,KNA,,,,,,,,,,,,,,,,,,,,,,,,,,,,,,,,,,,,,,,,,,,,,,,,,,,,,,,,,
"Korea, Rep.",KOR,,,,,,,,,,,,,,,,,,,,,,,,,,,,,,,,2.40700006485,2.51300001144,2.87800002098,2.47600007057,2.06299996376,2.04800009727,2.60800004005,6.96299982071,6.34200000763,4.40000009537,4.0,3.29999995232,3.59999990463,3.70000004768,3.70000004768,3.5,3.20000004768,3.20000004768,3.59999990463,3.70000004768,3.40000009537,3.20000004768,3.09999990463,3.5,3.59999990463,3.65199995041
Kuwait,KWT,,,,,,,,,,,,,,,,,,,,,,,,,,,,,,,,0.931999981403,0.883000016212,0.800000011921,0.699999988079,2.13000011444,0.699999988079,0.699999988079,0.699999988079,0.699999988079,0.800000011921,0.800000011921,1.10000002384,1.29999995232,1.70000004768,1.95000004768,1.29999995232,1.5,1.79999995232,1.60000002384,1.79999995232,3.59999990463,3.55200004578,3.49099993706,3.42199993134,2.77900004387,2.43899989128
Latin America & Caribbean (excluding high income),LAC,,,,,,,,,,,,,,,,,,,,,,,,,,,,,,,,7.91216833923,8.72395153267,8.44110249524,8.59304875414,9.47144262824,10.0826960141,9.59930054031,10.8427373078,11.3259368351,10.9510063934,10.1801518999,10.8993302305,10.8884676507,10.3418649649,9.16798658117,8.80097008514,8.23183263436,7.69872649822,8.16287990285,7.59970967495,7.115986188,6.76472262802,6.66673311877,6.4668518567,6.97483606773,8.07856264243
Lao PDR,LAO,,,,,,,,,,,,,,,,,,,,,,,,,,,,,,,,2.1400001049,2.41100001335,2.47499990463,2.53600001335,2.59999990463,1.94500005245,1.98899996281,1.95299994946,1.91600000858,1.88399994373,1.84899997711,1.81599998474,2.08899998665,2.41300010681,1.39999997616,1.39900004864,1.39600002766,1.39300000668,1.38900005817,1.38199996948,1.3710000515,1.35899996758,1.34399998188,1.32799994946,1.41799998283,1.48399996758
Lebanon,LBN,,,,,,,,,,,,,,,,,,,,,,,,,,,,,,,,8.53699970245,8.38700008392,8.01099967957,7.84299993515,8.02099990845,8.32900047302,6.10599994659,8.26700019836,8.52700042725,8.79199981689,8.10400009155,8.11999988556,8.46500015259,7.84999990463,8.13300037384,8.39900016785,8.97999954224,7.16300010681,6.19999980927,6.17000007629,6.15299987793,6.20100021362,6.22300004959,6.23000001907,6.53800010681,6.78399991989
Liberia,LBR,,,,,,,,,,,,,,,,,,,,,,,,,,,,,,,,4.2389998436,4.03700017929,4.05399990082,4.15899991989,4.32899999619,5.36000013351,5.13100004196,4.91699981689,4.71999979019,4.53700017929,4.36800003052,4.20900011063,4.09499979019,3.9849998951,4.9359998703,4.15600013733,5.59999990463,5.11299991608,4.61800003052,3.70000004768,3.71399998665,3.72199988365,3.72499990463,3.62299990654,3.8710000515,4.00199985504
Libya,LBY,,,,,,,,,,,,,,,,,,,,,,,,,,,,,,,,20.811000824,19.125,19.2000007629,19.3549995422,19.170999527,19.4449996948,19.4120006561,19.388999939,19.3549995422,19.3470001221,19.2630004883,19.2450008392,19.3969993591,19.2099990845,19.202999115,19.0100002289,18.8759994507,18.6879997253,18.4909992218,18.3990001678,17.1350002289,19.2199993134,19.2199993134,19.2199993134,19.2199993134,19.2199993134
St. Lucia,LCA,,,,,,,,,,,,,,,,,,,,,,,,,,,,,,,,18.8159999847,17.7129993439,16.7999992371,19.0,15.8999996185,16.2999992371,20.5,21.6000003815,18.1000003815,16.5,13.0799999237,14.6999998093,22.2000007629,21.0,18.7000007629,16.0,14.0,12.720000267,15.3699998856,20.6380004883,18.857000351,19.0620002747,22.2089996338,22.2350006104,20.5650005341,19.7590007782
Latin America & Caribbean,LCN,,,,,,,,,,,,,,,,,,,,,,,,,,,,,,,,7.93801871038,8.69783057575,8.42680640394,8.59715036113,9.39875747901,10.027211595,9.56126098744,10.7359446337,11.2891586033,10.9137119945,10.1910178027,10.8918786721,10.8651531835,10.3265889289,9.16604145931,8.78735841149,8.21516529816,7.71380882283,8.23177515255,7.65231857987,7.15144266502,6.79034397132,6.67890475384,6.49797963933,6.97573797693,8.05046043134
Least developed countries: UN classification,LDC,,,,,,,,,,,,,,,,,,,,,,,,,,,,,,,,4.84915778136,5.28177959949,5.05942134833,5.12188729061,5.26113775545,5.06398827726,5.63069949198,5.19712412843,5.55147989993,5.07559045354,5.49653157194,5.32028918117,5.54497019506,5.60793858069,5.63201743902,5.66977857395,5.55807666474,5.20817768613,5.49933214199,5.51105317235,5.588943099,5.39510204457,5.33046073691,5.34674319215,5.40019648693,5.45342167532
Low income,LIC,,,,,,,,,,,,,,,,,,,,,,,,,,,,,,,,5.46247106389,5.5987618506,5.5749283281,5.52133516702,5.37646675553,5.49723046578,5.49448130064,5.74462789476,5.67907023918,5.29850605058,5.91806717571,5.56532023188,5.6179277486,5.53496066043,5.64427490999,5.7514495403,5.7903806571,5.59507681494,5.55977154922,5.58191095616,5.61806466088,5.45074192464,5.3865608444,5.41282184267,5.46848703686,5.56696524237
Liechtenstein,LIE,,,,,,,,,,,,,,,,,,,,,,,,,,,,,,,,,,,,,,,,,,,,,,,,,,,,,,,,,
Sri Lanka,LKA,,,,,,,,,,,,,,,,,,,,,,,,,,,,,,,,14.6999998093,14.1999998093,13.6999998093,13.0,12.1999998093,11.3000001907,10.6000003815,9.10000038147,8.89999961853,7.69999980927,7.90000009537,8.80000019073,8.19999980927,8.39999961853,7.69999980927,6.5,6.0,5.19999980927,5.90000009537,4.90000009537,4.19999980927,4.0,4.40999984741,4.40000009537,4.65999984741,4.98099994659
Lower middle income,LMC,,,,,,,,,,,,,,,,,,,,,,,,,,,,,,,,5.0260989296,5.0316968797,5.2302013941,5.40511156329,5.15536106524,5.17480610601,5.55714595,5.44758594896,5.6309236169,5.73806849294,5.74177378679,6.10943325519,6.03000085136,5.98116541384,6.18863804703,5.92101693718,5.42606224217,5.44352346386,5.56181744143,5.30086384702,5.42669575876,5.28569607516,5.27842207165,5.11700548524,5.09105655837,5.02379080799
Low & middle income,LMY,,,,,,,,,,,,,,,,,,,,,,,,,,,,,,,,5.860378407,5.54806259239,5.5991374706,5.75523427238,5.82329452699,5.93927960202,6.11821886167,6.36203924478,6.49519718037,6.35374444931,6.3018404438,6.41970758756,6.37102719164,6.22534762868,6.11719947894,5.89334967097,5.51413806494,5.62712904088,5.81850550548,5.59542822677,5.59340804859,5.50259305621,5.49743838695,5.43221231579,5.49729686453,5.63014604543
Lesotho,LSO,,,,,,,,,,,,,,,,,,,,,,,,,,,,,,,,26.5520000458,26.9960002899,25.7749996185,26.2150001526,34.8680000305,26.5069999695,39.2999992371,33.4119987488,27.2700004578,26.2099990845,37.5830001831,27.4589996338,25.2800006866,31.6000003815,36.0229988098,25.2520008087,25.6130008698,25.2999992371,24.7749996185,25.6340007782,24.7119998932,25.2089996338,24.4400005341,24.6420001984,26.5200004578,27.4230003357
Late-demographic dividend,LTE,,,,,,,,,,,,,,,,,,,,,,,,,,,,,,,,6.29005223321,5.58380505994,5.47976953922,5.69020224472,5.82259607843,5.92531028033,6.07656547402,6.58983985407,6.67607701326,6.39210647836,6.12392423052,6.0141961442,5.96352451848,5.84669262422,5.51403408834,5.31682177932,4.92840203138,5.16807718836,5.40961290716,5.19082172151,5.11079958909,5.06984758759,5.0872594131,5.02901169923,5.15540635819,5.45203861939
Lithuania,LTU,,,,,,,,,,,,,,,,,,,,,,,,,,,,,,,,16.0079994202,10.1309995651,12.890999794,17.2999992371,17.5,15.6000003815,14.1000003815,13.7110004425,13.3879995346,15.9309997559,16.8400001526,13.0080003738,12.875,10.6840000153,8.32499980927,5.78000020981,4.25,5.82600021362,13.7849998474,17.813999176,15.3900003433,13.3649997711,11.7700004578,10.6979999542,9.11999988556,9.18500041962
Luxembourg,LUX,,,,,,,,,,,,,,,,,,,,,,,,,,,,,,,,1.48199999332,2.02900004387,2.32999992371,3.47900009155,2.91799998283,3.28600001335,2.52699995041,2.76300001144,2.3900001049,2.34500002861,1.80499994755,2.6210000515,3.67499995232,5.11299991608,4.48799991608,4.73099994659,4.06500005722,5.05999994278,5.12200021744,4.36100006104,4.90100002289,5.13999986649,5.84800004959,5.85200023651,6.66900014877,5.94199991226
Latvia,LVA,,,,,,,,,,,,,,,,,,,,,,,,,,,,,,,,17.6660003662,14.1040000916,17.9419994354,15.3789997101,8.09500026703,20.9300003052,14.6999998093,14.4630002975,13.7899999619,14.2110004425,13.8210000992,13.829000473,12.0609998703,11.7080001831,10.0329999924,7.03000020981,6.05200004578,7.7389998436,17.5149993896,19.482000351,16.2059993744,15.0469999313,11.8669996262,10.8459997177,9.87300014496,9.88300037384
"Macao SAR, China",MAC,,,,,,,,,,,,,,,,,,,,,,,,,,,,,,,,3.0,2.29999995232,2.0,2.40000009537,3.59999990463,4.19999980927,3.09999990463,4.5,6.30000019073,6.69999980927,6.5,6.40000009537,6.09999990463,4.90000009537,4.19999980927,3.70000004768,3.0,3.0,3.5,2.79999995232,2.59999990463,2.0,1.79999995232,1.70000004768,1.80200004578,2.72499990463
St. Martin (French part),MAF,,,,,,,,,,,,,,,,,,,,,,,,,,,,,,,,,,,,,,,,,,,,,,,,,,,,,,,,,
Morocco,MAR,,,,,,,,,,,,,,,,,,,,,,,,,,,,,,,,17.2999992371,16.0,15.8999996185,19.5750007629,22.8999996185,18.1000003815,16.8999996185,19.1200008392,13.9399995804,13.6000003815,12.4600000381,11.5900001526,11.9200000763,10.8299999237,11.0100002289,9.67000007629,9.80000019073,9.60000038147,9.10000038147,9.10000038147,8.90999984741,8.98999977112,9.22999954224,9.89999961853,9.69999980927,9.98299980164
Monaco,MCO,,,,,,,,,,,,,,,,,,,,,,,,,,,,,,,,,,,,,,,,,,,,,,,,,,,,,,,,,
Moldova,MDA,,,,,,,,,,,,,,,,,,,,,,,,,,,,,,,,7.31699991226,6.66400003433,6.08500003815,6.23299980164,6.38800001144,6.26499986649,7.46299982071,5.40700006485,11.1000003815,8.5,7.30000019073,6.80000019073,7.94999980927,8.17000007629,7.28999996185,7.38000011444,5.07000017166,3.98000001907,6.40000009537,7.44999980927,6.67999982834,5.57999992371,5.09999990463,3.8599998951,4.90000009537,4.98299980164
Madagascar,MDG,,,,,,,,,,,,,,,,,,,,,,,,,,,,,,,,4.50400018692,2.79699993134,1.54600000381,3.63899993896,2.10400009155,1.48099994659,2.31599998474,3.1099998951,3.0150001049,5.80000019073,5.58799982071,5.37799978256,5.0,3.77600002289,2.59999990463,3.85299992561,5.53599977493,5.43200016022,4.27500009537,3.83999991417,2.7009999752,1.29999995232,1.32500004768,1.44599997997,1.79999995232,2.13400006294
Maldives,MDV,,,,,,,,,,,,,,,,,,,,,,,,,,,,,,,,8.48600006104,4.80399990082,2.73699998856,0.81099998951,0.790000021458,1.18400001526,1.62399995327,1.41900002956,5.11000013351,1.97000002861,0.967999994755,4.23400020599,3.77800011635,3.35400009155,7.03900003433,14.4399995804,1.70799994469,2.99699997902,6.14900016785,11.7100000381,0.89200001955,1.21399998665,1.62699997425,5.21000003815,3.867000103,3.23399996758
Middle East & North Africa,MEA,,,,,,,,,,,,,,,,,,,,,,,,,,,,,,,,12.3317606511,12.89477448,13.1390580989,13.1101881374,14.1141983746,13.8660824552,13.2485301815,13.0885307215,12.0493805238,12.6908130842,12.7554114455,13.0671248561,13.3112980739,12.0921742848,11.8540514441,10.981046346,10.4292628539,10.0440230142,10.2251000788,10.5043769969,11.2804091432,11.4668663663,11.0771519428,11.2070490222,11.2703771541,11.147363144
Mexico,MEX,,,,,,,,,,,,,,,,,,,,,,,,,,,,,,,,3.04800009727,3.09599995613,3.21399998665,4.24700021744,6.88500022888,5.24900007248,4.05499982834,3.57299995422,2.48799991608,2.56399989128,2.53800010681,2.86400008202,2.96399998665,3.66000008583,3.55800008774,3.56599998474,3.64499998093,3.90400004387,5.37900018692,5.32899999619,5.1939997673,4.92299985886,4.94299983978,4.83099985123,4.33599996567,4.01499986649
Marshall Islands,MHL,,,,,,,,,,,,,,,,,,,,,,,,,,,,,,,,,,,,,,,,,,,,,,,,,,,,,,,,,
Middle income,MIC,,,,,,,,,,,,,,,,,,,,,,,,,,,,,,,,5.89755887601,5.54975932444,5.60602987789,5.77942934102,5.86471107779,5.97966422666,6.17356177187,6.41808718636,6.57014563941,6.45217932104,6.34351391827,6.50177613372,6.44406992002,6.29354660875,6.16553223009,5.91088519456,5.49209566617,5.63262953084,5.84638965635,5.6016683205,5.5971698562,5.51578716807,5.51767219637,5.4431850136,5.50832708471,5.6428076083
"Macedonia, FYR",MKD,,,,,,,,,,,,,,,,,,,,,,,,,,,,,,,,30.6310005188,30.5279998779,30.2929992676,31.3509998322,31.2590007782,35.6139984131,36.0,34.5,32.4000015259,32.2000007629,30.5,31.9400005341,36.6899986267,37.1500015259,37.2700004578,36.0999984741,35.0,33.7999992371,32.2000007629,32.0,31.3999996185,31.0,29.0,28.0300006866,26.0680007935,26.7280006409
Mali,MLI,,,,,,,,,,,,,,,,,,,,,,,,,,,,,,,,7.22599983215,7.06199979782,12.236000061,11.9060001373,7.37599992752,8.01700019836,3.29999995232,7.37099981308,9.27799987793,7.94500017166,7.62200021744,7.31599998474,4.53200006485,8.75399971008,9.58300018311,10.4200000763,11.6999998093,10.5659999847,9.42300033569,7.30000019073,6.90000009537,6.93200016022,7.30000019073,8.19999980927,8.13799953461,8.09700012207
Malta,MLT,,,,,,,,,,,,,,,,,,,,,,,,,,,,,,,,7.64300012589,6.83099985123,6.76599979401,6.57800006866,6.70399999619,6.82999992371,6.59499979019,6.36499977112,6.83300018311,6.32299995422,7.10699987411,6.90199995041,7.48799991608,7.31699991226,6.92299985886,6.79799985886,6.47200012207,5.97700023651,6.88899993896,6.84700012207,6.37799978256,6.30800008774,6.3860001564,5.80399990082,5.39099979401,5.31699991226
Myanmar,MMR,,,,,,,,,,,,,,,,,,,,,,,,,,,,,,,,0.920000016689,0.917999982834,0.913999974728,0.911000013351,0.897000014782,0.894999980927,0.893000006676,0.89099997282,0.888999998569,0.885999977589,0.880999982357,0.875999987125,0.870000004768,0.862999975681,0.856000006199,0.84500002861,0.833000004292,0.824000000954,0.814999997616,0.809000015259,0.805000007153,0.802999973297,0.800999999046,0.800000011921,0.800000011921,0.805999994278
Middle East & North Africa (excluding high income),MNA,,,,,,,,,,,,,,,,,,,,,,,,,,,,,,,,13.0929009943,13.5861126549,13.997210782,14.0756750462,15.4361190829,15.1090050766,14.3213568333,14.0643153035,13.0426270924,13.8221606765,13.8392938452,14.131670706,14.4030635872,12.9842137628,12.7823199668,11.8221408301,11.3161716347,11.0001638106,11.1802136398,11.6026122386,12.5880242817,12.8845679716,12.4380918008,12.6159224524,12.7461045658,12.5863452203
Montenegro,MNE,,,,,,,,,,,,,,,,,,,,,,,,,,,,,,,,19.7240009308,19.7569999695,19.7469997406,19.7240009308,19.8880004883,19.482000351,19.1630001068,19.0249996185,19.5090007782,19.329000473,19.2150001526,19.2670001984,20.2609996796,19.5310001373,19.5909996033,18.7859992981,19.3999996185,16.7999992371,19.1000003815,19.7000007629,19.7000007629,19.6000003815,19.5,18.0020008087,17.5200004578,17.4920005798
Mongolia,MNG,,,,,,,,,,,,,,,,,,,,,,,,,,,,,,,,6.78000020981,7.65899991989,8.60000038147,9.0,5.5,6.69999980927,7.69999980927,5.90000009537,4.69999980927,4.59999990463,4.59999990463,6.19999980927,6.80000019073,3.59999990463,3.29999995232,3.20000004768,7.19999980927,5.59999990463,5.90000009537,6.5,7.73799991608,8.22700023651,7.90500020981,7.94500017166,7.44999980927,6.69299983978
Northern Mariana Islands,MNP,,,,,,,,,,,,,,,,,,,,,,,,,,,,,,,,,,,,,,,,,,,,,,,,,,,,,,,,,
Mozambique,MOZ,,,,,,,,,,,,,,,,,,,,,,,,,,,,,,,,24.7110004425,23.6870002747,24.0209999084,23.8150005341,23.5540008545,24.3780002594,23.922000885,23.8180007935,23.5629997253,23.2420005798,23.4619998932,23.2089996338,23.0090007782,23.1089992523,23.202999115,23.3040008545,24.2900009155,24.0020008087,23.7450008392,23.5219993591,23.3180007935,22.5499992371,23.2940006256,25.2999992371,24.6690006256,24.3680000305
Mauritania,MRT,,,,,,,,,,,,,,,,,,,,,,,,,,,,,,,,18.6040000916,15.4729995728,15.1850004196,14.8959999084,14.6160001755,14.3339996338,14.0500001907,13.7720003128,16.2670001984,19.1000003815,14.8350000381,17.0069999695,13.0010004044,9.84899997711,10.9320001602,12.1239995956,13.4259996414,16.0629997253,13.2239999771,10.8369998932,10.904999733,10.1000003815,10.0979995728,10.0670003891,11.1180000305,11.656999588
Mauritius,MUS,,,,,,,,,,,,,,,,,,,,,,,,,,,,,,,,9.97399997711,3.29999995232,3.90000009537,4.5,9.59000015259,5.80000019073,6.59999990463,6.90000009537,7.69999980927,8.80000019073,6.80000019073,7.19999980927,7.69999980927,8.5,9.60000038147,9.10000038147,8.5,7.19999980927,7.30000019073,7.69999980927,7.90000009537,8.69999980927,7.61999988556,7.71899986267,7.92000007629,7.78299999237
Malawi,MWI,,,,,,,,,,,,,,,,,,,,,,,,,,,,,,,,6.89499998093,6.67500019073,6.90999984741,6.6360001564,6.96899986267,6.91599988937,6.86999988556,6.79500007629,7.33599996567,7.41300010681,7.4889998436,7.56599998474,7.64400005341,7.72200012207,7.80000019073,6.6779999733,6.58900022507,6.52899980545,6.51200008392,6.49399995804,6.47300004959,6.35699987411,6.44000005722,6.4359998703,6.63700008392,6.73500013351
Malaysia,MYS,,,,,,,,,,,,,,,,,,,,,,,,,,,,,,,,3.2460000515,3.70000004768,4.09999990463,3.77200007439,3.09999990463,2.5,2.40000009537,3.20000004768,3.40000009537,3.0,3.5,3.5,3.59999990463,3.5,3.5,3.29999995232,3.20000004768,3.29999995232,3.70000004768,3.40000009537,3.09999990463,3.0,3.09999990463,2.86999988556,3.09999990463,3.29800009727
North America,NAC,,,,,,,,,,,,,,,,,,,,,,,,,,,,,,,,7.16058682907,7.87513587165,7.35401956482,6.52961841984,5.98605510572,5.81380663031,5.31323057448,4.87450103975,4.53625118639,4.27748954799,4.94985697283,5.99359743809,6.16593576316,5.67716477203,5.27644685246,4.77612138236,4.74652228969,5.83156473307,9.1942612336,9.4396806117,8.7493798532,8.01367255776,7.36737031706,6.27625642468,5.47427335121,5.14281450883
Namibia,NAM,,,,,,,,,,,,,,,,,,,,,,,,,,,,,,,,19.0,19.047000885,19.0860004425,19.3999996185,19.4650001526,19.5300006866,19.5,19.6410007477,19.7670001984,20.2999992371,35.313999176,21.4050006866,20.452999115,21.8999996185,23.125,20.3020000458,20.9570007324,37.5999984741,29.7080001831,22.1000003815,24.6830005646,27.4099998474,29.6499996185,29.593000412,26.9370002747,25.5879993439
New Caledonia,NCL,,,,,,,,,,,,,,,,,,,,,,,,,,,,,,,,17.0599994659,17.4430007935,17.8010005951,18.107000351,18.3530006409,18.6000003815,17.9169998169,17.2259998322,16.2220001221,14.3240003586,13.4619998932,15.25,16.5590000153,16.3099994659,16.6970005035,16.9960002899,18.0400009155,15.5089998245,13.9670000076,13.9280004501,13.9580001831,14.0170001984,14.0439996719,14.031999588,14.5399999619,14.861000061
Niger,NER,,,,,,,,,,,,,,,,,,,,,,,,,,,,,,,,2.79200005531,5.03999996185,3.00500011444,2.81599998474,5.09999990463,3.03500008583,3.23200011253,3.13899993896,3.04399991035,3.8259999752,1.47000002861,2.25500011444,1.67200005054,2.71900010109,3.09999990463,2.92700004578,2.40000009537,2.44400000572,2.38899993896,2.44499993324,2.42100000381,2.48399996758,2.45199990273,2.46600008011,2.59100008011,2.63400006294
Nigeria,NGA,,,,,,,,,,,,,,,,,,,,,,,,,,,,,,,,5.9439997673,6.1859998703,6.19999980927,6.20699977875,6.25099992752,6.87400007248,4.62900018692,5.2389998436,5.92700004578,6.70200014114,6.77699995041,6.85300016403,6.9310002327,7.0110001564,7.05700016022,7.10200023651,7.14699983597,7.19199991226,7.23799991608,7.28599977493,7.33400011063,7.59999990463,7.09999990463,4.80000019073,4.27500009537,5.00500011444
Nicaragua,NIC,,,,,,,,,,,,,,,,,,,,,,,,,,,,,,,,14.4499998093,14.3999996185,13.3999996185,12.4560003281,16.8999996185,14.8999996185,13.3000001907,13.1999998093,10.8999996185,9.80000019073,6.40000009537,12.1999998093,8.0,6.69999980927,5.59999990463,5.30000019073,5.0,6.19999980927,8.19999980927,8.0,7.42100000381,6.74300003052,5.30000019073,5.27299976349,5.61000013351,5.89200019836
Netherlands,NLD,,,,,,,,,,,,,,,,,,,,,,,,,,,,,,,,7.28399991989,5.55499982834,6.28499984741,7.15899991989,7.15700006485,6.42100000381,5.5110001564,4.39400005341,3.62199997902,2.72499990463,2.11899995804,2.55399990082,3.59299993515,4.64599990845,4.72399997711,3.90499997139,3.17899990082,2.75,3.41300010681,4.44999980927,4.97700023651,5.82100009918,7.24300003052,7.41599988937,6.87200021744,6.16599988937
Norway,NOR,,,,,,,,,,,,,,,,,,,,,,,,,,,,,,,,5.40700006485,5.90999984741,5.96500015259,5.34899997711,6.30700016022,5.03599977493,4.68699979782,3.73699998856,3.24699997902,3.45799994469,3.73799991608,4.02199983597,4.22100019455,4.25600004196,4.38100004196,3.39899992943,2.49300003052,2.54999995232,3.10299992561,3.52099990845,3.21499991417,3.12299990654,3.42300009727,3.48399996758,4.29600000381,4.8060002327
Nepal,NPL,,,,,,,,,,,,,,,,,,,,,,,,,,,,,,,,2.54299998283,3.22499990463,3.20600008965,3.19099998474,3.17300009727,4.5,3.78500008583,3.07699990273,1.85000002384,2.04399991035,3.80800008774,2.89800000191,3.26600003242,2.19899988174,3.17899990082,3.16700005531,3.17000007629,2.09999990463,1.92200005054,2.52800011635,3.22199988365,2.45300006866,3.29999995232,3.0,3.03200006485,3.21300005913
Nauru,NRU,,,,,,,,,,,,,,,,,,,,,,,,,,,,,,,,,,,,,,,,,,,,,,,,,,,,,,,,,
New Zealand,NZL,,,,,,,,,,,,,,,,,,,,,,,,,,,,,,,,10.611000061,10.6730003357,9.79899978638,8.36100006104,6.46199989319,6.29799985886,6.84700012207,7.72499990463,7.03599977493,6.13700008392,5.44799995422,5.28499984741,4.75099992752,4.01200008392,3.81299996376,3.84999990463,3.59500002861,4.01800012589,5.82299995422,6.14499998093,5.96600008011,6.40700006485,5.76399993896,5.37599992752,5.36499977112,5.24599981308
OECD members,OED,,,,,,,,,,,,,,,,,,,,,,,,,,,,,,,,6.70880970386,7.24215151937,7.71032781068,7.76312966987,7.49144982439,7.36535178459,7.04789701353,6.94530049163,6.72616762649,6.2970629853,6.2990428823,6.86501451839,7.01183353706,6.92915421766,6.64224165976,6.06962739669,5.61547763107,5.95125790953,8.1276716617,8.30657475778,7.93237873964,7.94026575524,7.88150068868,7.34208129278,6.75076549212,6.32208337717
Oman,OMN,,,,,,,,,,,,,,,,,,,,,,,,,,,,,,,,18.017999649,17.8129997253,17.4379997253,17.0629997253,16.7989997864,17.2700004578,17.920999527,18.5300006866,19.0799999237,19.5270004272,19.5119991302,19.4270000458,19.3630008698,19.3180007935,19.2380008698,19.4720001221,19.4710006714,19.2450008392,18.875,18.3120002747,18.2119998932,17.9249992371,17.4279994965,16.8969993591,17.2520008087,17.5219993591
Other small states,OSS,,,,,,,,,,,,,,,,,,,,,,,,,,,,,,,,12.3368681476,12.6298987683,12.6560501644,13.086712789,14.7926924324,13.9450341467,15.2262158054,14.1908670334,13.7443961448,13.5731668146,16.0709220638,13.8949443915,14.0191742445,14.3398277725,14.4487627535,12.7447415439,12.3136914587,12.7397737692,12.9204112448,12.8022001202,12.4680909279,12.6705640156,12.7754482927,12.6657340129,12.4757230716,12.3725231621
Pakistan,PAK,,,,,,,,,,,,,,,,,,,,,,,,,,,,,,,,5.84999990463,5.17999982834,4.28000020981,4.26000022888,5.03000020981,5.40000009537,5.80999994278,5.69999980927,5.90000009537,7.15999984741,7.80000019073,7.82999992371,8.30000019073,7.40000009537,7.69999980927,6.09000015259,5.09999990463,4.98000001907,5.46000003815,5.55000019073,5.94999980927,5.9889998436,6.23999977112,5.59999990463,5.90000009537,5.86999988556
Panama,PAN,,,,,,,,,,,,,,,,,,,,,,,,,,,,,,,,16.1000003815,14.6999998093,13.3000001907,14.0,14.0,14.5,13.3999996185,14.0,11.8000001907,13.5,14.0,13.5,13.0,11.6999998093,9.80000019073,8.69999980927,6.40000009537,5.59999990463,6.59999990463,6.5,4.48000001907,4.05000019073,4.09999990463,4.82000017166,5.34600019455,5.81500005722
Peru,PER,,,,,,,,,,,,,,,,,,,,,,,,,,,,,,,,4.742000103,9.39999961853,7.11000013351,7.21400022507,6.44299983978,7.07000017166,7.69000005722,7.75,7.98999977112,7.34000015259,7.88000011444,7.69999980927,8.31000041962,9.02999973297,8.31000041962,7.23999977112,6.46999979019,6.63999986649,4.40000009537,4.0,3.90000009537,3.59999990463,4.0,4.07600021362,4.42299985886,4.94600009918
Philippines,PHL,,,,,,,,,,,,,,,,,,,,,,,,,,,,,,,,8.98999977112,8.64000034332,8.86999988556,8.43000030518,8.35999965668,7.40999984741,7.84999990463,9.38000011444,9.43000030518,11.1899995804,10.9499998093,11.5100002289,11.3900003433,11.8500003815,7.73999977112,7.98000001907,7.38999986649,7.32999992371,7.46999979019,7.34999990463,7.03000020981,6.98999977112,7.09999990463,6.59000015259,6.28999996185,5.87599992752
Palau,PLW,,,,,,,,,,,,,,,,,,,,,,,,,,,,,,,,,,,,,,,,,,,,,,,,,,,,,,,,,
Papua New Guinea,PNG,,,,,,,,,,,,,,,,,,,,,,,,,,,,,,,,2.71399998665,2.69899988174,2.66899991035,2.65300011635,2.65700006485,2.63499999046,2.63100004196,2.62599992752,2.61100006104,2.8599998951,2.7009999752,2.56999993324,2.59599995613,2.62199997902,2.55599999428,2.49399995804,2.43799996376,2.38400006294,2.40400004387,2.367000103,2.59999990463,2.58999991417,2.58500003815,2.57999992371,2.48399996758,2.48900008202
Poland,POL,,,,,,,,,,,,,,,,,,,,,,,,,,,,,,,,11.9659996033,13.3190002441,13.998000145,14.4440002441,13.3380002975,12.3540000916,10.9639997482,9.93500041962,12.2899999619,16.3129997253,18.3729991913,19.8950004578,19.3700008392,19.0729999542,17.7460002899,13.8400001526,9.60200023651,7.11800003052,8.16699981689,9.63700008392,9.63199996948,10.0880002975,10.3260002136,8.98999977112,7.50099992752,6.18300008774
Pre-demographic dividend,PRE,,,,,,,,,,,,,,,,,,,,,,,,,,,,,,,,7.18428601923,7.2310580468,7.31790418887,7.25016299856,7.059620233,7.34287886947,6.7979885085,7.00485918757,6.95424226829,7.24277459231,7.38496826966,7.25054804939,7.76901516895,7.73954380882,7.50261940471,7.49397671792,7.42975153229,7.29368679642,7.29265993663,7.29975866919,7.3555897511,7.04429356566,6.99616047488,6.59965839081,6.52674431142,6.68603048181
Puerto Rico,PRI,,,,,,,,,,,,,,,,,,,,,,,,,,,,,,,,16.1800003052,16.9300003052,16.9099998474,14.5600004196,13.9300003052,13.6400003433,13.8000001907,13.4600000381,11.8100004196,10.0799999237,11.3400001526,11.9399995804,11.779999733,10.3100004196,11.3500003815,11.0100002289,10.9300003052,11.4799995422,15.0,16.1000003815,15.6999998093,14.5,14.3000001907,13.8999996185,12.029999733,12.626999855
"Korea, Dem. Peoples Rep.",PRK,,,,,,,,,,,,,,,,,,,,,,,,,,,,,,,,5.72100019455,6.39699983597,5.49399995804,4.75699996948,5.20900011063,4.71899986267,4.61100006104,4.5529999733,4.51599979401,4.45399999619,4.45599985123,4.45499992371,4.47800016403,4.48799991608,4.49900007248,4.47399997711,4.45300006866,4.45100021362,4.42700004578,4.39599990845,4.37300014496,4.35900020599,4.33900022507,4.3189997673,4.29899978638,4.27600002289
Portugal,PRT,,,,,,,,,,,,,,,,,,,,,,,,,,,,,,,,3.91899991035,3.9849998951,5.30000019073,6.71299982071,7.0640001297,7.29799985886,6.57100009918,4.65100002289,4.59499979019,3.81999993324,3.82500004768,4.49700021744,6.13199996948,6.31699991226,7.58199977875,7.64699983597,7.96400022507,7.55200004578,9.43200016022,10.7700004578,12.6770000458,15.5270004272,16.1830005646,13.8940000534,12.4440002441,11.1599998474
Paraguay,PRY,,,,,,,,,,,,,,,,,,,,,,,,,,,,,,,,6.33199977875,7.50699996948,5.05999994278,4.40999984741,3.40000009537,8.19999980927,5.40000009537,5.30000019073,6.59999990463,7.59999990463,7.59999990463,10.6999998093,7.90000009537,7.40000009537,5.80000019073,6.69999980927,5.61999988556,5.59000015259,6.51000022888,5.67999982834,5.51000022888,4.84999990463,5.01000022888,6.01000022888,5.28999996185,5.43699979782
West Bank and Gaza,PSE,,,,,,,,,,,,,,,,,,,,,,,,,,,,,,,,26.9139995575,28.6009998322,24.9880008698,25.5860004425,21.5739994049,23.7999992371,20.2999992371,14.5699996948,11.6099996567,14.220000267,24.9400005341,30.6800003052,24.4500007629,26.7800006866,23.4599990845,23.5799999237,21.3899993896,25.9899997711,24.5499992371,23.7299995422,20.9400005341,22.9699993134,23.3999996185,26.9449996948,25.8999996185,24.938999176
Pacific island small states,PSS,,,,,,,,,,,,,,,,,,,,,,,,,,,,,,,,11.0903826455,11.0259962407,11.2948907799,11.5736222067,11.4645842042,11.7304819644,12.6923984843,13.8360274834,13.6875711126,13.3139307864,12.5532621851,13.7028113651,13.6138267103,11.7689877726,11.9756854787,12.7350087621,14.3057816704,13.9321988565,14.1847990208,14.5387049327,14.4001378588,14.7098984754,14.7710346918,14.8321654643,14.5422430136,14.4542235755
Post-demographic dividend,PST,,,,,,,,,,,,,,,,,,,,,,,,,,,,,,,,6.69667403214,7.17567038973,7.72380711983,7.64775543737,7.24431957258,7.34129275203,7.19662314426,7.27878429873,7.00369423497,6.44779462541,6.29582678906,6.67616720144,6.78065005143,6.59188000902,6.27417345132,5.87250678878,5.47293975241,5.83246619045,7.99470145256,8.25861218407,7.97418741247,8.04394379191,7.95265885751,7.42090349325,6.82385595679,6.3855044542
French Polynesia,PYF,,,,,,,,,,,,,,,,,,,,,,,,,,,,,,,,17.9869995117,16.8600006104,15.763999939,14.7370004654,13.7969999313,12.8999996185,13.9560003281,15.0679998398,21.2140007019,17.3169994354,14.1639995575,11.7100000381,16.5750007629,13.1850004196,16.1089992523,19.466999054,11.6999998093,12.8280000687,12.4099998474,11.9420003891,16.2479991913,21.7900009155,21.7240009308,21.6149997711,19.2940006256,17.8980007172
Qatar,QAT,,,,,,,,,,,,,,,,,,,,,,,,,,,,,,,,0.754999995232,0.467000007629,0.414999991655,0.36700001359,0.324999988079,0.298000007868,2.83500003815,0.467999994755,0.294999986887,1.42299997807,5.39400005341,4.70100021362,3.82800006866,2.07100009918,1.55999994278,1.36800003052,0.572000026703,0.347000002861,0.354000002146,0.451000005007,0.582000017166,0.458999991417,0.287000000477,0.209999993443,0.16400000453,0.226999998093
Romania,ROU,,,,,,,,,,,,,,,,,,,,,,,,,,,,,,,,7.3639998436,8.26000022888,8.09799957275,8.19999980927,8.0,6.69999980927,5.51399993896,5.62900018692,6.23699998856,6.96700000763,6.55800008774,8.10999965668,6.94999980927,7.71899986267,7.17399978638,7.26900005341,6.41300010681,5.78800010681,6.85900020599,6.95900011063,7.17700004578,6.79400014877,7.09600019455,6.80200004578,6.81199979782,6.42100000381
Russian Federation,RUS,,,,,,,,,,,,,,,,,,,,,,,,,,,,,,,,12.1120004654,5.1810002327,5.882999897,8.13099956512,9.44900035858,9.66499996185,11.8129997253,13.2609996796,13.0360002518,10.5810003281,8.97799968719,7.875,8.21000003815,7.76300001144,7.12400007248,7.05499982834,6.00199985504,6.20499992371,8.30099964142,7.34499979019,6.49599981308,5.45800018311,5.47800016403,5.15600013733,5.56699991226,5.72300004959
Rwanda,RWA,,,,,,,,,,,,,,,,,,,,,,,,,,,,,,,,0.300000011921,2.34999990463,1.61699998379,1.12800002098,0.799000024796,0.560000002384,1.4960000515,3.28600001335,1.2460000515,3.31500005722,3.39700007439,0.899999976158,1.01900005341,2.79299998283,2.43099999428,2.68600010872,2.89199995995,0.744000017643,2.20900011063,2.69400000572,2.94499993324,3.44000005722,3.41300010681,3.40899991989,2.79999995232,2.52699995041
South Asia,SAS,,,,,,,,,,,,,,,,,,,,,,,,,,,,,,,,4.05594619529,4.10391025759,3.99886158987,3.76246360241,4.08081969761,3.9956720931,4.61201144707,4.11094850395,4.37309201867,4.3846642825,4.07252834508,4.48007845088,4.40982132981,4.30406997487,4.71933867849,4.54762012178,3.93904611133,4.12977509667,4.19634106212,3.89402294613,3.9287393318,3.97862889304,3.97542487447,3.87617196868,3.87119969025,3.84957770055
Saudi Arabia,SAU,,,,,,,,,,,,,,,,,,,,,,,,,,,,,,,,6.96500015259,6.95399999619,5.98600006104,6.06699991226,5.90500020981,6.37900018692,6.49399995804,6.94600009918,4.34999990463,4.57000017166,4.61999988556,5.26999998093,5.55999994278,5.82000017166,6.05000019073,6.25,5.73000001907,5.07999992371,5.38000011444,5.55000019073,5.76999998093,5.51999998093,5.57000017166,5.71999979019,5.59000015259,5.52899980545
Sudan,SDN,,,,,,,,,,,,,,,,,,,,,,,,,,,,,,,,14.8800001144,14.7030000687,14.7810001373,14.670999527,14.642999649,14.6599998474,15.2019996643,14.7270002365,14.6680002213,14.6260004044,14.4060001373,14.3260002136,14.2939996719,14.2220001221,14.107000351,14.1420001984,14.0889997482,14.8000001907,13.0,12.9639997482,12.8950004578,12.8579998016,12.9670000076,12.9119997025,13.1780004501,13.3020000458
Senegal,SEN,,,,,,,,,,,,,,,,,,,,,,,,,,,,,,,,10.4650001526,7.9439997673,8.16699981689,8.53100013733,8.90699958801,10.2620000839,10.0069999695,8.57600021362,8.34200000763,9.88099956512,9.125,5.65000009537,8.05399990082,8.38599967957,8.46800041199,10.029999733,8.80000019073,9.47099971771,10.1529998779,9.24800014496,10.3599996567,10.3870000839,10.3629999161,10.3629999161,9.78499984741,9.48200035095
Singapore,SGP,,,,,,,,,,,,,,,,,,,,,,,,,,,,,,,,1.89999997616,3.08999991417,3.06999993324,3.02999997139,3.29999995232,3.56999993324,2.5,3.41000008583,4.84999990463,3.70000004768,3.75999999046,5.65000009537,5.92999982834,5.84000015259,5.59000015259,4.48000001907,3.90000009537,3.96000003815,4.30000019073,3.09999990463,2.90000009537,2.79999995232,2.79999995232,2.80100011826,1.69000005722,1.82899999619
Solomon Islands,SLB,,,,,,,,,,,,,,,,,,,,,,,,,,,,,,,,31.954000473,31.8819999695,32.1819992065,32.1399993896,32.108001709,32.2910003662,32.2989997864,32.1699981689,32.1300010681,32.3489990234,32.1090011597,31.892999649,31.5820007324,31.4629993439,31.2840003967,31.4400005341,31.3229999542,31.2469997406,31.4950008392,31.1459999084,30.9869995117,31.2129993439,31.2800006866,31.3339996338,31.4039993286,31.4260005951
Sierra Leone,SLE,,,,,,,,,,,,,,,,,,,,,,,,,,,,,,,,2.99399995804,2.88499999046,2.77699995041,2.8259999752,2.87400007248,2.92499995232,2.97499990463,3.02800011635,3.07999992371,3.13599991798,3.18799996376,3.25,3.30900001526,3.40000009537,3.30500006676,3.21099996567,3.11899995804,3.02900004387,3.02099990845,3.01200008392,3.30800008774,3.12400007248,2.95000004768,2.79999995232,2.97000002861,2.99499988556
El Salvador,SLV,,,,,,,,,,,,,,,,,,,,,,,,,,,,,,,,6.58300018311,8.08899974823,9.89999961853,7.69999980927,7.59999990463,7.69999980927,8.0,7.30000019073,7.30000019073,7.0,7.0,6.19999980927,6.90000009537,6.80000019073,7.19999980927,6.59999990463,6.40999984741,5.88000011444,7.32999992371,7.05000019073,6.61999988556,6.07000017166,5.92999982834,5.92100000381,6.17500019073,6.28700017929
San Marino,SMR,,,,,,,,,,,,,,,,,,,,,,,,,,,,,,,,,,,,,,,,,,,,,,,,,,,,,,,,,
Somalia,SOM,,,,,,,,,,,,,,,,,,,,,,,,,,,,,,,,6.64099979401,6.49100017548,6.64200019836,6.36899995804,6.6360001564,6.68400001526,6.59399986267,6.66099977493,6.67100000381,6.67000007629,6.67100000381,6.68200016022,6.68699979782,6.68499994278,6.69000005722,6.68699979782,6.6939997673,6.69899988174,6.70599985123,6.71600008011,6.73000001907,6.74499988556,6.7610001564,6.77500009537,6.66599988937,6.61999988556
Serbia,SRB,,,,,,,,,,,,,,,,,,,,,,,,,,,,,,,,13.8409996033,16.4449996948,19.357000351,22.5699996948,13.3999996185,13.1999998093,13.8000001907,13.6999998093,13.6999998093,12.6000003815,12.8000001907,13.8000001907,15.1999998093,18.5,20.8500003815,20.8500003815,18.0599994659,13.6300001144,16.1000003815,19.2000007629,23.0,23.8999996185,22.1200008392,18.8700008392,17.6599998474,16.5300006866
Sub-Saharan Africa (excluding high income),SSA,,,,,,,,,,,,,,,,,,,,,,,,,,,,,,,,7.98428892455,7.97043807747,8.20503115456,7.8109703847,7.58309528378,8.03809309876,7.88104719575,8.28553042268,8.37719157716,8.34236521859,8.63762793478,8.41974625992,8.22107627097,7.96060115304,7.95044292315,7.8095542276,7.9284525905,7.71833114172,7.83051666132,7.74671074636,7.76489426966,7.61624334332,7.49176534158,7.18351465872,7.1557862423,7.35971930076
South Sudan,SSD,,,,,,,,,,,,,,,,,,,,,,,,,,,,,,,,,,,,,,,,,,,,,,,,,,,,,,,,,
Sub-Saharan Africa,SSF,,,,,,,,,,,,,,,,,,,,,,,,,,,,,,,,7.98428892455,7.97043807747,8.20503115456,7.8109703847,7.58309528378,8.03809309876,7.88104719575,8.28553042268,8.37719157716,8.34236521859,8.63762793478,8.41974625992,8.22107627097,7.96060115304,7.95044292315,7.8095542276,7.9284525905,7.71833114172,7.83051666132,7.74671074636,7.76489426966,7.61624334332,7.49176534158,7.18351465872,7.1557862423,7.35971930076
Small states,SST,,,,,,,,,,,,,,,,,,,,,,,,,,,,,,,,12.9992281632,13.416783273,13.5526628666,13.6647462075,14.7329503517,14.0724844778,15.0117949452,14.1582967452,13.7867885549,13.497317119,15.0605544331,13.6095994545,13.4280554449,13.4113334516,13.3936743874,11.930210039,11.6073911607,12.1079097757,12.4482903699,12.5182893096,12.229051218,12.4990394908,12.6668148954,12.4937558998,12.2941857699,12.2442029723
Sao Tome and Principe,STP,,,,,,,,,,,,,,,,,,,,,,,,,,,,,,,,3.66000008583,9.42599964142,4.45900011063,15.3970003128,11.8710002899,5.75899982452,5.47200012207,17.6800003052,17.6490001678,14.4200000763,15.7299995422,17.6299991608,16.3600006104,16.1200008392,16.4699993134,16.6499996185,11.8800001144,16.6030006409,15.4709997177,14.2980003357,14.2919998169,13.5900001526,13.515999794,13.4720001221,13.5550003052,13.5979995728
Suriname,SUR,,,,,,,,,,,,,,,,,,,,,,,,,,,,,,,,11.8409996033,17.2999992371,14.6999998093,12.6999998093,8.39999961853,10.8999996185,10.5,10.6000003815,13.8000001907,10.9250001907,8.60799980164,14.3690004349,8.11800003052,9.48999977112,8.65299987793,7.66300010681,7.66800022125,14.8159999847,9.02000045776,7.55999994278,6.90399980545,6.24800014496,4.84000015259,6.94000005722,8.38500022888,9.98200035095
Slovak Republic,SVK,,,,,,,,,,,,,,,,,,,,,,,,,,,,,,,,12.329000473,12.3009996414,12.1999998093,13.6540002823,13.109000206,11.3409996033,11.8940000534,12.1870002747,15.9469995499,19.0620002747,19.3819999695,18.7210006714,17.1200008392,18.5990009308,16.2560005188,13.373000145,11.142999649,9.50800037384,12.0249996185,14.3789997101,13.6169996262,13.9630002975,14.2209997177,13.1840000153,11.4809999466,9.99100017548
Slovenia,SVN,,,,,,,,,,,,,,,,,,,,,,,,,,,,,,,,7.07999992371,7.66499996185,8.51000022888,8.23999977112,7.15000009537,6.90799999237,6.64699983597,7.38899993896,7.32399988174,6.91800022125,5.68200016022,5.92199993134,6.47900009155,6.01200008392,6.50600004196,5.94999980927,4.81799983978,4.37099981308,5.85699987411,7.23600006104,8.16600036621,8.84000015259,10.1020002365,9.66800022125,8.96199989319,8.69299983978
Sweden,SWE,,,,,,,,,,,,,,,,,,,,,,,,,,,,,,,,3.24300003052,5.72200012207,9.32999992371,9.57999992371,8.89700031281,9.54699993134,10.359000206,8.94099998474,7.60699987411,5.46600008011,4.73000001907,4.96500015259,5.55499982834,6.69299983978,7.48600006104,7.06599998474,6.16099977493,6.23500013351,8.35099983215,8.60999965668,7.80399990082,7.97599983215,8.05200004578,7.95300006866,7.43200016022,7.09299993515
Swaziland,SWZ,,,,,,,,,,,,,,,,,,,,,,,,,,,,,,,,23.7560005188,22.8190002441,23.2910003662,22.8330001831,21.7000007629,21.8600006104,22.5,23.0119991302,22.5489997864,22.8670005798,23.6009998322,21.9740009308,23.1469993591,24.3339996338,25.5170001984,26.7380008698,28.2399997711,28.1609992981,27.9489994049,27.7670001984,27.5160007477,27.3080005646,27.0189990997,26.7110004425,25.7530002594,25.2810001373
Sint Maarten (Dutch part),SXM,,,,,,,,,,,,,,,,,,,,,,,,,,,,,,,,,,,,,,,,,,,,,,,,,,,,,,,,,
Seychelles,SYC,,,,,,,,,,,,,,,,,,,,,,,,,,,,,,,,,,,,,,,,,,,,,,,,,,,,,,,,,
Syrian Arab Republic,SYR,,,,,,,,,,,,,,,,,,,,,,,,,,,,,,,,6.80000019073,7.27600002289,7.40000009537,7.40899991989,7.19999980927,11.9440002441,15.1999998093,10.4580001831,7.59999990463,9.56299972534,11.6000003815,11.6999998093,10.3000001907,9.77400016785,9.21500015259,8.19999980927,8.39999961853,10.8999996185,8.10000038147,8.39999961853,14.8999996185,14.5860004425,14.4739999771,14.4989995956,14.5369997025,14.3120002747
Turks and Caicos Islands,TCA,,,,,,,,,,,,,,,,,,,,,,,,,,,,,,,,,,,,,,,,,,,,,,,,,,,,,,,,,
Chad,TCD,,,,,,,,,,,,,,,,,,,,,,,,,,,,,,,,5.6779999733,5.60599994659,5.57299995422,5.66300010681,5.60699987411,5.64599990845,5.69099998474,5.71199989319,5.63899993896,5.64300012589,5.78000020981,5.75199985504,5.82299995422,6.03399991989,5.7610001564,5.6890001297,5.71999979019,5.72100019455,5.73699998856,5.83799982071,5.69999980927,5.78999996185,5.75899982452,5.77199983597,5.78399991989,5.78499984741
East Asia & Pacific (IDA & IBRD countries),TEA,,,,,,,,,,,,,,,,,,,,,,,,,,,,,,,,4.49842795085,4.08128172011,4.19713878342,4.52819235531,4.24230770967,4.29676703801,4.37661248268,4.67259592828,4.72338941844,4.60963458572,4.84017121294,4.81125810017,4.77677614701,4.8214880221,4.69703936874,4.50996139883,4.19295861662,4.54762696254,4.4808637424,4.31929096058,4.39875410783,4.33118160158,4.40677690486,4.3942339788,4.39140372595,4.36331849813
Europe & Central Asia (IDA & IBRD countries),TEC,,,,,,,,,,,,,,,,,,,,,,,,,,,,,,,,10.2050774324,8.04888347574,8.25953744829,9.22119908943,9.20855863507,9.35828944883,10.1602531836,10.9082810407,11.2970526842,10.7485496727,10.4985537131,10.2821619622,10.1021967056,9.92904463098,9.31492336623,8.68713887957,7.69888383667,7.46803091692,9.11405532298,8.71597596536,8.196443271,7.7316764719,7.78577336848,7.82098126171,7.78434060093,7.65227178266
Togo,TGO,,,,,,,,,,,,,,,,,,,,,,,,,,,,,,,,6.9390001297,6.91699981689,6.77699995041,7.14900016785,7.23299980164,6.95699977875,7.0529999733,6.98500013351,7.04300022125,7.00199985504,6.99300003052,6.98500013351,7.04799985886,7.00600004196,6.97800016403,6.99100017548,6.94500017166,6.92399978638,6.91300010681,6.89499998093,6.87900018692,6.86800003052,6.83900022507,6.81699991226,6.8109998703,6.79400014877
Thailand,THA,,,,,,,,,,,,,,,,,,,,,,,,,,,,,,,,2.70000004768,1.38999998569,1.5,1.35000002384,1.13999998569,1.07000005245,0.870000004768,3.40000009537,2.96000003815,2.3900001049,2.59999990463,1.75999999046,1.53999996185,1.50999999046,1.35000002384,1.22000002861,1.17999994755,1.17999994755,1.49000000954,1.03999996185,0.660000026226,0.579999983311,0.769999980927,0.839999973774,0.666000008583,0.625999987125
Tajikistan,TJK,,,,,,,,,,,,,,,,,,,,,,,,,,,,,,,,11.0120000839,10.8520002365,10.6820001602,10.6829996109,10.734000206,11.5760002136,11.9079999924,11.7589998245,12.013999939,11.8050003052,11.670999527,11.8420000076,11.6949996948,11.7390003204,11.6879997253,11.6770000458,11.482000351,11.2060003281,11.5,11.5539999008,11.2390003204,10.9169998169,10.8699998856,10.732000351,10.7829999924,10.8190002441
Turkmenistan,TKM,,,,,,,,,,,,,,,,,,,,,,,,,,,,,,,,8.95499992371,8.92500019073,8.85000038147,8.7469997406,8.85299968719,9.29100036621,9.28299999237,9.24400043488,9.22099971771,9.21300029755,9.20800018311,9.21399974823,9.21399974823,9.22200012207,9.22900009155,9.23700046539,9.24199962616,9.23799991608,9.23600006104,9.20400047302,9.15200042725,9.09899997711,9.03199958801,8.95800018311,8.71599960327,8.61800003052
Latin America & the Caribbean (IDA & IBRD countries),TLA,,,,,,,,,,,,,,,,,,,,,,,,,,,,,,,,7.97757797881,8.75094925963,8.46752130391,8.64462151274,9.38638460756,10.0554578152,9.5850376842,10.8190567514,11.3956397511,11.0382679216,10.311905333,11.0402000465,11.0288049695,10.4889262785,9.29164176469,8.90713357512,8.32437765348,7.81034960731,8.31872395056,7.7027722616,7.17943636038,6.81017734853,6.69870361091,6.52558890735,7.01871370326,8.11574958154
Timor-Leste,TLS,,,,,,,,,,,,,,,,,,,,,,,,,,,,,,,,5.80200004578,5.15100002289,4.55000019073,4.71799993515,4.92700004578,5.16200017929,5.21600008011,5.42000007629,5.62900018692,5.80499982834,9.89999961853,9.22200012207,8.57699966431,7.92600011826,7.25400018692,6.4889998436,6.69999980927,5.71700000763,4.77600002289,3.04999995232,3.0720000267,3.09899997711,3.12800002098,3.13599991798,3.63400006294,4.01900005341
Middle East & North Africa (IDA & IBRD countries),TMN,,,,,,,,,,,,,,,,,,,,,,,,,,,,,,,,12.9961664949,13.4795099879,13.9186466455,13.9927144145,15.3910510581,15.0441889177,14.2766251665,14.0605947029,13.0529371658,13.8192607012,13.757511147,14.0115318571,14.3286012939,12.879572837,12.7005947573,11.7290402631,11.2337041996,10.8716061929,11.0673205023,11.4996945346,12.512597514,12.7904589353,12.3339900817,12.4763653029,12.615158967,12.4607597977
Tonga,TON,,,,,,,,,,,,,,,,,,,,,,,,,,,,,,,,5.46899986267,5.33300018311,5.21400022507,5.13399982452,5.10699987411,5.11499977112,5.13899993896,5.14799976349,5.18800020218,5.22900009155,5.20499992371,5.1970000267,5.19999980927,5.1859998703,5.15999984741,5.13000011444,5.09899997711,5.05000019073,5.007999897,4.98799991608,4.98699998856,5.00899982452,5.04500007629,5.07600021362,4.95499992371,4.86499977112
South Asia (IDA & IBRD),TSA,,,,,,,,,,,,,,,,,,,,,,,,,,,,,,,,4.05594619529,4.10391025759,3.99886158987,3.76246360241,4.08081969761,3.9956720931,4.61201144707,4.11094850395,4.37309201867,4.3846642825,4.07252834508,4.48007845088,4.40982132981,4.30406997487,4.71933867849,4.54762012178,3.93904611133,4.12977509667,4.19634106212,3.89402294613,3.9287393318,3.97862889304,3.97542487447,3.87617196868,3.87119969025,3.84957770055
Sub-Saharan Africa (IDA & IBRD countries),TSS,,,,,,,,,,,,,,,,,,,,,,,,,,,,,,,,7.98428892455,7.97043807747,8.20503115456,7.8109703847,7.58309528378,8.03809309876,7.88104719575,8.28553042268,8.37719157716,8.34236521859,8.63762793478,8.41974625992,8.22107627097,7.96060115304,7.95044292315,7.8095542276,7.9284525905,7.71833114172,7.83051666132,7.74671074636,7.76489426966,7.61624334332,7.49176534158,7.18351465872,7.1557862423,7.35971930076
Trinidad and Tobago,TTO,,,,,,,,,,,,,,,,,,,,,,,,,,,,,,,,18.5200004578,19.6599998474,19.8099994659,18.4400005341,17.2199993134,16.25,15.0100002289,14.2100000381,13.1199998856,12.1000003815,10.8000001907,10.3900003433,10.5,8.30000019073,7.94999980927,6.26999998093,5.53999996185,4.63000011444,5.28000020981,5.92999982834,4.69999980927,5.0,3.58999991417,3.30999994278,3.3900001049,3.85299992561
Tunisia,TUN,,,,,,,,,,,,,,,,,,,,,,,,,,,,,,,,14.4370002747,14.9449996948,15.470000267,16.2220001221,13.1780004501,14.4969997406,15.8999996185,15.8339996338,16.0,15.6999998093,15.1000003815,15.3000001907,14.5,13.8999996185,12.8999996185,12.5,12.3999996185,12.3999996185,13.2899999619,13.0500001907,18.3299999237,17.6299991608,15.9340000153,15.7670001984,15.154999733,14.7860002518
Turkey,TUR,,,,,,,,,,,,,,,,,,,,,,,,,,,,,,,,8.21000003815,8.50899982452,8.96199989319,8.57699966431,7.64400005341,6.62900018692,6.84100008011,6.88800001144,7.68699979782,6.49499988556,8.38099956512,10.3579998016,10.5419998169,10.8380002975,10.6359996796,8.71800041199,8.86800003052,9.71000003815,12.5520000458,10.6599998474,8.79599952698,8.14900016785,8.73200035095,9.88000011444,10.236000061,10.329000473
Tuvalu,TUV,,,,,,,,,,,,,,,,,,,,,,,,,,,,,,,,,,,,,,,,,,,,,,,,,,,,,,,,,
Tanzania,TZA,,,,,,,,,,,,,,,,,,,,,,,,,,,,,,,,3.59999990463,4.07499980927,3.91100001335,3.81900000572,3.45900011063,3.22600007057,3.47199988365,3.4319999218,3.28200006485,3.3259999752,5.09999990463,3.59999990463,3.02500009537,2.80399990082,3.07899999619,3.0,2.0,2.42700004578,2.5,2.89800000191,3.47000002861,3.21000003815,2.93000006676,2.09999990463,2.42600011826,2.61899995804
Uganda,UGA,,,,,,,,,,,,,,,,,,,,,,,,,,,,,,,,0.939999997616,2.29600000381,2.94899988174,2.69600009918,1.90400004387,2.95399999619,1.74100005627,2.7009999752,2.60299992561,1.67499995232,2.17899990082,3.5,3.20000004768,2.61599993706,1.89999997616,3.33999991417,2.77999997139,1.82099997997,2.81500005722,3.0569999218,3.37700009346,1.45599997044,1.90999996662,1.91199994087,2.14700007439,2.28099989891
Ukraine,UKR,,,,,,,,,,,,,,,,,,,,,,,,,,,,,,,,7.62099981308,7.57399988174,8.18999958038,6.78399991989,5.59999990463,7.59999990463,8.89999961853,11.3000001907,11.6000003815,11.6000003815,10.8999996185,9.60000038147,9.10000038147,8.59000015259,7.17999982834,6.80000019073,6.40000009537,6.40000009537,8.80000019073,8.10000038147,7.90000009537,7.5,7.19999980927,9.27000045776,9.14000034332,8.87399959564
Upper middle income,UMC,,,,,,,,,,,,,,,,,,,,,,,,,,,,,,,,6.53332966866,5.92992282068,5.88512124768,6.06043576239,6.40052527193,6.59198960153,6.64422706245,7.16555778459,7.29928752995,7.01029753552,6.82018400229,6.81545279308,6.77957208993,6.54936417075,6.14637990104,5.90245753678,5.54714543061,5.79075621728,6.08567740497,5.85680627027,5.74254599598,5.71265178797,5.72433939404,5.72729096356,5.87623960189,6.20164759697
Uruguay,URY,,,,,,,,,,,,,,,,,,,,,,,,,,,,,,,,8.94999980927,8.96000003815,8.35000038147,9.03999996185,10.0200004578,10.8500003815,11.3999996185,9.77999973297,11.3000001907,13.3299999237,14.8999996185,17.0,16.3500003815,15.2329998016,12.1999998093,10.5600004196,9.14999961853,7.70300006866,7.30000019073,6.80000019073,6.32000017166,6.44000005722,6.44999980927,6.46000003815,7.29699993134,8.15400028229
United States,USA,,,,,,,,,,,,,,,,,,,,,,,,,,,,,,,,6.80000019073,7.5,6.90000009537,6.09999990463,5.59999990463,5.40000009537,4.90000009537,4.5,4.19999980927,4.0,4.69999980927,5.80000019073,6.0,5.5,5.09999990463,4.59999990463,4.59999990463,5.80000019073,9.30000019073,9.60000038147,8.89999961853,8.10000038147,7.40000009537,6.19999980927,5.30000019073,4.90600013733
Uzbekistan,UZB,,,,,,,,,,,,,,,,,,,,,,,,,,,,,,,,8.98099994659,8.83699989319,8.9359998703,8.89599990845,8.94299983978,9.30099964142,9.28499984741,9.27799987793,9.27600002289,9.28299999237,9.29199981689,9.3079996109,9.32400035858,9.33399963379,9.34300041199,9.34300041199,9.33699989319,9.32400035858,9.29800033569,9.25500011444,9.19799995422,9.12600040436,9.04599952698,8.96199989319,8.91800022125,8.89500045776
St. Vincent and the Grenadines,VCT,,,,,,,,,,,,,,,,,,,,,,,,,,,,,,,,19.7700004578,19.8020000458,19.9790000916,20.216999054,20.3880004883,20.5079994202,19.8950004578,19.4260005951,18.9920005798,20.2989997864,21.1000003815,20.6210002899,20.1550006866,19.767999649,19.4249992371,19.063999176,18.7719993591,18.7999992371,18.8439998627,18.857000351,18.6630001068,18.5419998169,18.4150009155,18.4629993439,19.0419998169,19.311000824
"Venezuela, RB",VEN,,,,,,,,,,,,,,,,,,,,,,,,,,,,,,,,9.5,7.69999980927,6.69999980927,8.60000038147,10.1999998093,12.3999996185,10.6000003815,11.0,14.5,13.1999998093,12.8000001907,16.2000007629,16.7999992371,15.0,11.3999996185,9.32999992371,7.46999979019,6.84999990463,8.05000019073,8.44999980927,7.84000015259,7.40999984741,7.78999996185,6.95399999619,6.82000017166,6.89900016785
British Virgin Islands,VGB,,,,,,,,,,,,,,,,,,,,,,,,,,,,,,,,,,,,,,,,,,,,,,,,,,,,,,,,,
Virgin Islands (U.S.),VIR,,,,,,,,,,,,,,,,,,,,,,,,,,,,,,,,9.89000034332,9.875,9.45199966431,10.0710000992,9.76299953461,9.57199954987,9.71199989319,9.2889995575,9.44799995422,8.65499973297,9.13899993896,7.34999990463,9.45699977875,9.34700012207,9.34599971771,9.19099998474,9.12899971008,9.22700023651,9.35700035095,9.04199981689,9.38300037384,9.64099979401,9.43200016022,9.25100040436,9.20800018311,9.10799980164
Vietnam,VNM,,,,,,,,,,,,,,,,,,,,,,,,,,,,,,,,2.69000005722,2.61599993706,2.89599990845,2.45900011063,2.14199995995,1.89999997616,2.90000009537,2.29999995232,2.29999995232,2.29999995232,2.79999995232,2.09999990463,2.29999995232,2.09999990463,2.3259999752,2.44499993324,2.41499996185,2.28999996185,2.6099998951,2.6400001049,2.01999998093,1.79999995232,1.95000004768,1.87000000477,2.11999988556,2.1779999733
Vanuatu,VUT,,,,,,,,,,,,,,,,,,,,,,,,,,,,,,,,5.79199981689,5.78399991989,5.76999998093,5.74399995804,5.72900009155,5.73000001907,5.73199987411,5.7389998436,5.73799991608,5.72499990463,5.72300004959,5.71199989319,5.68300008774,5.65999984741,5.62799978256,5.59499979019,5.55999994278,5.50899982452,5.46000003815,5.42199993134,5.39499998093,5.36199998856,5.32999992371,5.29699993134,5.27899980545,5.35900020599
World,WLD,,,,,,,,,,,,,,,,,,,,,,,,,,,,,,,,6.07658753089,5.93459548336,6.06525432268,6.18832543287,6.15458107856,6.2514310017,6.34315011861,6.52866952159,6.59926662539,6.40679320713,6.35269498409,6.5436732547,6.52879817312,6.3771604353,6.23085096046,5.94665532845,5.53976929502,5.68344522235,6.21678002724,6.08220864177,6.02222169017,5.9572938115,5.93432824886,5.76963667003,5.71369477204,5.74770411571
Samoa,WSM,,,,,,,,,,,,,,,,,,,,,,,,,,,,,,,,2.09999990463,3.41000008583,2.44499993324,5.65500020981,5.44799995422,4.95599985123,9.10099983215,8.99300003052,8.88199996948,5.09399986267,4.96000003815,5.77199983597,3.84200000763,2.09899997711,4.79099988937,1.28999996185,8.78199958801,1.87999999523,4.117000103,8.76299953461,5.67999982834,8.72000026703,8.78299999237,8.72000026703,7.72900009155,7.16200017929
Kosovo,XKX,,,,,,,,,,,,,,,,,,,,,,,,,,,,,,,,,,,,,,,,,,,,,,,,,,,,,,,,,
"Yemen, Rep.",YEM,,,,,,,,,,,,,,,,,,,,,,,,,,,,,,,,10.5869998932,12.9600000381,15.8199996948,8.34000015259,15.0839996338,16.1219997406,16.4090003967,13.1940002441,11.5,11.5799999237,12.6059999466,16.1130008698,12.486000061,16.2000007629,16.1000003815,15.6999998093,15.3999996185,15.0,14.6000003815,17.8199996948,17.5109996796,17.6660003662,17.6329994202,17.4829998016,18.1119995117,17.0569992065
South Africa,ZAF,,,,,,,,,,,,,,,,,,,,,,,,,,,,,,,,23.9330005646,23.533000946,25.906999588,20.0,16.8999996185,21.0,22.8999996185,25.0,25.3999996185,26.7000007629,26.2000007629,26.6000003815,27.1399993896,24.6700000763,23.8400001526,22.6100006104,22.5300006866,22.4139995575,23.5230007172,24.6870002747,24.642999649,24.7269992828,24.5620002747,24.8899993896,25.1499996185,25.9270000458
Zambia,ZMB,,,,,,,,,,,,,,,,,,,,,,,,,,,,,,,,18.8999996185,19.329000473,19.7000007629,18.5650005341,17.4319992065,15.0,13.5229997635,12.0,12.4770002365,12.9300003052,13.7189998627,12.7229995728,15.4709997177,15.513999939,15.8999996185,14.2740001678,12.1169996262,7.90000009537,8.64500045776,10.8339996338,13.626999855,7.84999990463,7.757999897,7.72599983215,7.62699985504,7.53000020981
Zimbabwe,ZWE,,,,,,,,,,,,,,,,,,,,,,,,,,,,,,,,5.76599979401,5.85400009155,5.94899988174,5.0,5.51399993896,6.04699993134,6.92999982834,6.59200000763,6.0,4.75199985504,6.11000013351,5.26200008392,4.53399991989,4.17000007629,4.84899997711,5.67700004578,5.52899980545,5.42999982834,5.47300004959,6.25699996948,5.36999988556,5.3029999733,5.18499994278,5.13100004196,5.11499977112,5.09000015259
