Country Name,Country Code,WomenProp_1960,WomenProp_1961,WomenProp_1962,WomenProp_1963,WomenProp_1964,WomenProp_1965,WomenProp_1966,WomenProp_1967,WomenProp_1968,WomenProp_1969,WomenProp_1970,WomenProp_1971,WomenProp_1972,WomenProp_1973,WomenProp_1974,WomenProp_1975,WomenProp_1976,WomenProp_1977,WomenProp_1978,WomenProp_1979,WomenProp_1980,WomenProp_1981,WomenProp_1982,WomenProp_1983,WomenProp_1984,WomenProp_1985,WomenProp_1986,WomenProp_1987,WomenProp_1988,WomenProp_1989,WomenProp_1990,WomenProp_1991,WomenProp_1992,WomenProp_1993,WomenProp_1994,WomenProp_1995,WomenProp_1996,WomenProp_1997,WomenProp_1998,WomenProp_1999,WomenProp_2000,WomenProp_2001,WomenProp_2002,WomenProp_2003,WomenProp_2004,WomenProp_2005,WomenProp_2006,WomenProp_2007,WomenProp_2008,WomenProp_2009,WomenProp_2010,WomenProp_2011,WomenProp_2012,WomenProp_2013,WomenProp_2014,WomenProp_2015,WomenProp_2016
Aruba,ABW,,,,,,,,,,,,,,,,,,,,,,,,,,,,,,,,,,,,,,,,,,,,,,,,,,,,,,,,,
Afghanistan,AFG,,,,,,,,,,,,,,,,,,,,,,,,,,,,,,,3.7,,,,,,,,,,,,,,,27.3,27.3,27.7,27.7,27.3,27.7,27.7,27.7,27.7,27.7,27.7,27.7
Angola,AGO,,,,,,,,,,,,,,,,,,,,,,,,,,,,,,,14.5,,,,,,,9.5,15.5,15.5,15.5,15.5,15.5,15.5,15.0,15.0,15.0,15.0,37.3,38.6,38.6,38.2,34.1,34.1,36.8,36.8,36.8
Albania,ALB,,,,,,,,,,,,,,,,,,,,,,,,,,,,,,,28.8,,,,,,,,,5.2,5.2,5.7,5.7,5.7,6.4,7.1,7.1,7.1,7.1,16.4,16.4,15.7,15.7,17.9,20.0,20.7,22.9
Andorra,AND,,,,,,,,,,,,,,,,,,,,,,,,,,,,,,,,,,,,,,7.1,7.1,7.1,7.1,14.3,14.3,14.3,14.3,28.6,28.6,28.6,25.0,35.7,35.7,50.0,50.0,50.0,50.0,39.3,32.1
Arab World,ARB,,,,,,,,,,,,,,,,,,,,,,,,,,,,,,,3.89143920596,,,,,,,3.7578349735,3.47423537234,3.62343208927,3.76810311658,4.61059763725,6.13235192241,6.04391752577,6.70267062315,7.04178232286,9.35781922525,9.76215634712,9.81092517332,9.91258880995,11.923925718,11.3352657005,14.8720183486,17.4924445661,17.7939697134,18.7791511936,18.8526498496
United Arab Emirates,ARE,,,,,,,,,,,,,,,,,,,,,,,,,,,,,,,0.0,,,,,,,0.0,0.0,0.0,0.0,0.0,0.0,0.0,0.0,0.0,5.0,22.5,22.5,22.5,22.5,17.5,17.5,17.5,17.5,22.5,22.5
Argentina,ARG,,,,,,,,,,,,,,,,,,,,,,,,,,,,,,,6.3,,,,,,,27.6,27.6,,26.5,,30.7,30.7,33.7,36.2,35.0,40.0,40.0,38.5,38.5,37.4,37.4,,36.6,,35.8
Armenia,ARM,,,,,,,,,,,,,,,,,,,,,,,,,,,,,,,35.6,,,,,,,6.3,6.3,3.1,3.1,3.1,3.1,4.6,5.3,5.3,5.3,9.2,8.4,9.2,9.2,8.4,10.7,10.7,10.7,10.7,10.7
American Samoa,ASM,,,,,,,,,,,,,,,,,,,,,,,,,,,,,,,,,,,,,,,,,,,,,,,,,,,,,,,,,
Antigua and Barbuda,ATG,,,,,,,,,,,,,,,,,,,,,,,,,,,,,,,0.0,,,,,,,5.3,5.3,,5.3,5.3,5.3,5.3,10.5,10.5,10.5,10.5,10.5,10.5,10.5,10.5,10.5,10.5,11.1,11.1,11.1
Australia,AUS,,,,,,,,,,,,,,,,,,,,,,,,,,,,,,,6.1,,,,,,,15.5,15.5,22.4,23.0,,25.3,25.3,24.7,24.7,24.7,26.7,26.7,27.3,24.7,24.7,24.7,26.0,26.0,26.7,28.7
Austria,AUT,,,,,,,,,,,,,,,,,,,,,,,,,,,,,,,11.5,,,,,,,26.2,26.2,,26.8,26.8,,33.9,33.9,33.9,32.2,32.8,27.3,27.9,27.9,27.9,27.9,33.3,32.2,30.6,30.6
Azerbaijan,AZE,,,,,,,,,,,,,,,,,,,,,,,,,,,,,,,,,,,,,,12.0,12.0,12.0,,10.5,10.5,10.5,10.5,13.0,11.3,11.4,11.4,11.4,16.0,16.0,16.0,16.0,15.6,16.9,16.8
Burundi,BDI,,,,,,,,,,,,,,,,,,,,,,,,,,,,,,,,,,,,,,,11.9,6.0,14.4,14.4,18.4,18.4,18.4,30.5,30.5,30.5,30.5,31.4,32.1,30.5,30.5,30.5,30.5,36.4,36.4
Belgium,BEL,,,,,,,,,,,,,,,,,,,,,,,,,,,,,,,8.5,,,,,,,12.7,12.7,23.3,23.3,23.3,23.3,35.3,34.7,34.7,34.7,35.3,35.3,38.0,39.3,38.0,38.0,38.0,39.3,39.3,39.3
Benin,BEN,,,,,,,,,,,,,,,,,,,,,,,,,,,,,,,2.9,,,,,,,7.2,7.2,6.0,6.0,6.0,6.0,6.0,7.2,7.2,7.2,10.8,10.8,10.8,10.8,8.4,8.4,8.4,8.4,7.2,7.2
Burkina Faso,BFA,,,,,,,,,,,,,,,,,,,,,,,,,,,,,,,,,,,,,,9.0,8.1,8.1,8.1,8.1,11.7,11.7,11.7,11.7,11.7,15.3,15.3,15.3,15.3,15.3,15.7,15.7,18.9,9.4,9.4
Bangladesh,BGD,,,,,,,,,,,,,,,,,,,,,,,,,,,,,,,10.3,,,,,,,9.1,9.1,9.1,9.1,,2.0,2.0,2.0,14.8,15.1,,6.3,18.6,18.6,19.7,19.7,19.7,19.8,20.0,20.0
Bulgaria,BGR,,,,,,,,,,,,,,,,,,,,,,,,,,,,,,,21.0,,,,,,,10.8,10.8,10.8,10.8,26.2,26.2,26.2,26.3,22.1,22.1,21.7,21.7,20.8,20.8,20.8,22.9,24.6,20.0,20.4,20.4
Bahrain,BHR,,,,,,,,,,,,,,,,,,,,,,,,,,,,,,,,,,,,,,,,,,,,0.0,0.0,0.0,2.5,2.5,2.5,2.5,2.5,10.0,10.0,10.0,7.5,7.5,7.5
"Bahamas, The",BHS,,,,,,,,,,,,,,,,,,,,,,,,,,,,,,,4.1,,,,,,,15.0,15.0,15.0,15.0,15.0,,20.0,20.0,20.0,20.0,12.2,12.2,12.2,12.2,12.2,13.2,13.2,13.2,13.2,13.2
Bosnia and Herzegovina,BIH,,,,,,,,,,,,,,,,,,,,,,,,,,,,,,,,,,,,,,,,,,7.1,,16.7,16.7,16.7,14.3,11.9,11.9,19.0,16.7,21.4,21.4,21.4,21.4,21.4,21.4
Belarus,BLR,,,,,,,,,,,,,,,,,,,,,,,,,,,,,,,,,,,,,,,,,,10.3,10.3,10.3,29.4,29.1,29.1,29.1,31.8,31.8,31.8,31.8,26.6,26.6,26.6,27.3,34.5
Belize,BLZ,,,,,,,,,,,,,,,,,,,,,,,,,,,,,,,0.0,,,,,,,3.4,3.4,6.9,6.9,6.9,6.9,3.3,6.7,6.7,6.7,3.3,0.0,0.0,0.0,0.0,3.1,3.1,3.1,3.1,3.1
Bermuda,BMU,,,,,,,,,,,,,,,,,,,,,,,,,,,,,,,,,,,,,,,,,,,,,,,,,,,,,,,,,
Bolivia,BOL,,,,,,,,,,,,,,,,,,,,,,,,,,,,,,,9.2,,,,,,,,,11.5,11.5,11.5,18.5,18.5,19.2,16.9,16.9,16.9,16.9,22.3,25.4,25.4,25.4,25.4,53.1,53.1,53.1
Brazil,BRA,,,,,,,,,,,,,,,,,,,,,,,,,,,,,,,5.3,,,,,,,6.6,6.6,5.7,5.7,6.8,6.2,8.6,8.6,8.6,8.8,9.0,9.0,8.8,8.6,8.6,8.6,8.6,9.9,9.9,9.9
Barbados,BRB,,,,,,,,,,,,,,,,,,,,,,,,,,,,,,,3.7,,,,,,,10.7,10.7,10.7,10.7,10.7,10.7,13.3,13.3,13.3,13.3,13.3,10.0,10.0,10.0,10.0,10.0,16.7,16.7,16.7,16.7
Brunei Darussalam,BRN,,,,,,,,,,,,,,,,,,,,,,,,,,,,,,,,,,,,,,,,,,,,,,,,,,,,,,,,,6.5
Bhutan,BTN,,,,,,,,,,,,,,,,,,,,,,,,,,,,,,,2.0,,,,,,,2.0,2.0,2.0,9.3,9.3,9.3,9.3,9.2,9.3,2.7,2.7,8.5,8.5,8.5,8.5,8.5,6.4,8.5,8.5,8.5
Botswana,BWA,,,,,,,,,,,,,,,,,,,,,,,,,,,,,,,5.0,,,,,,,8.5,8.5,,17.0,17.0,17.0,17.0,11.1,11.1,11.1,11.1,11.1,7.9,7.9,7.9,7.9,7.9,9.5,9.5,9.5
Central African Republic,CAF,,,,,,,,,,,,,,,,,,,,,,,,,,,,,,,3.8,,,,,,,3.5,3.5,7.3,7.3,7.3,7.3,,,10.5,10.5,10.5,10.5,9.6,9.6,12.5,12.5,,,,7.2
Canada,CAN,,,,,,,,,,,,,,,,,,,,,,,,,,,,,,,13.3,,,,,,,20.6,20.6,20.6,,20.6,20.6,20.6,21.1,21.1,20.8,21.3,22.1,22.1,22.1,24.8,24.7,24.7,25.1,26.0,26.0
Central Europe and the Baltics,CEB,,,,,,,,,,,,,,,,,,,,,,,,,,,,,,,21.85374613,,,,,,,11.4760068552,10.9633247644,11.4761353899,12.9412649041,15.5504230118,16.1019458545,16.2407139629,17.1393024245,16.723787234,17.0997873245,16.8314759677,16.8061146497,17.0580042463,17.0253078556,18.4212430822,19.257925072,19.2011929247,19.6976318141,20.1164426523,19.8952508961
Switzerland,CHE,,,,,,,,,,,,,,,,,,,,,,,,,,,,,,,14.0,,,,,,,21.0,21.0,22.5,23.0,23.0,23.0,25.0,25.0,25.0,25.0,28.5,28.5,29.0,29.0,28.5,29.0,29.0,31.0,32.0,32.0
Channel Islands,CHI,,,,,,,,,,,,,,,,,,,,,,,,,,,,,,,,,,,,,,,,,,,,,,,,,,,,,,,,,
Chile,CHL,,,,,,,,,,,,,,,,,,,,,,,,,,,,,,,,,,,,,,7.5,10.8,10.8,10.8,10.8,12.5,12.5,12.5,15.0,15.0,15.0,15.0,14.2,14.2,14.2,14.2,14.2,15.8,15.8,15.8
China,CHN,,,,,,,,,,,,,,,,,,,,,,,,,,,,,,,21.3,,,,,,,,21.8,21.8,21.8,21.8,21.8,20.2,20.2,20.3,20.3,20.6,21.3,21.3,21.3,21.3,21.3,23.4,23.4,23.6,23.6
Cote d'Ivoire,CIV,,,,,,,,,,,,,,,,,,,,,,,,,,,,,,,5.7,,,,,,,8.0,8.0,8.0,,8.5,8.5,8.5,8.5,8.5,8.5,8.9,8.9,8.9,8.9,11.0,10.4,10.4,9.4,9.2,9.2
Cameroon,CMR,,,,,,,,,,,,,,,,,,,,,,,,,,,,,,,14.4,,,,,,,5.6,5.6,5.6,5.6,5.6,8.9,8.9,8.9,8.9,8.9,13.9,13.9,13.9,13.9,13.9,13.9,31.1,31.1,31.1,31.1
"Congo, Dem. Rep.",COD,,,,,,,,,,,,,,,,,,,,,,,,,,,,,,,5.4,,,,,,,,,,,,,,12.0,12.0,8.4,8.4,8.4,8.4,8.4,,8.9,8.9,10.6,8.9,8.9
"Congo, Rep.",COG,,,,,,,,,,,,,,,,,,,,,,,,,,,,,,,14.3,,,,,,,,12.0,12.0,12.0,12.0,,8.5,8.5,8.5,8.5,7.3,7.3,7.3,7.3,7.3,7.4,7.4,7.4,7.4,7.4
Colombia,COL,,,,,,,,,,,,,,,,,,,,,,,,,,,,,,,4.5,,,,,,,11.7,,11.8,11.8,11.8,12.0,12.0,12.0,12.1,8.4,8.4,8.4,8.4,12.7,12.1,12.1,12.1,19.9,19.9,19.9
Comoros,COM,,,,,,,,,,,,,,,,,,,,,,,,,,,,,,,0.0,,,,,,,0.0,0.0,,,,,,3.0,3.0,3.0,3.0,3.0,0.0,3.0,3.0,3.0,3.0,3.0,3.0,3.0
Cabo Verde,CPV,,,,,,,,,,,,,,,,,,,,,,,,,,,,,,,12.0,,,,,,,11.1,11.1,11.1,11.1,11.1,11.1,11.1,11.1,11.1,15.3,18.1,18.1,18.1,18.1,20.8,20.8,20.8,20.8,20.8,23.6
Costa Rica,CRI,,,,,,,,,,,,,,,,,,,,,,,,,,,,,,,10.5,,,,,,,15.8,19.3,19.3,19.3,19.3,35.1,35.1,35.1,35.1,38.6,36.8,36.8,36.8,38.6,38.6,38.6,38.6,33.3,33.3,33.3
Caribbean small states,CSS,,,,,,,,,,,,,,,,,,,,,,,,,,,,,,,11.0007177033,,,,,,,11.5746556474,12.0307917889,12.9149367089,13.2306451613,14.5812820513,,15.9295612009,17.8300925926,17.8310185185,17.2464367816,18.0911764706,17.4860986547,17.3731376975,15.2439461883,15.8497767857,16.1826966292,17.0811235955,17.1586907449,19.733632287,20.4116591928
Cuba,CUB,,,,,,,,,,,,,,,,,,,,,,,,,,,,,,,33.9,,,,,,,22.8,27.6,27.6,27.6,27.6,27.6,36.0,36.0,36.0,36.0,36.0,43.2,43.2,43.2,45.2,45.2,48.9,48.9,48.9,48.9
Curacao,CUW,,,,,,,,,,,,,,,,,,,,,,,,,,,,,,,,,,,,,,,,,,,,,,,,,,,,,,,,,
Cayman Islands,CYM,,,,,,,,,,,,,,,,,,,,,,,,,,,,,,,,,,,,,,,,,,,,,,,,,,,,,,,,,
Cyprus,CYP,,,,,,,,,,,,,,,,,,,,,,,,,,,,,,,1.8,,,,,,,5.4,5.4,5.4,7.1,10.7,10.7,10.7,16.1,16.1,14.3,14.3,14.3,12.5,12.5,10.7,10.7,10.7,12.5,12.5,17.9
Czech Republic,CZE,,,,,,,,,,,,,,,,,,,,,,,,,,,,,,,,,,,,,,15.0,15.0,15.0,15.0,15.0,17.0,17.0,17.0,17.0,15.5,15.5,15.5,15.5,22.0,22.0,22.0,19.5,19.5,20.0,20.0
Germany,DEU,,,,,,,,,,,,,,,,,,,,,,,,,,,,,,,,,,,,,,26.2,26.2,30.9,30.9,31.1,32.2,32.2,32.8,31.8,31.6,31.6,32.2,32.8,32.8,32.9,32.9,36.5,36.5,36.5,36.5
Djibouti,DJI,,,,,,,,,,,,,,,,,,,,,,,,,,,,,,,0.0,,,,,,,,0.0,0.0,0.0,0.0,0.0,10.8,10.8,10.8,10.8,13.8,13.8,13.8,13.8,13.8,13.8,12.7,12.7,12.7,12.7
Dominica,DMA,,,,,,,,,,,,,,,,,,,,,,,,,,,,,,,10.0,,,,,,,9.4,9.4,9.4,,18.8,18.8,18.8,19.4,12.9,12.9,16.1,18.8,14.3,12.5,12.5,12.5,12.5,12.9,21.9,21.9
Denmark,DNK,,,,,,,,,,,,,,,,,,,,,,,,,,,,,,,30.7,,,,,,,33.0,37.4,37.4,37.4,,38.0,38.0,38.0,36.9,36.9,38.0,38.0,38.0,38.0,39.1,39.1,39.1,39.1,37.4,37.4
Dominican Republic,DOM,,,,,,,,,,,,,,,,,,,,,,,,,,,,,,,7.5,,,,,,,11.7,16.1,16.1,16.1,16.1,17.3,17.3,17.3,17.3,19.7,19.7,19.7,19.7,20.8,20.8,20.8,20.8,20.8,20.8,26.8
Algeria,DZA,,,,,,,,,,,,,,,,,,,,,,,,,,,,,,,2.4,,,,,,,3.2,3.2,3.2,3.4,3.4,6.2,6.2,6.2,6.2,6.2,7.7,7.7,7.7,7.7,8.0,31.6,31.6,31.6,31.6,31.6
East Asia & Pacific (excluding high income),EAP,,,,,,,,,,,,,,,,,,,,,,,,,,,,,,,17.2139987038,,,,,,,,17.5318234039,18.5254321442,17.3337270341,17.5756113153,18.0592336178,16.8414300736,17.1295664207,17.2653834403,17.6255582329,17.9675696715,18.2361029298,18.4953129818,17.8765508139,17.8682335977,18.183287907,19.271743487,19.0210322773,19.7094508495,19.8133819589
Early-demographic dividend,EAR,,,,,,,,,,,,,,,,,,,,,,,,,,,,,,,6.86683457052,,,,,,,8.33656767173,8.84680401479,8.81048630385,9.67427338783,9.50677322907,11.0776988156,11.2545153854,12.155350118,12.8898489315,13.4397657504,14.7209145283,15.5453244715,16.9953154447,17.4233588717,17.5653485673,19.3014098244,20.3848682999,21.070955148,22.16444918,22.3012957122
East Asia & Pacific,EAS,,,,,,,,,,,,,,,,,,,,,,,,,,,,,,,15.0835841313,,,,,,,,16.0370385675,16.8371843339,16.3688070855,16.5653851473,17.1210088616,16.0565725983,16.6136891557,16.9284972749,17.3048942516,17.7418435975,17.9527850762,18.3305479273,17.7598120301,17.6856630824,17.8511367826,18.8202158979,18.5913170237,19.2783888459,19.3918731041
Europe & Central Asia (excluding high income),ECA,,,,,,,,,,,,,,,,,,,,,,,,,,,,,,,,,,,,,,6.42838218715,6.87999331997,,7.95969220694,9.58111564626,11.5413596658,9.39040862656,11.3910105926,11.2986756833,11.894750386,14.1594663278,14.4864090431,15.3327673594,15.4018848957,16.0979879276,17.6068880689,17.8342850111,18.2455875062,17.9158312655,18.3992
Europe & Central Asia,ECS,,,,,,,,,,,,,,,,,,,,,,,,,,,,,,,16.5650847112,,,,,,,14.5070676692,15.1533610946,16.0553118145,16.559409484,16.5363996978,18.3323662834,17.7653736722,18.8178713496,19.1680923543,19.5395054945,21.0083492845,21.3502629394,21.8942851943,21.9948031925,22.7058802178,23.7525524444,24.6753349519,25.3484317682,25.7526788991,26.1176508942
Ecuador,ECU,,,,,,,,,,,,,,,,,,,,,,,,,,,,,,,4.5,,,,,,,3.7,17.4,17.4,14.6,14.6,,16.0,16.0,16.0,25.0,25.0,25.0,32.3,32.3,32.3,32.3,38.7,41.6,41.6,41.6
"Egypt, Arab Rep.",EGY,,,,,,,,,,,,,,,,,,,,,,,,,,,,,,,3.9,,,,,,,2.0,2.0,2.0,2.0,2.4,2.4,2.4,2.9,2.0,2.0,1.8,1.8,1.8,12.7,2.0,2.0,,,,14.9
Euro area,EMU,,,,,,,,,,,,,,,,,,,,,,,,,,,,,,,11.5277864502,,,,,,,16.8594415198,17.0208056764,18.2708542714,19.3204301075,19.1232302405,19.0744598203,20.6983904829,21.7106075453,22.1680400372,23.0403712297,24.6502087199,24.9668829664,25.4669981499,25.3270814061,26.0536664353,27.4312427679,29.7672433679,30.1176280572,30.2158477509,30.3417610354
Eritrea,ERI,,,,,,,,,,,,,,,,,,,,,,,,,,,,,,,,,,,,,,21.0,21.0,14.7,14.7,14.7,22.0,22.0,22.0,22.0,22.0,22.0,22.0,22.0,22.0,22.0,22.0,22.0,22.0,22.0,22.0
Spain,ESP,,,,,,,,,,,,,,,,,,,,,,,,,,,,,,,14.6,,,,,,,24.7,24.7,21.6,28.3,28.3,28.3,28.3,36.0,36.0,36.0,36.6,36.3,36.6,36.6,36.0,36.0,36.0,39.7,41.1,39.1
Estonia,EST,,,,,,,,,,,,,,,,,,,,,,,,,,,,,,,,,,,,,,10.9,10.9,17.8,17.8,17.8,17.8,18.8,18.8,18.8,18.8,20.8,20.8,22.8,22.8,19.8,20.8,20.8,19.0,23.8,23.8
Ethiopia,ETH,,,,,,,,,,,,,,,,,,,,,,,,,,,,,,,,,,,,,,2.0,2.0,2.0,7.7,7.7,7.7,7.7,7.7,21.4,21.9,21.9,21.9,21.9,27.8,27.8,27.8,27.8,27.8,38.8,38.8
European Union,EUU,,,,,,,,,,,,,,,,,,,,,,,,,,,,,,,15.8787858572,,,,,,,17.1141821663,17.1546635667,18.0229429935,19.450391191,19.39092942,20.0550790068,21.0550457424,21.7040352373,21.9635258359,22.6045774162,23.483115093,23.7433213991,24.0258011278,24.1689347079,24.8630709961,25.7243875885,27.0906547134,27.7298367973,28.3813206757,28.4185490635
Fragile and conflict affected situations,FCS,,,,,,,,,,,,,,,,,,,,,,,,,,,,,,,,,,,,,,,,,,,,,,11.577506723,12.8906887264,12.893372093,12.8394252874,12.6632027566,12.9357499569,14.3756203008,14.9469844021,15.8236455785,14.8188606902,17.1837429775,16.9037030831
Finland,FIN,,,,,,,,,,,,,,,,,,,,,,,,,,,,,,,31.5,,,,,,,33.5,33.5,37.0,36.5,36.5,36.5,37.5,37.5,37.5,38.0,41.5,41.5,40.0,40.0,42.5,42.5,42.5,42.5,41.5,41.5
Fiji,FJI,,,,,,,,,,,,,,,,,,,,,,,,,,,,,,,,,,,,,,4.3,4.3,11.3,,5.7,5.7,5.7,8.5,8.5,,,,,,,,,14.0,16.0,16.0
France,FRA,,,,,,,,,,,,,,,,,,,,,,,,,,,,,,,6.9,,,,,,,10.9,10.9,10.9,10.9,10.9,12.1,12.2,12.2,12.2,12.2,18.2,18.2,18.9,18.9,18.9,26.9,26.9,26.2,26.2,26.2
Faroe Islands,FRO,,,,,,,,,,,,,,,,,,,,,,,,,,,,,,,,,,,,,,,,,,,,,,,,,,,,,,,,,
"Micronesia, Fed. Sts.",FSM,,,,,,,,,,,,,,,,,,,,,,,,,,,,,,,,,,,,,,0.0,0.0,0.0,0.0,0.0,0.0,0.0,0.0,0.0,0.0,0.0,0.0,0.0,0.0,0.0,0.0,0.0,0.0,0.0,0.0
Gabon,GAB,,,,,,,,,,,,,,,,,,,,,,,,,,,,,,,13.3,,,,,,,8.3,8.3,8.3,9.2,9.2,9.2,9.2,9.2,9.2,12.5,16.7,16.7,14.7,14.7,14.2,15.8,15.8,15.0,14.2,14.2
United Kingdom,GBR,,,,,,,,,,,,,,,,,,,,,,,,,,,,,,,6.3,,,,,,,18.2,18.2,18.4,18.4,17.9,17.9,17.9,18.1,19.7,19.7,19.5,19.5,19.5,22.0,22.3,22.5,22.5,22.6,29.4,29.6
Georgia,GEO,,,,,,,,,,,,,,,,,,,,,,,,,,,,,,,,,,,,,,6.9,6.9,,7.2,7.2,7.2,7.2,9.4,9.4,9.4,9.4,6.0,5.1,6.5,6.6,12.0,12.0,12.0,11.3,
Ghana,GHA,,,,,,,,,,,,,,,,,,,,,,,,,,,,,,,,,,,,,,9.0,9.0,9.0,,9.0,9.0,9.0,10.9,10.9,10.9,10.9,7.9,8.3,8.3,8.3,,10.9,10.9,10.9,10.9
Gibraltar,GIB,,,,,,,,,,,,,,,,,,,,,,,,,,,,,,,,,,,,,,,,,,,,,,,,,,,,,,,,,
Guinea,GIN,,,,,,,,,,,,,,,,,,,,,,,,,,,,,,,,,,,,,,7.0,8.8,8.8,8.8,8.8,,19.3,19.3,19.3,19.3,19.3,,,,,,,21.9,21.9,21.9
"Gambia, The",GMB,,,,,,,,,,,,,,,,,,,,,,,,,,,,,,,7.8,,,,,,,2.0,2.0,2.0,2.0,2.0,5.7,13.2,13.2,13.2,13.2,9.4,9.4,7.5,7.5,7.5,7.5,7.5,9.4,9.4,9.4
Guinea-Bissau,GNB,,,,,,,,,,,,,,,,,,,,,,,,,,,,,,,20.0,,,,,,,10.0,10.0,,7.8,7.8,7.8,,14.0,14.0,14.0,14.0,10.0,10.0,10.0,10.0,14.0,14.0,13.7,13.7,13.7
Equatorial Guinea,GNQ,,,,,,,,,,,,,,,,,,,,,,,,,,,,,,,13.3,,,,,,,8.8,8.8,5.0,5.0,5.0,5.0,5.0,18.0,18.0,18.0,18.0,6.0,10.0,10.0,10.0,10.0,12.1,24.0,24.0,24.0
Greece,GRC,,,,,,,,,,,,,,,,,,,,,,,,,,,,,,,6.7,,,,,,,6.3,6.3,6.3,8.7,8.7,8.7,8.7,14.0,13.0,13.0,14.7,14.7,17.3,17.3,18.7,21.0,21.0,21.0,19.7,19.7
Grenada,GRD,,,,,,,,,,,,,,,,,,,,,,,,,,,,,,,,,,,,,,20.0,20.0,,26.7,26.7,26.7,26.7,26.7,26.7,26.7,26.7,13.3,13.3,13.3,13.3,13.3,33.3,33.3,33.3,33.3
Greenland,GRL,,,,,,,,,,,,,,,,,,,,,,,,,,,,,,,,,,,,,,,,,,,,,,,,,,,,,,,,,
Guatemala,GTM,,,,,,,,,,,,,,,,,,,,,,,,,,,,,,,7.0,,,,,,,12.5,12.5,7.1,8.8,8.8,8.8,8.2,8.2,8.2,8.2,12.0,12.0,12.0,12.0,13.3,13.3,13.3,13.3,13.9,13.9
Guam,GUM,,,,,,,,,,,,,,,,,,,,,,,,,,,,,,,,,,,,,,,,,,,,,,,,,,,,,,,,,
Guyana,GUY,,,,,,,,,,,,,,,,,,,,,,,,,,,,,,,36.9,,,,,,,,,18.5,18.5,18.3,20.0,20.0,30.8,30.8,29.0,29.0,30.0,30.0,30.0,31.3,31.3,31.3,31.3,30.4,30.4
High income,HIC,,,,,,,,,,,,,,,,,,,,,,,,,,,,,,,12.2565152643,,,,,,,16.3119826159,16.4338541128,17.4328515666,,18.1714746346,18.861891516,19.374917797,19.8546878241,20.4193257744,20.947691686,21.8637708879,22.0328136002,22.5968238014,22.6926361262,23.2954133977,23.8617410535,25.2116029308,25.8766492789,26.667354022,26.6647567678
"Hong Kong SAR, China",HKG,,,,,,,,,,,,,,,,,,,,,,,,,,,,,,,,,,,,,,,,,,,,,,,,,,,,,,,,,
Honduras,HND,,,,,,,,,,,,,,,,,,,,,,,,,,,,,,,10.2,,,,,,,,9.4,9.4,9.4,9.4,5.5,5.5,5.5,23.4,23.4,23.4,23.4,18.0,18.0,19.5,19.5,19.5,25.8,25.8,25.8
Heavily indebted poor countries (HIPC),HPC,,,,,,,,,,,,,,,,,,,,,,,,,,,,,,,,,,,,,,8.9382668187,9.34073590246,9.11633782483,,11.9151053159,13.5170812239,13.5259223489,14.0612952575,16.8961817901,17.1080929244,17.6377903423,17.5948358998,17.7197632058,18.3232624113,20.3621315545,21.4993286543,21.7969413512,22.0848109113,23.8529498525,23.5775759296
Croatia,HRV,,,,,,,,,,,,,,,,,,,,,,,,,,,,,,,,,,,,,,7.9,7.9,7.9,20.5,20.5,20.5,,21.7,21.7,21.7,20.9,20.9,23.5,23.5,23.8,23.8,23.8,23.8,15.2,12.6
Haiti,HTI,,,,,,,,,,,,,,,,,,,,,,,,,,,,,,,,,,,,,,3.6,3.6,3.6,,3.6,3.6,3.6,3.6,3.6,2.0,4.1,4.1,4.1,11.1,4.2,4.2,4.2,4.2,4.2,0.0
Hungary,HUN,,,,,,,,,,,,,,,,,,,,,,,,,,,,,,,20.7,,,,,,,11.4,8.3,8.3,8.3,8.3,9.1,9.8,9.1,9.1,10.4,11.1,11.1,11.1,9.1,8.8,8.8,8.8,10.1,10.1,10.1
IBRD only,IBD,,,,,,,,,,,,,,,,,,,,,,,,,,,,,,,13.1592954241,,,,,,,9.30349861566,12.6541885366,12.6311557042,12.7511226008,13.0827460106,14.4332404764,13.9340737333,14.874443734,14.4404628891,15.1692265227,15.9266481358,16.3753313876,17.3225058562,17.693066063,18.0152797224,19.2933802062,20.1523335408,21.0528497084,21.286096494,21.783131798
IDA & IBRD total,IBT,,,,,,,,,,,,,,,,,,,,,,,,,,,,,,,12.1367088608,,,,,,,8.70656423121,10.9398752486,11.0241880804,11.4352677529,11.9849991286,13.2141865879,13.036607069,13.830058331,14.5094700687,15.0089433948,15.9135336367,16.5007172055,17.2467370266,17.4152623959,18.1869782671,19.2863074205,20.0654704344,20.4176363702,21.1147879667,21.3817079122
IDA total,IDA,,,,,,,,,,,,,,,,,,,,,,,,,,,,,,,,,,,,,,7.72044352044,7.8134141672,,,,11.0203784935,11.5098602571,12.1216399958,14.6196178344,14.7557364341,15.8919255277,16.6977828746,17.1292155767,16.9851701559,18.4351517818,19.2760006946,19.9476837398,19.5418568465,20.8861301515,20.8416741601
IDA blend,IDB,,,,,,,,,,,,,,,,,,,,,,,,,,,,,,,,,,,,,,,,,,,10.2124386252,10.9485239852,11.6833824975,12.5704176904,12.65408867,13.3385921118,13.6541726966,14.0170454545,13.6706717124,14.0225592417,14.6542749173,18.8240350877,18.8204036858,18.6289256198,18.8025663332
Indonesia,IDN,,,,,,,,,,,,,,,,,,,,,,,,,,,,,,,12.4,,,,,,,11.4,11.4,,8.0,8.0,8.0,8.0,11.3,11.3,11.3,11.6,11.6,17.9,18.0,18.2,18.6,18.6,16.9,17.1,17.1
IDA only,IDX,,,,,,,,,,,,,,,,,,,,,,,,,,,,,,,,,,,,,,8.10901213172,8.08560747664,7.96448630137,9.63303287381,,11.2613407094,11.6894348532,12.2400690846,15.1300367197,15.2703739445,16.5279567218,17.4497080205,17.8915564834,17.7878794822,19.4411561318,20.3168723404,20.2153588967,19.7188610184,21.4313406178,21.3135796255
Isle of Man,IMN,,,,,,,,,,,,,,,,,,,,,,,,,,,,,,,3.75092630712,,,,,,,3.53378684807,3.96341463415,3.61994609164,3.8955613577,4.25410928476,5.08583055864,5.8179505814,5.83741120758,6.35540780142,8.38098360656,8.49374255066,8.47923627685,8.41144219309,9.01106593087,8.93842010772,,,,,
India,IND,,,,,,,,,,,,,,,,,,,,,,,,,,,,,,,5.0,,,,,,,7.2,8.1,8.4,9.0,8.8,8.8,8.8,8.3,8.3,8.3,9.1,9.1,10.8,10.8,11.0,11.0,11.0,11.4,12.0,12.0
Not classified,INX,,,,,,,,,,,,,,,,,,,,,,,,,,,,,,,,,,,,,,,,,,,,,,,,,,,,,,,,,
Ireland,IRL,,,,,,,,,,,,,,,,,,,,,,,,,,,,,,,7.8,,,,,,,12.0,12.0,12.0,12.0,12.0,13.3,13.3,13.3,13.3,13.3,13.3,13.3,13.9,13.9,15.1,15.1,15.7,15.7,16.3,22.2
"Iran, Islamic Rep.",IRN,,,,,,,,,,,,,,,,,,,,,,,,,,,,,,,1.5,,,,,,,4.9,4.9,4.9,3.4,3.4,4.1,4.1,4.1,4.1,4.1,4.1,2.8,2.8,2.8,2.8,3.1,3.1,3.1,3.1,5.9
Iraq,IRQ,,,,,,,,,,,,,,,,,,,,,,,,,,,,,,,10.8,,,,,,,6.4,6.4,6.4,7.6,7.6,7.6,,,,25.5,25.5,25.5,25.5,25.2,25.2,25.2,25.2,25.3,26.5,26.5
Iceland,ISL,,,,,,,,,,,,,,,,,,,,,,,,,,,,,,,20.6,,,,,,,25.4,25.4,34.9,34.9,34.9,34.9,30.2,30.2,33.3,33.3,33.3,33.3,42.9,42.9,39.7,39.7,39.7,39.7,41.3,47.6
Israel,ISR,,,,,,,,,,,,,,,,,,,,,,,,,,,,,,,6.7,,,,,,,7.5,7.5,11.7,12.5,13.3,14.2,15.0,15.0,15.0,14.2,14.2,14.2,18.3,19.2,20.0,20.0,22.5,22.5,26.7,26.7
Italy,ITA,,,,,,,,,,,,,,,,,,,,,,,,,,,,,,,12.9,,,,,,,11.1,11.1,11.1,11.1,9.8,9.8,11.5,11.5,11.5,17.3,17.3,21.3,21.3,21.3,21.6,21.4,31.4,31.4,31.0,31.0
Jamaica,JAM,,,,,,,,,,,,,,,,,,,,,,,,,,,,,,,5.0,,,,,,,11.7,13.6,13.3,13.3,13.3,,11.7,11.7,11.7,11.7,13.3,13.3,13.3,13.3,12.7,12.7,12.7,12.7,12.7,17.5
Jordan,JOR,,,,,,,,,,,,,,,,,,,,,,,,,,,,,,,0.0,,,,,,,0.0,0.0,0.0,0.0,1.3,1.3,5.5,5.5,5.5,5.5,6.4,6.4,6.4,10.8,10.8,10.8,12.2,12.0,12.0,15.4
Japan,JPN,,,,,,,,,,,,,,,,,,,,,,,,,,,,,,,1.4,,,,,,,4.6,4.6,4.6,7.3,7.3,7.3,7.1,7.1,9.0,9.4,9.4,9.4,11.3,11.3,10.8,7.9,8.1,8.1,9.5,9.5
Kazakhstan,KAZ,,,,,,,,,,,,,,,,,,,,,,,,,,,,,,,,,,,,,,13.4,13.4,10.8,10.4,10.4,10.4,10.4,10.4,10.4,10.4,15.9,15.9,17.8,17.8,17.8,24.3,24.3,25.2,26.2,27.1
Kenya,KEN,,,,,,,,,,,,,,,,,,,,,,,,,,,,,,,1.1,,,,,,,3.0,3.6,3.6,3.6,3.6,3.6,7.1,7.1,7.1,7.3,7.2,9.8,9.8,9.8,9.8,9.8,18.6,19.1,19.7,19.7
Kyrgyz Republic,KGZ,,,,,,,,,,,,,,,,,,,,,,,,,,,,,,,,,,,,,,1.4,1.4,1.4,2.3,10.0,10.0,10.0,10.0,0.0,0.0,25.6,25.6,25.6,23.3,23.3,23.3,23.3,23.3,19.2,19.2
Cambodia,KHM,,,,,,,,,,,,,,,,,,,,,,,,,,,,,,,,,,,,,,5.8,5.8,8.2,7.4,7.4,7.4,9.8,9.8,9.8,9.8,19.5,16.3,21.1,21.1,20.3,20.3,20.3,20.3,20.3,20.3
Kiribati,KIR,,,,,,,,,,,,,,,,,,,,,,,,,,,,,,,0.0,,,,,,,0.0,0.0,4.9,4.9,4.8,4.8,,4.8,4.8,7.1,4.3,4.3,4.3,4.3,8.7,8.7,8.7,8.7,8.7,6.5
St. Kitts and Nevis,KNA,,,,,,,,,,,,,,,,,,,,,,,,,,,,,,,6.7,,,,,,,13.3,13.3,13.3,13.3,13.3,13.3,13.3,0.0,0.0,0.0,6.7,6.7,6.7,6.7,6.7,6.7,6.7,6.7,13.3,13.3
"Korea, Rep.",KOR,,,,,,,,,,,,,,,,,,,,,,,,,,,,,,,2.0,,,,,,,3.0,3.7,3.7,5.9,5.9,5.9,5.9,13.0,13.4,13.4,14.4,13.7,14.7,14.7,14.7,15.7,15.7,16.3,16.3,17.0
Kuwait,KWT,,,,,,,,,,,,,,,,,,,,,,,,,,,,,,,,,,,,,,0.0,0.0,0.0,0.0,0.0,0.0,0.0,0.0,1.5,1.5,1.5,3.1,7.7,7.7,7.7,6.2,6.2,1.5,1.5,1.5
Latin America & Caribbean (excluding high income),LAC,,,,,,,,,,,,,,,,,,,,,,,,,,,,,,,12.2757012021,,,,,,,13.5871123156,15.9238357843,14.5860614934,15.5183904529,14.6398498498,16.3898362507,18.9103567625,19.5530319149,20.816290194,20.9547244094,21.749934366,22.9302776323,23.4919123402,23.798669859,23.8844461901,25.4565854936,25.8100527631,28.5713579605,28.9908384231,29.7908456168
Lao PDR,LAO,,,,,,,,,,,,,,,,,,,,,,,,,,,,,,,6.3,,,,,,,,21.2,21.2,21.2,21.2,22.9,22.9,22.9,22.9,25.2,25.2,25.2,25.2,25.2,25.0,25.0,25.0,25.0,25.0,27.5
Lebanon,LBN,,,,,,,,,,,,,,,,,,,,,,,,,,,,,,,0.0,,,,,,,2.3,2.3,2.3,2.3,2.3,2.3,2.3,2.3,4.7,4.7,4.7,4.7,3.1,3.1,3.1,3.1,3.1,3.1,3.1,3.1
Liberia,LBR,,,,,,,,,,,,,,,,,,,,,,,,,,,,,,,,,,,,,,,,,7.8,7.8,7.8,7.8,5.3,12.5,12.5,12.5,12.5,12.5,12.5,9.6,11.0,11.0,11.0,11.0,11.0
Libya,LBY,,,,,,,,,,,,,,,,,,,,,,,,,,,,,,,,,,,,,,,,,,,,,,4.7,7.7,7.7,7.7,7.7,7.7,,16.5,16.5,16.0,16.0,16.0
St. Lucia,LCA,,,,,,,,,,,,,,,,,,,,,,,,,,,,,,,0.0,,,,,,,11.8,11.8,11.1,11.1,,11.1,11.1,11.1,11.1,0.0,11.1,11.1,11.1,11.1,16.7,16.7,16.7,16.7,16.7,16.7
Latin America & Caribbean,LCN,,,,,,,,,,,,,,,,,,,,,,,,,,,,,,,11.9073320846,,,,,,,13.1389613921,15.3476111571,14.3362643219,15.159598774,14.3325196637,16.0790101062,18.450255164,19.0129157563,20.2153081029,20.3485967858,21.1167704839,22.1718144872,22.7116245831,23.0228848485,23.038948626,24.4914873266,24.8102169526,27.5397527342,27.9083501514,28.7077086782
Least developed countries: UN classification,LDC,,,,,,,,,,,,,,,,,,,,,,,,,,,,,,,,,,,,,,8.43575819672,8.59013328397,8.23334022751,9.91629468694,,11.7377505351,12.3926218257,12.7571712235,15.6926421405,15.9166438168,17.0079857651,18.7703959859,19.4060058078,19.2638725682,20.8288506454,21.3984497945,21.604196885,21.1018345235,23.0443219933,22.7911103503
Low income,LIC,,,,,,,,,,,,,,,,,,,,,,,,,,,,,,,,,,,,,,11.3850611247,11.6923790914,11.061761658,12.5719178082,13.6616887492,15.0475179057,14.429804342,15.4780526109,17.880074061,17.9459307435,18.6515889465,20.1322446259,19.6153846154,19.6661821869,21.9404598061,22.5655535767,23.4543283582,22.8539767369,24.1921008911,23.9191480144
Liechtenstein,LIE,,,,,,,,,,,,,,,,,,,,,,,,,,,,,,,4.0,,,,,,,4.0,4.0,4.0,4.0,12.0,12.0,12.0,12.0,24.0,24.0,24.0,24.0,24.0,24.0,24.0,24.0,20.0,20.0,20.0,20.0
Sri Lanka,LKA,,,,,,,,,,,,,,,,,,,,,,,,,,,,,,,4.9,,,,,,,5.3,5.3,4.9,,,4.4,4.4,4.9,4.9,4.9,5.8,5.8,5.8,5.3,5.8,5.8,5.8,5.8,4.9,5.8
Lower middle income,LMC,,,,,,,,,,,,,,,,,,,,,,,,,,,,,,,10.2511196691,,,,,,,7.32832443427,7.78077638596,8.03204611752,8.13975099474,8.54912237022,9.7203912626,9.91396535232,10.5212808822,11.4930399073,11.8753549061,12.6994562853,13.176996565,14.4570025349,15.0777856278,14.8009570332,15.3246775668,16.4549887087,17.14567155,17.8071890063,18.1787548638
Low & middle income,LMY,,,,,,,,,,,,,,,,,,,,,,,,,,,,,,,12.9139198472,,,,,,,9.4248088273,11.6587635749,11.7733297934,12.0524801542,12.4224733585,13.6151116603,13.4709828133,14.3794343466,15.013153872,15.5041558442,16.3908709222,17.1347628139,17.7348947995,17.8902235736,18.5938276439,19.6743610363,20.5505292597,20.8907340899,21.5667621879,21.852016129
Lesotho,LSO,,,,,,,,,,,,,,,,,,,,,,,,,,,,,,,,,,,,,,4.6,3.8,3.8,3.8,3.8,,11.7,11.7,11.7,11.7,23.5,25.0,24.2,24.2,24.2,26.7,26.7,26.7,25.0,25.0
Late-demographic dividend,LTE,,,,,,,,,,,,,,,,,,,,,,,,,,,,,,,16.7647637258,,,,,,,,14.159804437,14.743206224,14.7611832769,15.1127021255,15.6910257686,15.066733594,15.7746300833,16.0267167382,16.0501070039,16.7430652791,17.0792887029,17.2146698337,17.2486263736,17.6592526523,18.2834745368,18.9057296996,19.1304020579,19.3618906519,19.9113519791
Lithuania,LTU,,,,,,,,,,,,,,,,,,,,,,,,,,,,,,,,,,,,,,17.5,17.5,17.5,10.6,10.6,10.6,10.6,22.0,22.0,24.8,22.7,17.7,19.1,19.1,19.1,24.5,24.1,24.1,23.4,21.3
Luxembourg,LUX,,,,,,,,,,,,,,,,,,,,,,,,,,,,,,,13.3,,,,,,,20.0,20.0,16.7,16.7,16.7,16.7,16.7,23.3,23.3,23.3,23.3,23.3,20.0,20.0,25.0,21.7,23.3,28.3,28.3,28.3
Latvia,LVA,,,,,,,,,,,,,,,,,,,,,,,,,,,,,,,,,,,,,,9.0,9.0,17.0,17.0,17.0,18.0,21.0,21.0,21.0,19.0,20.0,20.0,22.0,20.0,23.0,23.0,23.0,18.0,18.0,18.0
"Macao SAR, China",MAC,,,,,,,,,,,,,,,,,,,,,,,,,,,,,,,,,,,,,,,,,,,,,,,,,,,,,,,,,
St. Martin (French part),MAF,,,,,,,,,,,,,,,,,,,,,,,,,,,,,,,,,,,,,,,,,,,,,,,,,,,,,,,,,
Morocco,MAR,,,,,,,,,,,,,,,,,,,,,,,,,,,,,,,0.0,,,,,,,0.6,0.6,0.6,0.6,0.6,10.8,10.8,10.8,10.8,10.8,10.5,10.5,10.5,10.5,17.0,17.0,17.0,17.0,17.0,20.5
Monaco,MCO,,,,,,,,,,,,,,,,,,,,,,,,,,,,,,,11.1,,,,,,,5.6,22.2,22.2,22.2,22.2,22.2,20.8,20.8,20.8,20.8,20.8,25.0,26.1,26.1,19.0,19.0,20.8,20.8,20.8,20.8
Moldova,MDA,,,,,,,,,,,,,,,,,,,,,,,,,,,,,,,,,,,,,,4.8,,8.9,7.9,12.9,12.9,12.9,15.8,21.8,21.8,21.8,21.8,23.8,18.8,19.8,19.8,19.8,17.8,21.8,21.8
Madagascar,MDG,,,,,,,,,,,,,,,,,,,,,,,,,,,,,,,6.5,,,,,,,3.7,,8.0,8.0,8.0,,3.8,6.9,6.9,6.9,7.9,7.9,,12.5,12.5,17.5,17.5,20.5,20.5,20.5
Maldives,MDV,,,,,,,,,,,,,,,,,,,,,,,,,,,,,,,6.3,,,,,,,6.3,6.3,,6.0,6.0,6.0,6.0,6.0,12.0,12.0,12.0,12.0,6.5,6.5,6.5,6.5,6.5,5.9,5.9,5.9
Middle East & North Africa,MEA,,,,,,,,,,,,,,,,,,,,,,,,,,,,,,,3.80383747178,,,,,,,4.00353398058,3.61574294458,4.18125210367,4.19936560935,4.3292014701,5.89710193205,5.8714673913,6.60036255768,6.16987447699,8.06238845144,8.35554685461,8.30806577917,8.79245867769,10.4278446115,10.0586466165,13.1462991718,15.9354265403,16.0883051351,16.3882457703,17.0153100281
Mexico,MEX,,,,,,,,,,,,,,,,,,,,,,,,,,,,,,,12.0,,,,,,,14.2,17.4,18.2,16.0,16.0,16.0,22.6,22.6,24.2,22.6,23.2,23.2,27.6,26.2,26.2,36.8,36.8,37.4,42.4,42.4
Marshall Islands,MHL,,,,,,,,,,,,,,,,,,,,,,,,,,,,,,,,,,,,,,,,,3.0,3.0,3.0,3.0,3.0,3.0,3.0,3.0,3.0,3.0,3.0,3.0,3.0,3.0,3.0,9.1,9.1
Middle income,MIC,,,,,,,,,,,,,,,,,,,,,,,,,,,,,,,13.159547885,,,,,,,8.89581239531,11.6142232302,11.8934886183,12.0049955197,12.1843164104,13.3485621472,13.2942443555,14.1492622792,14.2855675422,14.8868928188,15.7947358535,16.3069466505,17.2272630997,17.4412130217,17.6359475032,18.8023556645,19.6639176682,20.3204830962,20.6978151495,21.1320830151
"Macedonia, FYR",MKD,,,,,,,,,,,,,,,,,,,,,,,,,,,,,,,,,,,,,,3.3,3.3,7.5,6.7,6.7,17.5,18.3,19.2,19.2,28.3,29.2,31.7,32.5,32.5,30.9,32.5,34.1,33.3,33.3,33.3
Mali,MLI,,,,,,,,,,,,,,,,,,,,,,,,,,,,,,,,,,,,,,12.2,12.2,12.2,12.2,12.2,10.2,10.2,10.2,10.2,10.2,10.2,10.2,10.2,10.2,10.2,10.2,10.2,9.5,8.8,8.8
Malta,MLT,,,,,,,,,,,,,,,,,,,,,,,,,,,,,,,2.9,,,,,,,5.8,5.8,9.2,9.2,9.2,9.2,7.7,9.2,9.2,9.2,9.2,8.7,8.7,8.7,8.7,8.7,14.3,14.3,12.9,12.9
Myanmar,MMR,,,,,,,,,,,,,,,,,,,,,,,,,,,,,,,,,,,,,,,,,,,,,,,,,,,4.3,3.5,6.0,6.0,5.6,12.7,9.9
Middle East & North Africa (excluding high income),MNA,,,,,,,,,,,,,,,,,,,,,,,,,,,,,,,3.74907369288,,,,,,,3.9237369338,3.50627347859,3.88679597165,3.873974122,3.98198298187,5.67887168142,6.00846030473,6.96853258697,6.40873965041,8.63830445545,8.85228960396,8.77397769517,9.09990822882,10.9838500148,10.515060241,14.1653480527,16.4158426561,16.7501085384,16.9021353601,17.558587383
Montenegro,MNE,,,,,,,,,,,,,,,,,,,,,,,,,,,,,,,,,,,,,,,,,,,,,,,8.6,11.1,11.1,11.1,11.1,12.3,17.3,16.0,17.3,17.3,23.5
Mongolia,MNG,,,,,,,,,,,,,,,,,,,,,,,,,,,,,,,24.9,,,,,,,7.9,7.9,7.9,10.5,10.5,10.5,10.5,6.8,6.7,6.6,6.6,4.2,3.9,3.9,3.9,14.9,14.9,14.9,14.5,17.1
Northern Mariana Islands,MNP,,,,,,,,,,,,,,,,,,,,,,,,,,,,,,,,,,,,,,,,,,,,,,,,,,,,,,,,,
Mozambique,MOZ,,,,,,,,,,,,,,,,,,,,,,,,,,,,,,,15.7,,,,,,,25.2,25.2,,30.0,30.0,30.0,30.0,34.8,34.8,34.8,34.8,34.8,39.2,39.2,39.2,39.2,39.2,,39.6,39.6
Mauritania,MRT,,,,,,,,,,,,,,,,,,,,,,,,,,,,,,,,,,,,,,1.3,3.8,3.8,3.8,,,3.7,3.7,,17.9,22.1,22.1,22.1,22.1,22.1,22.1,22.1,25.2,25.2,25.2
Mauritius,MUS,,,,,,,,,,,,,,,,,,,,,,,,,,,,,,,7.1,,,,,,,7.6,7.6,7.6,5.7,5.7,5.7,5.7,5.7,17.1,17.1,17.1,17.1,17.1,18.8,18.8,18.8,18.8,18.8,11.6,11.6
Malawi,MWI,,,,,,,,,,,,,,,,,,,,,,,,,,,,,,,9.8,,,,,,,5.6,5.6,8.3,9.3,9.3,9.3,9.3,14.0,13.6,13.6,13.0,13.0,20.8,20.8,22.3,22.3,22.3,16.7,16.7,16.7
Malaysia,MYS,,,,,,,,,,,,,,,,,,,,,,,,,,,,,,,5.1,,,,,,,7.8,7.8,,10.4,10.4,10.4,10.5,9.1,9.1,9.1,10.0,10.8,9.9,9.9,10.4,10.4,10.4,10.4,10.4,10.4
North America,NAC,,,,,,,,,,,,,,,,,,,,,,,,,,,,,,,9.28365122616,,,,,,,15.3398097826,15.3398097826,16.2854619565,,16.6991847826,16.5809782609,16.8764945652,17.4701211306,17.6457604307,18.165410498,18.6547297297,19.1141318977,18.997039031,18.997039031,20.114439946,20.7811320755,20.7341001353,21.6997304582,22.2896373057,22.2971428571
Namibia,NAM,,,,,,,,,,,,,,,,,,,,,,,,,,,,,,,6.9,,,,,,,22.2,22.2,22.2,25.0,25.0,25.0,26.4,25.0,26.9,26.9,26.9,26.9,26.9,24.4,24.4,24.4,24.4,,41.3,41.3
New Caledonia,NCL,,,,,,,,,,,,,,,,,,,,,,,,,,,,,,,,,,,,,,,,,,,,,,,,,,,,,,,,,
Niger,NER,,,,,,,,,,,,,,,,,,,,,,,,,,,,,,,5.4,,,,,,,1.2,1.2,,1.2,1.2,1.2,1.2,12.4,12.4,12.4,12.4,12.4,9.7,,13.3,13.3,13.3,13.3,13.3,14.6
Nigeria,NGA,,,,,,,,,,,,,,,,,,,,,,,,,,,,,,,,,,,,,,,,,3.4,3.4,3.4,4.9,4.7,6.4,6.1,7.0,7.0,7.0,7.0,6.8,6.7,6.7,6.7,5.6,5.6
Nicaragua,NIC,,,,,,,,,,,,,,,,,,,,,,,,,,,,,,,14.8,,,,,,,10.8,10.8,9.7,9.7,,20.7,20.7,20.7,20.7,15.2,18.5,18.5,20.7,20.7,40.2,40.2,40.2,42.4,41.3,41.3
Netherlands,NLD,,,,,,,,,,,,,,,,,,,,,,,,,,,,,,,21.3,,,,,,,31.3,36.0,36.0,36.0,36.0,34.0,36.7,36.7,36.7,36.7,39.3,41.3,42.0,40.7,40.7,38.7,38.7,38.7,37.3,37.3
Norway,NOR,,,,,,,,,,,,,,,,,,,,,,,,,,,,,,,35.8,,,,,,,36.4,36.4,36.4,36.4,35.8,36.4,36.4,38.2,37.9,37.9,36.1,36.1,39.6,39.6,39.6,39.6,39.6,39.6,39.6,39.6
Nepal,NPL,,,,,,,,,,,,,,,,,,,,,,,,,,,,,,,6.1,,,,,,,3.4,3.4,5.9,5.9,5.9,5.9,5.9,5.9,5.9,5.9,17.3,33.2,33.2,33.2,33.2,33.2,33.2,29.5,29.5,29.6
Nauru,NRU,,,,,,,,,,,,,,,,,,,,,,,,,,,,,,,5.6,,,,,,,,0.0,0.0,,0.0,0.0,,0.0,0.0,0.0,0.0,0.0,0.0,0.0,0.0,0.0,5.3,5.3,5.3,5.3
New Zealand,NZL,,,,,,,,,,,,,,,,,,,,,,,,,,,,,,,14.4,,,,,,,29.2,29.2,29.2,30.8,30.8,29.2,28.3,28.3,32.2,32.2,33.1,33.6,33.6,33.6,32.2,32.2,32.2,29.8,31.4,31.4
OECD members,OED,,,,,,,,,,,,,,,,,,,,,,,,,,,,,,,12.1140762813,,,,,,,16.0481594159,16.3018152317,17.3626421336,18.2681686693,17.9232707718,19.4088499501,19.6796815614,20.1169316043,20.7537264537,21.1683021568,22.3794806257,22.6110895339,23.3148575513,23.3212003675,24.1498060037,25.1815741119,26.2059885738,26.9079234689,28.0260423149,28.1923803592
Oman,OMN,,,,,,,,,,,,,,,,,,,,,,,,,,,,,,,,,,,,,,,,,,,,,2.4,2.4,2.4,0.0,0.0,0.0,0.0,1.2,1.2,1.2,1.2,1.2,1.2
Other small states,OSS,,,,,,,,,,,,,,,,,,,,,,,,,,,,,,,9.08609022556,,,,,,,8.92045293701,8.43621151272,9.73586261981,10.6399312715,10.9186941581,11.6929758308,13.3084590164,13.7471976401,14.6495585639,13.7136563877,14.8321249303,15.2742182891,15.2430482839,15.6033178114,16.0997674419,17.0955659277,17.0870816207,17.4289457648,18.6196449026,18.7921822272
Pakistan,PAK,,,,,,,,,,,,,,,,,,,,,,,,,,,,,,,10.1,,,,,,,2.3,2.3,,,,21.1,21.6,21.3,21.3,21.3,21.1,22.5,22.2,22.2,22.5,22.5,20.7,20.7,20.6,20.6
Panama,PAN,,,,,,,,,,,,,,,,,,,,,,,,,,,,,,,7.5,,,,,,,9.7,9.7,,9.9,9.9,9.9,9.9,16.7,16.7,16.7,16.7,16.7,8.5,8.5,8.5,8.5,8.5,19.3,18.3,18.3
Peru,PER,,,,,,,,,,,,,,,,,,,,,,,,,,,,,,,5.6,,,,,,,10.8,10.8,10.8,,17.5,17.5,17.5,18.3,18.3,29.2,29.2,29.2,27.5,27.5,21.5,21.5,21.5,22.3,22.3,27.7
Philippines,PHL,,,,,,,,,,,,,,,,,,,,,,,,,,,,,,,9.1,,,,,,,11.1,12.4,12.4,11.3,17.8,17.8,17.8,15.3,15.3,15.3,20.5,20.5,21.0,22.1,22.9,22.9,27.1,27.3,27.2,29.8
Palau,PLW,,,,,,,,,,,,,,,,,,,,,,,,,,,,,,,,,,,,,,0.0,0.0,0.0,0.0,0.0,0.0,0.0,0.0,0.0,0.0,0.0,0.0,0.0,0.0,0.0,0.0,0.0,0.0,0.0,0.0
Papua New Guinea,PNG,,,,,,,,,,,,,,,,,,,,,,,,,,,,,,,0.0,,,,,,,1.8,1.8,1.8,1.8,1.8,,0.9,0.9,0.9,0.9,0.9,0.9,0.9,0.9,0.9,2.7,2.7,2.7,2.7,2.7
Poland,POL,,,,,,,,,,,,,,,,,,,,,,,,,,,,,,,13.5,,,,,,,13.0,13.0,13.0,13.0,20.2,20.2,20.2,20.2,20.4,20.4,20.4,20.2,20.0,20.0,23.7,23.7,23.7,24.3,27.4,27.4
Pre-demographic dividend,PRE,,,,,,,,,,,,,,,,,,,,,,,,,,,,,,,,,,,,,,,,,10.0052878676,11.2895401823,12.5527707519,13.0963094988,13.6854868228,15.2873244092,16.0964885022,16.6776502045,17.2252196135,17.4248519788,17.1960394465,19.5363704819,20.1549098196,21.0365113296,20.8922083704,21.842412231,21.8331392199
Puerto Rico,PRI,,,,,,,,,,,,,,,,,,,,,,,,,,,,,,,,,,,,,,,,,,,,,,,,,,,,,,,,,
"Korea, Dem. Peopleâ€™s Rep.",PRK,,,,,,,,,,,,,,,,,,,,,,,,,,,,,,,21.1,,,,,,,20.1,20.1,20.1,20.1,20.1,20.1,,20.1,20.1,20.1,20.1,20.1,15.6,15.6,15.6,15.6,15.6,16.3,16.3,16.3
Portugal,PRT,,,,,,,,,,,,,,,,,,,,,,,,,,,,,,,7.6,,,,,,,13.0,13.0,18.7,17.4,18.7,19.1,19.1,19.1,21.3,21.3,28.3,28.3,27.4,27.4,28.7,28.7,28.7,31.3,34.8,34.8
Paraguay,PRY,,,,,,,,,,,,,,,,,,,,,,,,,,,,,,,5.6,,,,,,,2.5,,2.5,2.5,2.5,2.5,8.8,10.0,10.0,10.0,10.0,12.5,12.5,12.5,12.5,12.5,17.5,15.0,15.0,15.0
West Bank and Gaza,PSE,,,,,,,,,,,,,,,,,,,,,,,,,,,,,,,,,,,,,,,,,,,,,,,,,,,,,,,,,
Pacific island small states,PSS,,,,,,,,,,,,,,,,,,,,,,,,,,,,,,,,,,,,,,2.59267241379,2.09024390244,4.66770186335,,2.94542772861,3.1898255814,2.72249240122,3.59128205128,3.85398457584,,,,,,,,,4.86297297297,5.6772972973,5.93126684636
Post-demographic dividend,PST,,,,,,,,,,,,,,,,,,,,,,,,,,,,,,,14.4566054809,,,,,,,16.8846775933,17.9427569036,18.2356191524,19.4172034099,18.9547117822,20.1270083102,20.7312663185,21.6769900904,22.0474121406,22.7879203917,23.660712387,24.3230646703,24.7404582582,24.8631216202,25.3152044293,25.9402341671,27.3390585242,28.1320104099,28.5787059078,28.5858147587
French Polynesia,PYF,,,,,,,,,,,,,,,,,,,,,,,,,,,,,,,,,,,,,,,,,,,,,,,,,,,,,,,,,
Qatar,QAT,,,,,,,,,,,,,,,,,,,,,,,,,,,,,,,,,,,,,,,,,,,,,,,0.0,0.0,0.0,0.0,0.0,0.0,0.0,0.0,0.0,0.0,0.0
Romania,ROU,,,,,,,,,,,,,,,,,,,,,,,,,,,,,,,34.4,,,,,,,7.3,7.3,7.3,,10.7,10.7,10.7,11.4,11.2,11.2,9.4,11.4,11.4,11.4,11.2,13.3,13.3,13.5,13.7,13.7
Russian Federation,RUS,,,,,,,,,,,,,,,,,,,,,,,,,,,,,,,15.6,,,,,,,10.2,10.2,,7.7,7.6,7.6,7.6,9.8,9.8,9.8,14.0,14.0,14.0,14.0,13.6,13.6,13.6,13.6,13.6,12.7
Rwanda,RWA,,,,,,,,,,,,,,,,,,,,,,,,,,,,,,,17.1,,,,,,,17.1,17.1,17.1,25.7,25.7,25.7,48.8,48.8,48.8,48.8,48.8,56.3,56.3,56.3,56.3,56.3,63.8,63.8,63.8,63.8
South Asia,SAS,,,,,,,,,,,,,,,,,,,,,,,,,,,,,,,6.33653741125,,,,,,,5.76627906977,6.04906868452,7.00549828179,8.44683346364,8.10432489451,9.08490358127,9.1791184573,9.02611324904,13.2774774775,12.8561137441,14.2865353912,18.4624732563,20.0573019802,20.051980198,20.3409221902,20.3409221902,20.0417012448,19.2310715763,19.3155455291,19.4064502876
Saudi Arabia,SAU,,,,,,,,,,,,,,,,,,,,,,,,,,,,,,,,,,,,,,,,,,,,0.0,0.0,0.0,0.0,0.0,0.0,0.0,0.0,0.0,0.0,19.9,19.9,19.9,19.9
Sudan,SDN,,,,,,,,,,,,,,,,,,,,,,,,,,,,,,,,,,,,,,5.3,5.3,,,9.7,9.7,9.7,9.7,14.7,17.8,18.1,18.1,18.9,25.6,24.6,24.6,24.6,24.3,30.5,30.5
Senegal,SEN,,,,,,,,,,,,,,,,,,,,,,,,,,,,,,,12.5,,,,,,,11.7,12.1,12.1,12.1,16.7,19.2,19.2,19.2,19.2,19.2,22.0,22.0,22.7,22.7,22.7,42.7,42.7,43.3,42.7,42.7
Singapore,SGP,,,,,,,,,,,,,,,,,,,,,,,,,,,,,,,4.9,,,,,,,4.8,4.8,4.3,4.3,11.8,11.8,16.0,16.0,16.0,21.2,24.5,24.5,23.4,23.4,22.2,24.2,24.2,25.3,23.9,23.8
Solomon Islands,SLB,,,,,,,,,,,,,,,,,,,,,,,,,,,,,,,0.0,,,,,,,,2.0,2.0,2.0,,0.0,0.0,0.0,0.0,0.0,0.0,0.0,0.0,0.0,0.0,2.0,2.0,2.0,2.0,2.0
Sierra Leone,SLE,,,,,,,,,,,,,,,,,,,,,,,,,,,,,,,,,,,,,,,,8.8,8.8,8.8,,14.5,14.5,14.5,14.5,13.2,13.2,13.2,13.2,12.9,12.4,12.4,12.1,12.4,12.4
El Salvador,SLV,,,,,,,,,,,,,,,,,,,,,,,,,,,,,,,11.7,,,,,,,15.5,16.7,16.7,9.5,9.5,9.5,10.7,10.7,10.7,16.7,16.7,16.7,19.0,19.0,19.0,26.2,26.2,27.4,32.1,32.1
San Marino,SMR,,,,,,,,,,,,,,,,,,,,,,,,,,,,,,,11.7,,,,,,,11.7,13.3,13.3,13.3,16.7,16.7,16.7,16.7,16.7,11.7,11.7,15.0,16.7,16.7,18.3,16.7,18.3,18.3,16.7,16.7
Somalia,SOM,,,,,,,,,,,,,,,,,,,,,,,,,,,,,,,4.0,,,,,,,,,,,,,,,8.0,7.8,8.2,8.2,6.9,6.8,6.8,13.8,13.8,13.8,13.8,13.8
Serbia,SRB,,,,,,,,,,,,,,,,,,,,,,,,,,,,,,,,,,,,,,,,,,,,,,,12.0,20.4,21.6,21.6,21.6,22.0,33.2,33.2,34.0,34.0,34.0
Sub-Saharan Africa (excluding high income),SSA,,,,,,,,,,,,,,,,,,,,,,,,,,,,,,,,,,,,,,10.1071961158,10.8519041142,,11.5090581018,12.2262867647,13.3732499155,13.6385951775,14.6714210734,16.1812701275,16.5852615502,17.2816574869,17.7777963702,18.4469830851,18.7245295179,20.4542945163,21.2951367781,22.1711390636,22.0223396501,23.5664742554,23.5048557746
South Sudan,SSD,,,,,,,,,,,,,,,,,,,,,,,,,,,,,,,,,,,,,,,,,,,,,,,,,,,,26.5,26.5,26.5,26.5,26.5,28.5
Sub-Saharan Africa,SSF,,,,,,,,,,,,,,,,,,,,,,,,,,,,,,,,,,,,,,10.2050172414,10.9245943205,,11.5821736011,12.2846997867,13.4648621385,13.7184473253,14.7368386675,16.2389124022,16.6404764922,17.3086213493,17.8027297193,18.4685771745,18.7453670431,20.5459923898,21.382354366,22.2514504525,22.1066674734,23.6409477801,23.4964158899
Small states,SST,,,,,,,,,,,,,,,,,,,,,,,,,,,,,,,8.63137948459,,,,,,,8.66917330677,8.15556079171,9.54479431183,9.88951965066,10.3351190476,10.998998999,12.2818539571,12.8743345252,13.5284920635,12.9956809339,13.9114542611,14.0648824006,14.0307599517,13.8950865888,14.3802732021,15.1227822581,15.3046558704,15.4855338223,16.9444574551,17.2318304432
Sao Tome and Principe,STP,,,,,,,,,,,,,,,,,,,,,,,,,,,,,,,11.8,,,,,,,7.3,7.3,9.1,9.1,9.1,,9.1,9.1,9.1,7.3,1.8,7.3,7.3,18.2,18.2,18.2,18.2,18.2,18.2,18.2
Suriname,SUR,,,,,,,,,,,,,,,,,,,,,,,,,,,,,,,7.8,,,,,,,15.7,15.7,15.7,,17.6,17.6,17.6,19.6,25.5,25.5,25.5,25.5,25.5,9.8,11.8,11.8,11.8,11.8,25.5,25.5
Slovak Republic,SVK,,,,,,,,,,,,,,,,,,,,,,,,,,,,,,,,,,,,,,14.7,14.7,12.7,14.0,14.0,17.3,19.3,16.7,16.7,20.0,19.3,19.3,18.0,15.3,16.0,18.7,18.7,18.7,18.7,20.0
Slovenia,SVN,,,,,,,,,,,,,,,,,,,,,,,,,,,,,,,,,,,,,,7.8,7.8,7.8,,12.2,12.2,12.2,12.2,12.2,12.2,12.2,13.3,14.4,14.4,32.2,32.2,32.2,35.6,36.7,36.7
Sweden,SWE,,,,,,,,,,,,,,,,,,,,,,,,,,,,,,,38.4,,,,,,,40.4,40.4,42.7,42.7,42.7,45.0,45.3,45.3,45.3,47.3,47.0,47.0,46.4,45.0,44.7,44.7,44.7,44.7,43.6,43.6
Swaziland,SWZ,,,,,,,,,,,,,,,,,,,,,,,,,,,,,,,3.6,,,,,,,3.1,3.1,3.1,3.1,3.1,3.1,10.8,10.8,10.8,10.8,10.8,13.8,13.6,13.6,13.6,13.6,6.2,6.2,6.2,6.2
Sint Maarten (Dutch part),SXM,,,,,,,,,,,,,,,,,,,,,,,,,,,,,,,,,,,,,,,,,,,,,,,,,,,,,,,,,
Seychelles,SYC,,,,,,,,,,,,,,,,,,,,,,,,,,,,,,,16.0,,,,,,,27.3,23.5,23.5,23.5,23.5,29.4,29.4,29.4,29.4,29.4,23.5,23.5,23.5,23.5,43.8,43.8,43.8,43.8,43.8,21.2
Syrian Arab Republic,SYR,,,,,,,,,,,,,,,,,,,,,,,,,,,,,,,9.2,,,,,,,9.6,9.6,10.4,10.4,10.4,10.4,12.0,12.0,12.0,12.0,12.0,12.4,12.4,12.4,12.4,12.0,12.0,12.0,12.4,13.2
Turks and Caicos Islands,TCA,,,,,,,,,,,,,,,,,,,,,,,,,,,,,,,,,,,,,,,,,,,,,,,,,,,,,,,,,
Chad,TCD,,,,,,,,,,,,,,,,,,,,,,,,,,,,,,,,,,,,,,2.4,2.4,2.4,2.4,2.4,,5.8,6.5,6.5,6.5,5.2,5.2,5.2,5.2,12.8,14.9,14.9,14.9,14.9,14.9
East Asia & Pacific (IDA & IBRD countries),TEA,,,,,,,,,,,,,,,,,,,,,,,,,,,,,,,16.7526373029,,,,,,,,17.1546846182,18.2363331236,16.9322949309,17.2148048693,17.7540072202,16.7943376442,16.7327275844,16.886893617,17.268707238,17.6628998609,17.964083045,18.786483233,18.0844176968,18.0713601533,18.4188095238,19.6223594616,19.2796265697,20.0517817936,20.1601124525
Europe & Central Asia (IDA & IBRD countries),TEC,,,,,,,,,,,,,,,,,,,,,,,,,,,,,,,,,,,,,,7.18260978044,7.6950492183,,8.61949345475,10.7624183797,12.8290979631,10.6385040161,12.4160890463,12.3429782988,12.7949838932,14.8126279863,15.1027908068,15.8200408534,15.8783735075,16.8862939585,18.2262983425,18.4308423613,18.8653093013,18.8874832962,19.3543021915
Togo,TGO,,,,,,,,,,,,,,,,,,,,,,,,,,,,,,,5.2,,,,,,,1.2,1.2,,4.9,4.9,4.9,7.4,6.2,7.4,8.6,11.1,11.1,11.1,11.1,11.1,11.1,15.4,17.6,17.6,17.6
Thailand,THA,,,,,,,,,,,,,,,,,,,,,,,,,,,,,,,2.8,,,,,,,5.6,5.6,5.6,4.8,9.2,9.2,9.2,8.8,10.6,8.7,11.7,11.7,13.3,13.3,15.8,15.8,15.8,6.1,6.1,6.1
Tajikistan,TJK,,,,,,,,,,,,,,,,,,,,,,,,,,,,,,,,,,,,,,2.8,2.8,2.8,15.0,12.7,12.7,12.7,12.7,17.5,17.5,17.5,17.5,17.5,19.0,19.0,19.0,19.0,16.9,19.0,19.0
Turkmenistan,TKM,,,,,,,,,,,,,,,,,,,,,,,,,,,,,,,26.0,,,,,,,18.0,18.0,,26.0,26.0,26.0,26.0,,16.0,16.0,16.0,,16.8,16.8,16.8,16.8,16.8,26.4,25.8,25.8
Latin America & the Caribbean (IDA & IBRD countries),TLA,,,,,,,,,,,,,,,,,,,,,,,,,,,,,,,8.53947953031,,,,,,,11.253326713,12.9019308943,11.7758754864,12.6440410959,11.7153081511,13.9819504644,15.3666472643,16.0439534884,17.4860586698,17.682034384,18.6943903835,18.7020297313,19.361912895,19.6640697674,19.5948412698,21.2966553288,20.5293239951,24.0790697674,24.2689707674,25.4932375317
Timor-Leste,TLS,,,,,,,,,,,,,,,,,,,,,,,,,,,,,,,,,,,,,,,,,,,,26.1,25.3,25.3,25.3,29.2,29.2,29.2,29.2,32.3,38.5,38.5,38.5,38.5,38.5
Middle East & North Africa (IDA & IBRD countries),TMN,,,,,,,,,,,,,,,,,,,,,,,,,,,,,,,3.74907369288,,,,,,,3.9237369338,3.50627347859,3.88679597165,3.873974122,3.98198298187,5.67887168142,6.00846030473,6.96853258697,6.40873965041,8.63830445545,8.85228960396,8.77397769517,9.09990822882,10.9838500148,10.515060241,14.1653480527,16.4158426561,16.7501085384,16.9021353601,17.558587383
Tonga,TON,,,,,,,,,,,,,,,,,,,,,,,,,,,,,,,0.0,,,,,,,0.0,0.0,,0.0,0.0,,0.0,0.0,3.4,3.3,3.3,3.1,3.1,0.0,3.6,3.6,3.6,0.0,0.0,0.0
South Asia (IDA & IBRD),TSA,,,,,,,,,,,,,,,,,,,,,,,,,,,,,,,6.33653741125,,,,,,,5.76627906977,6.04906868452,7.00549828179,8.44683346364,8.10432489451,9.08490358127,9.1791184573,9.02611324904,13.2774774775,12.8561137441,14.2865353912,18.4624732563,20.0573019802,20.051980198,20.3409221902,20.3409221902,20.0417012448,19.2310715763,19.3155455291,19.4064502876
Sub-Saharan Africa (IDA & IBRD countries),TSS,,,,,,,,,,,,,,,,,,,,,,,,,,,,,,,,,,,,,,10.2050172414,10.9245943205,,11.5821736011,12.2846997867,13.4648621385,13.7184473253,14.7368386675,16.2389124022,16.6404764922,17.3086213493,17.8027297193,18.4685771745,18.7453670431,20.5459923898,21.382354366,22.2514504525,22.1066674734,23.6409477801,23.4964158899
Trinidad and Tobago,TTO,,,,,,,,,,,,,,,,,,,,,,,,,,,,,,,16.7,,,,,,,11.1,11.1,11.1,,11.1,19.4,19.4,19.4,19.4,19.4,26.8,26.8,26.8,28.6,28.6,28.6,28.6,28.6,31.0,31.0
Tunisia,TUN,,,,,,,,,,,,,,,,,,,,,,,,,,,,,,,4.3,,,,,,,6.7,7.4,11.5,11.5,11.5,11.5,11.5,22.8,22.8,22.8,22.8,22.8,27.6,27.6,26.7,26.7,26.7,31.3,31.3,31.3
Turkey,TUR,,,,,,,,,,,,,,,,,,,,,,,,,,,,,,,1.3,,,,,,,2.4,2.4,4.2,4.2,4.2,,4.4,4.4,4.4,4.4,9.1,9.1,9.1,9.1,14.2,14.2,14.4,14.4,14.9,14.9
Tuvalu,TUV,,,,,,,,,,,,,,,,,,,,,,,,,,,,,,,7.7,,,,,,,8.3,,0.0,0.0,0.0,,0.0,0.0,0.0,0.0,0.0,0.0,0.0,0.0,6.7,6.7,6.7,6.7,6.7,6.7
Tanzania,TZA,,,,,,,,,,,,,,,,,,,,,,,,,,,,,,,,,,,,,,17.5,17.5,16.4,,22.3,22.3,21.4,21.4,30.4,30.4,30.4,30.4,30.7,,36.0,36.0,36.0,36.0,36.0,36.6
Uganda,UGA,,,,,,,,,,,,,,,,,,,,,,,,,,,,,,,12.2,,,,,,,18.1,18.1,17.9,17.8,24.7,24.7,24.7,23.9,23.9,29.8,30.7,30.7,31.5,31.3,35.0,35.0,35.0,35.0,35.0,33.5
Ukraine,UKR,,,,,,,,,,,,,,,,,,,,,,,,,,,,,,,,,,,,,,3.8,,7.8,7.8,7.8,,5.3,5.3,5.3,8.7,8.2,8.2,8.0,8.0,8.0,9.4,9.4,11.7,12.1,12.0
Upper middle income,UMC,,,,,,,,,,,,,,,,,,,,,,,,,,,,,,,14.8762502105,,,,,,,,14.5703328233,14.7294939808,14.9969597615,14.8499041534,16.2424851618,16.2304560561,17.2115993914,16.528706758,17.3213315332,18.1473427556,18.7187427626,19.3683918367,19.344866271,20.0383965532,21.6127533853,22.2744718163,22.9265999495,23.1038326931,23.6661130123
Uruguay,URY,,,,,,,,,,,,,,,,,,,,,,,,,,,,,,,6.1,,,,,,,7.1,7.1,12.1,12.1,12.1,12.1,12.1,12.1,11.1,11.1,12.1,12.1,14.1,15.2,12.1,12.1,12.1,16.2,16.2,16.2
United States,USA,,,,,,,,,,,,,,,,,,,,,,,,,,,,,,,6.6,,,,,,,11.7,11.7,13.3,,14.0,13.8,14.3,14.9,15.2,16.3,16.8,17.0,16.8,16.8,16.8,18.0,17.9,19.3,19.4,19.4
Uzbekistan,UZB,,,,,,,,,,,,,,,,,,,,,,,,,,,,,,,,,,,,,,6.0,6.0,,7.2,7.2,7.2,7.2,17.5,17.5,17.5,17.5,17.5,22.0,22.0,22.0,22.0,22.0,22.0,16.0,16.0
St. Vincent and the Grenadines,VCT,,,,,,,,,,,,,,,,,,,,,,,,,,,,,,,9.5,,,,,,,9.5,,4.8,4.8,,22.7,22.7,22.7,18.2,18.2,18.2,18.2,21.7,14.3,17.4,17.4,13.0,13.0,13.0,13.0
"Venezuela, RB",VEN,,,,,,,,,,,,,,,,,,,,,,,,,,,,,,,10.0,,,,,,,5.9,5.9,12.1,,9.7,9.7,9.7,9.7,17.4,18.0,18.6,18.6,17.5,17.0,17.0,17.0,17.0,17.0,17.0,14.4
British Virgin Islands,VGB,,,,,,,,,,,,,,,,,,,,,,,,,,,,,,,,,,,,,,,,,,,,,,,,,,,,,,,,,
Virgin Islands (U.S.),VIR,,,,,,,,,,,,,,,,,,,,,,,,,,,,,,,,,,,,,,,,,,,,,,,,,,,,,,,,,
Vietnam,VNM,,,,,,,,,,,,,,,,,,,,,,,,,,,,,,,17.7,,,,,,,26.2,26.2,26.0,26.0,26.0,27.3,27.3,27.3,27.3,27.3,25.8,25.8,25.8,25.8,24.4,24.4,24.4,24.3,24.3,26.7
Vanuatu,VUT,,,,,,,,,,,,,,,,,,,,,,,,,,,,,,,4.3,,,,,,,,,0.0,0.0,0.0,1.9,1.9,3.8,3.8,3.8,3.8,3.8,3.8,3.8,1.9,0.0,0.0,0.0,0.0,0.0
World,WLD,,,,,,,,,,,,,,,,,,,,,,,,,,,,,,,12.7333078279,,,,,,,11.6916484492,13.0672780222,13.5183124588,13.9051783622,14.0863857077,15.1640703674,15.1757387847,15.8974391624,16.481822127,16.9776763284,17.8701828791,18.4456543858,19.0284570039,19.1596428571,19.8291592503,20.7571878713,21.7657243356,22.1844380937,22.8521658792,23.0203347688
Samoa,WSM,,,,,,,,,,,,,,,,,,,,,,,,,,,,,,,0.0,,,,,,,4.1,4.1,8.2,8.2,6.1,6.1,6.1,6.1,6.1,6.1,8.2,8.2,8.2,8.2,4.1,4.1,4.1,6.1,6.1,10.0
Kosovo,XKX,,,,,,,,,,,,,,,,,,,,,,,,,,,,,,,,,,,,,,,,,,,,,,,,,,,,,,,,,
"Yemen, Rep.",YEM,,,,,,,,,,,,,,,,,,,,,,,,,,,,,,,4.1,,,,,,,,0.7,0.7,0.7,0.7,0.7,0.3,0.3,0.3,0.3,0.3,0.3,0.3,0.3,0.3,0.3,0.3,0.3,0.0,0.0
South Africa,ZAF,,,,,,,,,,,,,,,,,,,,,,,,,,,,,,,2.8,,,,,,,25.0,28.8,30.0,29.8,29.8,29.8,29.8,32.8,32.8,32.8,33.0,33.0,44.5,44.5,42.3,42.3,42.3,41.5,42.0,41.8
Zambia,ZMB,,,,,,,,,,,,,,,,,,,,,,,,,,,,,,,6.6,,,,,,,9.7,10.3,10.1,10.1,10.1,12.0,12.0,12.0,12.7,14.6,15.2,15.2,14.0,14.0,11.5,11.5,11.5,10.8,12.7,18.0
Zimbabwe,ZWE,,,,,,,,,,,,,,,,,,,,,,,,,,,,,,,11.0,,,,,,,14.7,14.7,14.0,9.3,10.0,10.0,10.0,10.0,16.0,16.7,16.0,15.2,15.0,15.0,15.0,15.0,31.5,31.5,31.5,31.5
